  [1m[35m (5.8ms)[0m  [1m[35mCREATE TABLE "schema_migrations" ("version" character varying NOT NULL PRIMARY KEY)[0m
  [1m[35m (2.9ms)[0m  [1m[35mCREATE TABLE "ar_internal_metadata" ("key" character varying NOT NULL PRIMARY KEY, "value" character varying, "created_at" timestamp(6) NOT NULL, "updated_at" timestamp(6) NOT NULL)[0m
  [1m[35m (0.1ms)[0m  [1m[34mSELECT pg_try_advisory_lock(5218762136757475110)[0m
  [1m[36mActiveRecord::SchemaMigration Load (0.6ms)[0m  [1m[34mSELECT "schema_migrations"."version" FROM "schema_migrations" ORDER BY "schema_migrations"."version" ASC[0m
  [1m[36mActiveRecord::InternalMetadata Load (0.7ms)[0m  [1m[34mSELECT * FROM "ar_internal_metadata" WHERE "ar_internal_metadata"."key" = $1 ORDER BY "ar_internal_metadata"."key" ASC LIMIT 1[0m  [[nil, "environment"]]
  [1m[36mActiveRecord::InternalMetadata Create (0.6ms)[0m  [1m[32mINSERT INTO "ar_internal_metadata" ("key", "value", "created_at", "updated_at") VALUES ('environment', 'development', '2025-10-30 12:59:39.403840', '2025-10-30 12:59:39.403844') RETURNING "key"[0m
Migrating to EnablePgcrypto (20251030000000)
  [1m[36mTRANSACTION (0.1ms)[0m  [1m[35mBEGIN[0m
  [1m[35mSQL (2.8ms)[0m  [1m[35mCREATE EXTENSION IF NOT EXISTS "pgcrypto"[0m
  [1m[36mActiveRecord::SchemaMigration Create (0.2ms)[0m  [1m[32mINSERT INTO "schema_migrations" ("version") VALUES ('20251030000000') RETURNING "version"[0m
  [1m[36mTRANSACTION (1.4ms)[0m  [1m[35mCOMMIT[0m
Migrating to CreatePayments (20251030000001)
  [1m[36mTRANSACTION (0.2ms)[0m  [1m[35mBEGIN[0m
  [1m[35m (3.4ms)[0m  [1m[35mCREATE TABLE "payments" ("id" uuid DEFAULT gen_random_uuid() NOT NULL PRIMARY KEY, "amount_cents" integer NOT NULL, "currency" character varying DEFAULT 'USD' NOT NULL, "email" character varying NOT NULL, "name" character varying NOT NULL, "status" integer DEFAULT 0 NOT NULL, "idempotency_key" character varying NOT NULL, "metadata" jsonb DEFAULT '{}' NOT NULL, "created_at" timestamp(6) NOT NULL, "updated_at" timestamp(6) NOT NULL)[0m
  [1m[35m (1.0ms)[0m  [1m[35mCREATE UNIQUE INDEX "index_payments_on_idempotency_key" ON "payments" ("idempotency_key")[0m
  [1m[35m (1.9ms)[0m  [1m[35mCREATE INDEX "index_payments_on_status" ON "payments" ("status")[0m
  [1m[35m (1.3ms)[0m  [1m[35mCREATE INDEX "index_payments_on_created_at" ON "payments" ("created_at")[0m
  [1m[36mActiveRecord::SchemaMigration Create (0.2ms)[0m  [1m[32mINSERT INTO "schema_migrations" ("version") VALUES ('20251030000001') RETURNING "version"[0m
  [1m[36mTRANSACTION (0.4ms)[0m  [1m[35mCOMMIT[0m
  [1m[35m (0.2ms)[0m  [1m[34mSELECT pg_advisory_unlock(5218762136757475110)[0m
  [1m[36mActiveRecord::SchemaMigration Load (0.1ms)[0m  [1m[34mSELECT "schema_migrations"."version" FROM "schema_migrations" ORDER BY "schema_migrations"."version" ASC[0m
  [1m[36mTRANSACTION (0.1ms)[0m  [1m[35mBEGIN[0m
  [1m[36mPayment Exists? (1.0ms)[0m  [1m[34mSELECT 1 AS one FROM "payments" WHERE "payments"."idempotency_key" = $1 LIMIT $2[0m  [["idempotency_key", "65328aa8-2833-4d0f-9f59-e62de5b67476"], ["LIMIT", 1]]
  [1m[36mPayment Create (0.3ms)[0m  [1m[32mINSERT INTO "payments" ("amount_cents", "currency", "email", "name", "status", "idempotency_key", "metadata", "created_at", "updated_at") VALUES ($1, $2, $3, $4, $5, $6, $7, $8, $9) RETURNING "id"[0m  [["amount_cents", 500], ["currency", "USD"], ["email", "demo0@example.com"], ["name", "Donor 0"], ["status", 2], ["idempotency_key", "65328aa8-2833-4d0f-9f59-e62de5b67476"], ["metadata", "{}"], ["created_at", "2025-10-30 12:59:39.466847"], ["updated_at", "2025-10-30 12:59:39.466847"]]
  [1m[36mTRANSACTION (0.4ms)[0m  [1m[35mCOMMIT[0m
  [1m[36mTRANSACTION (0.1ms)[0m  [1m[35mBEGIN[0m
  [1m[36mPayment Exists? (0.7ms)[0m  [1m[34mSELECT 1 AS one FROM "payments" WHERE "payments"."idempotency_key" = $1 LIMIT $2[0m  [["idempotency_key", "2cebd49f-139e-42a0-bbb0-17a1eeaa7831"], ["LIMIT", 1]]
  [1m[36mPayment Create (0.2ms)[0m  [1m[32mINSERT INTO "payments" ("amount_cents", "currency", "email", "name", "status", "idempotency_key", "metadata", "created_at", "updated_at") VALUES ($1, $2, $3, $4, $5, $6, $7, $8, $9) RETURNING "id"[0m  [["amount_cents", 1000], ["currency", "USD"], ["email", "demo1@example.com"], ["name", "Donor 1"], ["status", 2], ["idempotency_key", "2cebd49f-139e-42a0-bbb0-17a1eeaa7831"], ["metadata", "{}"], ["created_at", "2025-10-30 12:59:39.470299"], ["updated_at", "2025-10-30 12:59:39.470299"]]
  [1m[36mTRANSACTION (0.3ms)[0m  [1m[35mCOMMIT[0m
  [1m[36mTRANSACTION (0.1ms)[0m  [1m[35mBEGIN[0m
  [1m[36mPayment Exists? (0.6ms)[0m  [1m[34mSELECT 1 AS one FROM "payments" WHERE "payments"."idempotency_key" = $1 LIMIT $2[0m  [["idempotency_key", "dd9cf573-97e5-4832-adcb-bd9d8bdc7bee"], ["LIMIT", 1]]
  [1m[36mPayment Create (0.1ms)[0m  [1m[32mINSERT INTO "payments" ("amount_cents", "currency", "email", "name", "status", "idempotency_key", "metadata", "created_at", "updated_at") VALUES ($1, $2, $3, $4, $5, $6, $7, $8, $9) RETURNING "id"[0m  [["amount_cents", 1500], ["currency", "USD"], ["email", "demo2@example.com"], ["name", "Donor 2"], ["status", 2], ["idempotency_key", "dd9cf573-97e5-4832-adcb-bd9d8bdc7bee"], ["metadata", "{}"], ["created_at", "2025-10-30 12:59:39.472970"], ["updated_at", "2025-10-30 12:59:39.472970"]]
  [1m[36mTRANSACTION (0.2ms)[0m  [1m[35mCOMMIT[0m
  [1m[36mTRANSACTION (0.0ms)[0m  [1m[35mBEGIN[0m
  [1m[36mPayment Exists? (0.6ms)[0m  [1m[34mSELECT 1 AS one FROM "payments" WHERE "payments"."idempotency_key" = $1 LIMIT $2[0m  [["idempotency_key", "fdb6005f-2b45-415d-92b6-4c6b10cc9e1a"], ["LIMIT", 1]]
  [1m[36mPayment Create (0.2ms)[0m  [1m[32mINSERT INTO "payments" ("amount_cents", "currency", "email", "name", "status", "idempotency_key", "metadata", "created_at", "updated_at") VALUES ($1, $2, $3, $4, $5, $6, $7, $8, $9) RETURNING "id"[0m  [["amount_cents", 2000], ["currency", "USD"], ["email", "demo3@example.com"], ["name", "Donor 3"], ["status", 2], ["idempotency_key", "fdb6005f-2b45-415d-92b6-4c6b10cc9e1a"], ["metadata", "{}"], ["created_at", "2025-10-30 12:59:39.475337"], ["updated_at", "2025-10-30 12:59:39.475337"]]
  [1m[36mTRANSACTION (0.2ms)[0m  [1m[35mCOMMIT[0m
  [1m[35m (0.2ms)[0m  [1m[34mSELECT pg_try_advisory_lock(5218762136757475110)[0m
  [1m[36mActiveRecord::SchemaMigration Load (1.2ms)[0m  [1m[34mSELECT "schema_migrations"."version" FROM "schema_migrations" ORDER BY "schema_migrations"."version" ASC[0m
  [1m[36mActiveRecord::InternalMetadata Load (0.9ms)[0m  [1m[34mSELECT * FROM "ar_internal_metadata" WHERE "ar_internal_metadata"."key" = $1 ORDER BY "ar_internal_metadata"."key" ASC LIMIT 1[0m  [[nil, "environment"]]
  [1m[35m (0.2ms)[0m  [1m[34mSELECT pg_advisory_unlock(5218762136757475110)[0m
  [1m[36mActiveRecord::SchemaMigration Load (0.1ms)[0m  [1m[34mSELECT "schema_migrations"."version" FROM "schema_migrations" ORDER BY "schema_migrations"."version" ASC[0m
  [1m[35m (0.1ms)[0m  [1m[34mSELECT pg_try_advisory_lock(5218762136757475110)[0m
  [1m[35m (0.2ms)[0m  [1m[34mSELECT pg_try_advisory_lock(5218762136757475110)[0m
  [1m[36mActiveRecord::SchemaMigration Load (1.1ms)[0m  [1m[34mSELECT "schema_migrations"."version" FROM "schema_migrations" ORDER BY "schema_migrations"."version" ASC[0m
  [1m[36mActiveRecord::InternalMetadata Load (0.9ms)[0m  [1m[34mSELECT * FROM "ar_internal_metadata" WHERE "ar_internal_metadata"."key" = $1 ORDER BY "ar_internal_metadata"."key" ASC LIMIT 1[0m  [[nil, "environment"]]
  [1m[35m (0.2ms)[0m  [1m[34mSELECT pg_advisory_unlock(5218762136757475110)[0m
  [1m[36mActiveRecord::SchemaMigration Load (0.2ms)[0m  [1m[34mSELECT "schema_migrations"."version" FROM "schema_migrations" ORDER BY "schema_migrations"."version" ASC[0m
  [1m[35m (0.1ms)[0m  [1m[34mSELECT pg_try_advisory_lock(5218762136757475110)[0m
  [1m[36mActiveRecord::SchemaMigration Load (0.7ms)[0m  [1m[34mSELECT "schema_migrations"."version" FROM "schema_migrations" ORDER BY "schema_migrations"."version" ASC[0m
  [1m[36mActiveRecord::InternalMetadata Load (0.6ms)[0m  [1m[34mSELECT * FROM "ar_internal_metadata" WHERE "ar_internal_metadata"."key" = $1 ORDER BY "ar_internal_metadata"."key" ASC LIMIT 1[0m  [[nil, "environment"]]
  [1m[35m (0.2ms)[0m  [1m[34mSELECT pg_advisory_unlock(5218762136757475110)[0m
  [1m[36mActiveRecord::SchemaMigration Load (0.1ms)[0m  [1m[34mSELECT "schema_migrations"."version" FROM "schema_migrations" ORDER BY "schema_migrations"."version" ASC[0m
  [1m[35m (0.3ms)[0m  [1m[34mSELECT pg_try_advisory_lock(5218762136757475110)[0m
  [1m[36mActiveRecord::SchemaMigration Load (0.7ms)[0m  [1m[34mSELECT "schema_migrations"."version" FROM "schema_migrations" ORDER BY "schema_migrations"."version" ASC[0m
  [1m[36mActiveRecord::InternalMetadata Load (0.6ms)[0m  [1m[34mSELECT * FROM "ar_internal_metadata" WHERE "ar_internal_metadata"."key" = $1 ORDER BY "ar_internal_metadata"."key" ASC LIMIT 1[0m  [[nil, "environment"]]
  [1m[35m (0.2ms)[0m  [1m[34mSELECT pg_advisory_unlock(5218762136757475110)[0m
  [1m[36mActiveRecord::SchemaMigration Load (0.1ms)[0m  [1m[34mSELECT "schema_migrations"."version" FROM "schema_migrations" ORDER BY "schema_migrations"."version" ASC[0m
  [1m[35m (0.1ms)[0m  [1m[34mSELECT pg_try_advisory_lock(5218762136757475110)[0m
  [1m[36mActiveRecord::SchemaMigration Load (0.7ms)[0m  [1m[34mSELECT "schema_migrations"."version" FROM "schema_migrations" ORDER BY "schema_migrations"."version" ASC[0m
  [1m[36mActiveRecord::InternalMetadata Load (0.6ms)[0m  [1m[34mSELECT * FROM "ar_internal_metadata" WHERE "ar_internal_metadata"."key" = $1 ORDER BY "ar_internal_metadata"."key" ASC LIMIT 1[0m  [[nil, "environment"]]
  [1m[35m (0.1ms)[0m  [1m[34mSELECT pg_advisory_unlock(5218762136757475110)[0m
  [1m[36mActiveRecord::SchemaMigration Load (0.1ms)[0m  [1m[34mSELECT "schema_migrations"."version" FROM "schema_migrations" ORDER BY "schema_migrations"."version" ASC[0m
  [1m[35m (0.1ms)[0m  [1m[34mSELECT pg_try_advisory_lock(5218762136757475110)[0m
  [1m[36mActiveRecord::SchemaMigration Load (0.7ms)[0m  [1m[34mSELECT "schema_migrations"."version" FROM "schema_migrations" ORDER BY "schema_migrations"."version" ASC[0m
  [1m[36mActiveRecord::InternalMetadata Load (0.6ms)[0m  [1m[34mSELECT * FROM "ar_internal_metadata" WHERE "ar_internal_metadata"."key" = $1 ORDER BY "ar_internal_metadata"."key" ASC LIMIT 1[0m  [[nil, "environment"]]
  [1m[35m (0.1ms)[0m  [1m[34mSELECT pg_advisory_unlock(5218762136757475110)[0m
  [1m[36mActiveRecord::SchemaMigration Load (0.1ms)[0m  [1m[34mSELECT "schema_migrations"."version" FROM "schema_migrations" ORDER BY "schema_migrations"."version" ASC[0m
  [1m[35m (0.1ms)[0m  [1m[34mSELECT pg_try_advisory_lock(5218762136757475110)[0m
  [1m[36mActiveRecord::SchemaMigration Load (0.7ms)[0m  [1m[34mSELECT "schema_migrations"."version" FROM "schema_migrations" ORDER BY "schema_migrations"."version" ASC[0m
  [1m[36mActiveRecord::InternalMetadata Load (0.6ms)[0m  [1m[34mSELECT * FROM "ar_internal_metadata" WHERE "ar_internal_metadata"."key" = $1 ORDER BY "ar_internal_metadata"."key" ASC LIMIT 1[0m  [[nil, "environment"]]
  [1m[35m (0.1ms)[0m  [1m[34mSELECT pg_advisory_unlock(5218762136757475110)[0m
  [1m[36mActiveRecord::SchemaMigration Load (0.1ms)[0m  [1m[34mSELECT "schema_migrations"."version" FROM "schema_migrations" ORDER BY "schema_migrations"."version" ASC[0m
  [1m[35m (0.1ms)[0m  [1m[34mSELECT pg_try_advisory_lock(5218762136757475110)[0m
  [1m[36mActiveRecord::SchemaMigration Load (0.6ms)[0m  [1m[34mSELECT "schema_migrations"."version" FROM "schema_migrations" ORDER BY "schema_migrations"."version" ASC[0m
  [1m[36mActiveRecord::InternalMetadata Load (0.5ms)[0m  [1m[34mSELECT * FROM "ar_internal_metadata" WHERE "ar_internal_metadata"."key" = $1 ORDER BY "ar_internal_metadata"."key" ASC LIMIT 1[0m  [[nil, "environment"]]
  [1m[35m (0.1ms)[0m  [1m[34mSELECT pg_advisory_unlock(5218762136757475110)[0m
  [1m[36mActiveRecord::SchemaMigration Load (0.2ms)[0m  [1m[34mSELECT "schema_migrations"."version" FROM "schema_migrations" ORDER BY "schema_migrations"."version" ASC[0m
  [1m[35m (0.1ms)[0m  [1m[34mSELECT pg_try_advisory_lock(5218762136757475110)[0m
  [1m[36mActiveRecord::SchemaMigration Load (0.8ms)[0m  [1m[34mSELECT "schema_migrations"."version" FROM "schema_migrations" ORDER BY "schema_migrations"."version" ASC[0m
  [1m[36mActiveRecord::InternalMetadata Load (0.6ms)[0m  [1m[34mSELECT * FROM "ar_internal_metadata" WHERE "ar_internal_metadata"."key" = $1 ORDER BY "ar_internal_metadata"."key" ASC LIMIT 1[0m  [[nil, "environment"]]
  [1m[35m (0.1ms)[0m  [1m[34mSELECT pg_advisory_unlock(5218762136757475110)[0m
  [1m[36mActiveRecord::SchemaMigration Load (0.1ms)[0m  [1m[34mSELECT "schema_migrations"."version" FROM "schema_migrations" ORDER BY "schema_migrations"."version" ASC[0m
  [1m[35m (0.1ms)[0m  [1m[34mSELECT pg_try_advisory_lock(5218762136757475110)[0m
  [1m[36mActiveRecord::SchemaMigration Load (0.8ms)[0m  [1m[34mSELECT "schema_migrations"."version" FROM "schema_migrations" ORDER BY "schema_migrations"."version" ASC[0m
  [1m[36mActiveRecord::InternalMetadata Load (0.7ms)[0m  [1m[34mSELECT * FROM "ar_internal_metadata" WHERE "ar_internal_metadata"."key" = $1 ORDER BY "ar_internal_metadata"."key" ASC LIMIT 1[0m  [[nil, "environment"]]
  [1m[35m (0.2ms)[0m  [1m[34mSELECT pg_advisory_unlock(5218762136757475110)[0m
  [1m[36mActiveRecord::SchemaMigration Load (0.1ms)[0m  [1m[34mSELECT "schema_migrations"."version" FROM "schema_migrations" ORDER BY "schema_migrations"."version" ASC[0m
  [1m[35m (0.1ms)[0m  [1m[34mSELECT pg_try_advisory_lock(5218762136757475110)[0m
  [1m[36mActiveRecord::SchemaMigration Load (0.7ms)[0m  [1m[34mSELECT "schema_migrations"."version" FROM "schema_migrations" ORDER BY "schema_migrations"."version" ASC[0m
  [1m[36mActiveRecord::InternalMetadata Load (0.6ms)[0m  [1m[34mSELECT * FROM "ar_internal_metadata" WHERE "ar_internal_metadata"."key" = $1 ORDER BY "ar_internal_metadata"."key" ASC LIMIT 1[0m  [[nil, "environment"]]
  [1m[35m (0.1ms)[0m  [1m[34mSELECT pg_advisory_unlock(5218762136757475110)[0m
  [1m[36mActiveRecord::SchemaMigration Load (0.1ms)[0m  [1m[34mSELECT "schema_migrations"."version" FROM "schema_migrations" ORDER BY "schema_migrations"."version" ASC[0m
  [1m[35m (0.1ms)[0m  [1m[34mSELECT pg_try_advisory_lock(5218762136757475110)[0m
  [1m[36mActiveRecord::SchemaMigration Load (0.7ms)[0m  [1m[34mSELECT "schema_migrations"."version" FROM "schema_migrations" ORDER BY "schema_migrations"."version" ASC[0m
  [1m[36mActiveRecord::InternalMetadata Load (0.6ms)[0m  [1m[34mSELECT * FROM "ar_internal_metadata" WHERE "ar_internal_metadata"."key" = $1 ORDER BY "ar_internal_metadata"."key" ASC LIMIT 1[0m  [[nil, "environment"]]
  [1m[35m (0.1ms)[0m  [1m[34mSELECT pg_advisory_unlock(5218762136757475110)[0m
  [1m[36mActiveRecord::SchemaMigration Load (0.1ms)[0m  [1m[34mSELECT "schema_migrations"."version" FROM "schema_migrations" ORDER BY "schema_migrations"."version" ASC[0m
  [1m[35m (0.1ms)[0m  [1m[34mSELECT pg_try_advisory_lock(5218762136757475110)[0m
  [1m[36mActiveRecord::SchemaMigration Load (0.7ms)[0m  [1m[34mSELECT "schema_migrations"."version" FROM "schema_migrations" ORDER BY "schema_migrations"."version" ASC[0m
  [1m[36mActiveRecord::InternalMetadata Load (0.6ms)[0m  [1m[34mSELECT * FROM "ar_internal_metadata" WHERE "ar_internal_metadata"."key" = $1 ORDER BY "ar_internal_metadata"."key" ASC LIMIT 1[0m  [[nil, "environment"]]
  [1m[35m (0.2ms)[0m  [1m[34mSELECT pg_advisory_unlock(5218762136757475110)[0m
  [1m[36mActiveRecord::SchemaMigration Load (0.1ms)[0m  [1m[34mSELECT "schema_migrations"."version" FROM "schema_migrations" ORDER BY "schema_migrations"."version" ASC[0m
  [1m[35m (0.1ms)[0m  [1m[34mSELECT pg_try_advisory_lock(5218762136757475110)[0m
  [1m[36mActiveRecord::SchemaMigration Load (0.7ms)[0m  [1m[34mSELECT "schema_migrations"."version" FROM "schema_migrations" ORDER BY "schema_migrations"."version" ASC[0m
  [1m[36mActiveRecord::InternalMetadata Load (0.7ms)[0m  [1m[34mSELECT * FROM "ar_internal_metadata" WHERE "ar_internal_metadata"."key" = $1 ORDER BY "ar_internal_metadata"."key" ASC LIMIT 1[0m  [[nil, "environment"]]
  [1m[35m (0.2ms)[0m  [1m[34mSELECT pg_advisory_unlock(5218762136757475110)[0m
  [1m[36mActiveRecord::SchemaMigration Load (0.1ms)[0m  [1m[34mSELECT "schema_migrations"."version" FROM "schema_migrations" ORDER BY "schema_migrations"."version" ASC[0m
  [1m[35m (0.1ms)[0m  [1m[34mSELECT pg_try_advisory_lock(5218762136757475110)[0m
  [1m[36mActiveRecord::SchemaMigration Load (0.8ms)[0m  [1m[34mSELECT "schema_migrations"."version" FROM "schema_migrations" ORDER BY "schema_migrations"."version" ASC[0m
  [1m[36mActiveRecord::InternalMetadata Load (0.9ms)[0m  [1m[34mSELECT * FROM "ar_internal_metadata" WHERE "ar_internal_metadata"."key" = $1 ORDER BY "ar_internal_metadata"."key" ASC LIMIT 1[0m  [[nil, "environment"]]
  [1m[35m (0.3ms)[0m  [1m[34mSELECT pg_advisory_unlock(5218762136757475110)[0m
  [1m[36mActiveRecord::SchemaMigration Load (0.3ms)[0m  [1m[34mSELECT "schema_migrations"."version" FROM "schema_migrations" ORDER BY "schema_migrations"."version" ASC[0m
  [1m[35m (0.2ms)[0m  [1m[34mSELECT pg_try_advisory_lock(5218762136757475110)[0m
  [1m[36mActiveRecord::SchemaMigration Load (0.8ms)[0m  [1m[34mSELECT "schema_migrations"."version" FROM "schema_migrations" ORDER BY "schema_migrations"."version" ASC[0m
  [1m[36mActiveRecord::InternalMetadata Load (0.9ms)[0m  [1m[34mSELECT * FROM "ar_internal_metadata" WHERE "ar_internal_metadata"."key" = $1 ORDER BY "ar_internal_metadata"."key" ASC LIMIT 1[0m  [[nil, "environment"]]
  [1m[35m (0.2ms)[0m  [1m[34mSELECT pg_advisory_unlock(5218762136757475110)[0m
  [1m[36mActiveRecord::SchemaMigration Load (0.1ms)[0m  [1m[34mSELECT "schema_migrations"."version" FROM "schema_migrations" ORDER BY "schema_migrations"."version" ASC[0m
  [1m[35m (0.2ms)[0m  [1m[34mSELECT pg_try_advisory_lock(5218762136757475110)[0m
  [1m[35m (0.2ms)[0m  [1m[34mSELECT pg_try_advisory_lock(5218762136757475110)[0m
  [1m[36mActiveRecord::SchemaMigration Load (0.8ms)[0m  [1m[34mSELECT "schema_migrations"."version" FROM "schema_migrations" ORDER BY "schema_migrations"."version" ASC[0m
  [1m[36mActiveRecord::InternalMetadata Load (0.8ms)[0m  [1m[34mSELECT * FROM "ar_internal_metadata" WHERE "ar_internal_metadata"."key" = $1 ORDER BY "ar_internal_metadata"."key" ASC LIMIT 1[0m  [[nil, "environment"]]
  [1m[35m (0.2ms)[0m  [1m[34mSELECT pg_advisory_unlock(5218762136757475110)[0m
  [1m[36mActiveRecord::SchemaMigration Load (0.2ms)[0m  [1m[34mSELECT "schema_migrations"."version" FROM "schema_migrations" ORDER BY "schema_migrations"."version" ASC[0m
  [1m[35m (0.1ms)[0m  [1m[34mSELECT pg_try_advisory_lock(5218762136757475110)[0m
  [1m[36mActiveRecord::SchemaMigration Load (0.7ms)[0m  [1m[34mSELECT "schema_migrations"."version" FROM "schema_migrations" ORDER BY "schema_migrations"."version" ASC[0m
  [1m[36mActiveRecord::InternalMetadata Load (0.6ms)[0m  [1m[34mSELECT * FROM "ar_internal_metadata" WHERE "ar_internal_metadata"."key" = $1 ORDER BY "ar_internal_metadata"."key" ASC LIMIT 1[0m  [[nil, "environment"]]
  [1m[35m (0.1ms)[0m  [1m[34mSELECT pg_advisory_unlock(5218762136757475110)[0m
  [1m[36mActiveRecord::SchemaMigration Load (0.1ms)[0m  [1m[34mSELECT "schema_migrations"."version" FROM "schema_migrations" ORDER BY "schema_migrations"."version" ASC[0m
  [1m[35m (0.1ms)[0m  [1m[34mSELECT pg_try_advisory_lock(5218762136757475110)[0m
  [1m[36mActiveRecord::SchemaMigration Load (0.6ms)[0m  [1m[34mSELECT "schema_migrations"."version" FROM "schema_migrations" ORDER BY "schema_migrations"."version" ASC[0m
  [1m[36mActiveRecord::InternalMetadata Load (0.5ms)[0m  [1m[34mSELECT * FROM "ar_internal_metadata" WHERE "ar_internal_metadata"."key" = $1 ORDER BY "ar_internal_metadata"."key" ASC LIMIT 1[0m  [[nil, "environment"]]
  [1m[35m (0.1ms)[0m  [1m[34mSELECT pg_advisory_unlock(5218762136757475110)[0m
  [1m[36mActiveRecord::SchemaMigration Load (0.1ms)[0m  [1m[34mSELECT "schema_migrations"."version" FROM "schema_migrations" ORDER BY "schema_migrations"."version" ASC[0m
  [1m[35m (0.1ms)[0m  [1m[34mSELECT pg_try_advisory_lock(5218762136757475110)[0m
  [1m[36mActiveRecord::SchemaMigration Load (0.7ms)[0m  [1m[34mSELECT "schema_migrations"."version" FROM "schema_migrations" ORDER BY "schema_migrations"."version" ASC[0m
  [1m[36mActiveRecord::InternalMetadata Load (0.6ms)[0m  [1m[34mSELECT * FROM "ar_internal_metadata" WHERE "ar_internal_metadata"."key" = $1 ORDER BY "ar_internal_metadata"."key" ASC LIMIT 1[0m  [[nil, "environment"]]
  [1m[35m (0.1ms)[0m  [1m[34mSELECT pg_advisory_unlock(5218762136757475110)[0m
  [1m[36mActiveRecord::SchemaMigration Load (0.1ms)[0m  [1m[34mSELECT "schema_migrations"."version" FROM "schema_migrations" ORDER BY "schema_migrations"."version" ASC[0m
  [1m[35m (0.1ms)[0m  [1m[34mSELECT pg_try_advisory_lock(5218762136757475110)[0m
  [1m[36mActiveRecord::SchemaMigration Load (0.7ms)[0m  [1m[34mSELECT "schema_migrations"."version" FROM "schema_migrations" ORDER BY "schema_migrations"."version" ASC[0m
  [1m[36mActiveRecord::InternalMetadata Load (0.6ms)[0m  [1m[34mSELECT * FROM "ar_internal_metadata" WHERE "ar_internal_metadata"."key" = $1 ORDER BY "ar_internal_metadata"."key" ASC LIMIT 1[0m  [[nil, "environment"]]
  [1m[35m (0.1ms)[0m  [1m[34mSELECT pg_advisory_unlock(5218762136757475110)[0m
  [1m[36mActiveRecord::SchemaMigration Load (0.1ms)[0m  [1m[34mSELECT "schema_migrations"."version" FROM "schema_migrations" ORDER BY "schema_migrations"."version" ASC[0m
  [1m[35m (0.1ms)[0m  [1m[34mSELECT pg_try_advisory_lock(5218762136757475110)[0m
  [1m[36mActiveRecord::SchemaMigration Load (0.8ms)[0m  [1m[34mSELECT "schema_migrations"."version" FROM "schema_migrations" ORDER BY "schema_migrations"."version" ASC[0m
  [1m[36mActiveRecord::InternalMetadata Load (0.7ms)[0m  [1m[34mSELECT * FROM "ar_internal_metadata" WHERE "ar_internal_metadata"."key" = $1 ORDER BY "ar_internal_metadata"."key" ASC LIMIT 1[0m  [[nil, "environment"]]
  [1m[35m (0.2ms)[0m  [1m[34mSELECT pg_advisory_unlock(5218762136757475110)[0m
  [1m[36mActiveRecord::SchemaMigration Load (0.1ms)[0m  [1m[34mSELECT "schema_migrations"."version" FROM "schema_migrations" ORDER BY "schema_migrations"."version" ASC[0m
  [1m[35m (0.1ms)[0m  [1m[34mSELECT pg_try_advisory_lock(5218762136757475110)[0m
  [1m[36mActiveRecord::SchemaMigration Load (0.7ms)[0m  [1m[34mSELECT "schema_migrations"."version" FROM "schema_migrations" ORDER BY "schema_migrations"."version" ASC[0m
  [1m[36mActiveRecord::InternalMetadata Load (0.6ms)[0m  [1m[34mSELECT * FROM "ar_internal_metadata" WHERE "ar_internal_metadata"."key" = $1 ORDER BY "ar_internal_metadata"."key" ASC LIMIT 1[0m  [[nil, "environment"]]
  [1m[35m (0.2ms)[0m  [1m[34mSELECT pg_advisory_unlock(5218762136757475110)[0m
  [1m[36mActiveRecord::SchemaMigration Load (0.1ms)[0m  [1m[34mSELECT "schema_migrations"."version" FROM "schema_migrations" ORDER BY "schema_migrations"."version" ASC[0m
  [1m[35m (0.1ms)[0m  [1m[34mSELECT pg_try_advisory_lock(5218762136757475110)[0m
  [1m[36mActiveRecord::SchemaMigration Load (0.7ms)[0m  [1m[34mSELECT "schema_migrations"."version" FROM "schema_migrations" ORDER BY "schema_migrations"."version" ASC[0m
  [1m[36mActiveRecord::InternalMetadata Load (0.6ms)[0m  [1m[34mSELECT * FROM "ar_internal_metadata" WHERE "ar_internal_metadata"."key" = $1 ORDER BY "ar_internal_metadata"."key" ASC LIMIT 1[0m  [[nil, "environment"]]
  [1m[35m (0.1ms)[0m  [1m[34mSELECT pg_advisory_unlock(5218762136757475110)[0m
  [1m[36mActiveRecord::SchemaMigration Load (0.1ms)[0m  [1m[34mSELECT "schema_migrations"."version" FROM "schema_migrations" ORDER BY "schema_migrations"."version" ASC[0m
  [1m[35m (0.3ms)[0m  [1m[34mSELECT pg_try_advisory_lock(5218762136757475110)[0m
  [1m[36mActiveRecord::SchemaMigration Load (1.0ms)[0m  [1m[34mSELECT "schema_migrations"."version" FROM "schema_migrations" ORDER BY "schema_migrations"."version" ASC[0m
  [1m[36mActiveRecord::InternalMetadata Load (0.7ms)[0m  [1m[34mSELECT * FROM "ar_internal_metadata" WHERE "ar_internal_metadata"."key" = $1 ORDER BY "ar_internal_metadata"."key" ASC LIMIT 1[0m  [[nil, "environment"]]
  [1m[35m (0.3ms)[0m  [1m[34mSELECT pg_advisory_unlock(5218762136757475110)[0m
  [1m[36mActiveRecord::SchemaMigration Load (0.2ms)[0m  [1m[34mSELECT "schema_migrations"."version" FROM "schema_migrations" ORDER BY "schema_migrations"."version" ASC[0m
  [1m[35m (0.1ms)[0m  [1m[34mSELECT pg_try_advisory_lock(5218762136757475110)[0m
  [1m[36mActiveRecord::SchemaMigration Load (0.7ms)[0m  [1m[34mSELECT "schema_migrations"."version" FROM "schema_migrations" ORDER BY "schema_migrations"."version" ASC[0m
  [1m[36mActiveRecord::InternalMetadata Load (0.7ms)[0m  [1m[34mSELECT * FROM "ar_internal_metadata" WHERE "ar_internal_metadata"."key" = $1 ORDER BY "ar_internal_metadata"."key" ASC LIMIT 1[0m  [[nil, "environment"]]
  [1m[35m (0.2ms)[0m  [1m[34mSELECT pg_advisory_unlock(5218762136757475110)[0m
  [1m[36mActiveRecord::SchemaMigration Load (0.1ms)[0m  [1m[34mSELECT "schema_migrations"."version" FROM "schema_migrations" ORDER BY "schema_migrations"."version" ASC[0m
  [1m[35m (0.1ms)[0m  [1m[34mSELECT pg_try_advisory_lock(5218762136757475110)[0m
  [1m[36mActiveRecord::SchemaMigration Load (0.6ms)[0m  [1m[34mSELECT "schema_migrations"."version" FROM "schema_migrations" ORDER BY "schema_migrations"."version" ASC[0m
  [1m[36mActiveRecord::InternalMetadata Load (0.5ms)[0m  [1m[34mSELECT * FROM "ar_internal_metadata" WHERE "ar_internal_metadata"."key" = $1 ORDER BY "ar_internal_metadata"."key" ASC LIMIT 1[0m  [[nil, "environment"]]
  [1m[35m (0.1ms)[0m  [1m[34mSELECT pg_advisory_unlock(5218762136757475110)[0m
  [1m[36mActiveRecord::SchemaMigration Load (0.1ms)[0m  [1m[34mSELECT "schema_migrations"."version" FROM "schema_migrations" ORDER BY "schema_migrations"."version" ASC[0m
  [1m[35m (0.1ms)[0m  [1m[34mSELECT pg_try_advisory_lock(5218762136757475110)[0m
  [1m[36mActiveRecord::SchemaMigration Load (0.6ms)[0m  [1m[34mSELECT "schema_migrations"."version" FROM "schema_migrations" ORDER BY "schema_migrations"."version" ASC[0m
  [1m[36mActiveRecord::InternalMetadata Load (0.8ms)[0m  [1m[34mSELECT * FROM "ar_internal_metadata" WHERE "ar_internal_metadata"."key" = $1 ORDER BY "ar_internal_metadata"."key" ASC LIMIT 1[0m  [[nil, "environment"]]
  [1m[35m (0.2ms)[0m  [1m[34mSELECT pg_advisory_unlock(5218762136757475110)[0m
  [1m[36mActiveRecord::SchemaMigration Load (0.1ms)[0m  [1m[34mSELECT "schema_migrations"."version" FROM "schema_migrations" ORDER BY "schema_migrations"."version" ASC[0m
  [1m[35m (0.1ms)[0m  [1m[34mSELECT pg_try_advisory_lock(5218762136757475110)[0m
  [1m[36mActiveRecord::SchemaMigration Load (0.9ms)[0m  [1m[34mSELECT "schema_migrations"."version" FROM "schema_migrations" ORDER BY "schema_migrations"."version" ASC[0m
  [1m[36mActiveRecord::InternalMetadata Load (0.6ms)[0m  [1m[34mSELECT * FROM "ar_internal_metadata" WHERE "ar_internal_metadata"."key" = $1 ORDER BY "ar_internal_metadata"."key" ASC LIMIT 1[0m  [[nil, "environment"]]
  [1m[35m (0.2ms)[0m  [1m[34mSELECT pg_advisory_unlock(5218762136757475110)[0m
  [1m[36mActiveRecord::SchemaMigration Load (0.1ms)[0m  [1m[34mSELECT "schema_migrations"."version" FROM "schema_migrations" ORDER BY "schema_migrations"."version" ASC[0m
  [1m[35m (0.1ms)[0m  [1m[34mSELECT pg_try_advisory_lock(5218762136757475110)[0m
  [1m[36mActiveRecord::SchemaMigration Load (0.7ms)[0m  [1m[34mSELECT "schema_migrations"."version" FROM "schema_migrations" ORDER BY "schema_migrations"."version" ASC[0m
  [1m[36mActiveRecord::InternalMetadata Load (0.6ms)[0m  [1m[34mSELECT * FROM "ar_internal_metadata" WHERE "ar_internal_metadata"."key" = $1 ORDER BY "ar_internal_metadata"."key" ASC LIMIT 1[0m  [[nil, "environment"]]
  [1m[35m (0.1ms)[0m  [1m[34mSELECT pg_advisory_unlock(5218762136757475110)[0m
  [1m[36mActiveRecord::SchemaMigration Load (0.1ms)[0m  [1m[34mSELECT "schema_migrations"."version" FROM "schema_migrations" ORDER BY "schema_migrations"."version" ASC[0m
  [1m[35m (0.1ms)[0m  [1m[34mSELECT pg_try_advisory_lock(5218762136757475110)[0m
  [1m[36mActiveRecord::SchemaMigration Load (0.6ms)[0m  [1m[34mSELECT "schema_migrations"."version" FROM "schema_migrations" ORDER BY "schema_migrations"."version" ASC[0m
  [1m[36mActiveRecord::InternalMetadata Load (0.6ms)[0m  [1m[34mSELECT * FROM "ar_internal_metadata" WHERE "ar_internal_metadata"."key" = $1 ORDER BY "ar_internal_metadata"."key" ASC LIMIT 1[0m  [[nil, "environment"]]
  [1m[35m (0.1ms)[0m  [1m[34mSELECT pg_advisory_unlock(5218762136757475110)[0m
  [1m[36mActiveRecord::SchemaMigration Load (0.1ms)[0m  [1m[34mSELECT "schema_migrations"."version" FROM "schema_migrations" ORDER BY "schema_migrations"."version" ASC[0m
  [1m[35m (0.1ms)[0m  [1m[34mSELECT pg_try_advisory_lock(5218762136757475110)[0m
  [1m[36mActiveRecord::SchemaMigration Load (0.6ms)[0m  [1m[34mSELECT "schema_migrations"."version" FROM "schema_migrations" ORDER BY "schema_migrations"."version" ASC[0m
  [1m[36mActiveRecord::InternalMetadata Load (0.6ms)[0m  [1m[34mSELECT * FROM "ar_internal_metadata" WHERE "ar_internal_metadata"."key" = $1 ORDER BY "ar_internal_metadata"."key" ASC LIMIT 1[0m  [[nil, "environment"]]
  [1m[35m (0.1ms)[0m  [1m[34mSELECT pg_advisory_unlock(5218762136757475110)[0m
  [1m[36mActiveRecord::SchemaMigration Load (0.1ms)[0m  [1m[34mSELECT "schema_migrations"."version" FROM "schema_migrations" ORDER BY "schema_migrations"."version" ASC[0m
  [1m[35m (0.2ms)[0m  [1m[34mSELECT pg_try_advisory_lock(5218762136757475110)[0m
  [1m[36mActiveRecord::SchemaMigration Load (0.9ms)[0m  [1m[34mSELECT "schema_migrations"."version" FROM "schema_migrations" ORDER BY "schema_migrations"."version" ASC[0m
  [1m[36mActiveRecord::InternalMetadata Load (0.7ms)[0m  [1m[34mSELECT * FROM "ar_internal_metadata" WHERE "ar_internal_metadata"."key" = $1 ORDER BY "ar_internal_metadata"."key" ASC LIMIT 1[0m  [[nil, "environment"]]
  [1m[35m (0.3ms)[0m  [1m[34mSELECT pg_advisory_unlock(5218762136757475110)[0m
  [1m[36mActiveRecord::SchemaMigration Load (0.2ms)[0m  [1m[34mSELECT "schema_migrations"."version" FROM "schema_migrations" ORDER BY "schema_migrations"."version" ASC[0m
  [1m[35m (0.2ms)[0m  [1m[34mSELECT pg_try_advisory_lock(5218762136757475110)[0m
  [1m[36mActiveRecord::SchemaMigration Load (0.8ms)[0m  [1m[34mSELECT "schema_migrations"."version" FROM "schema_migrations" ORDER BY "schema_migrations"."version" ASC[0m
  [1m[36mActiveRecord::InternalMetadata Load (0.7ms)[0m  [1m[34mSELECT * FROM "ar_internal_metadata" WHERE "ar_internal_metadata"."key" = $1 ORDER BY "ar_internal_metadata"."key" ASC LIMIT 1[0m  [[nil, "environment"]]
  [1m[35m (0.1ms)[0m  [1m[34mSELECT pg_advisory_unlock(5218762136757475110)[0m
  [1m[36mActiveRecord::SchemaMigration Load (0.1ms)[0m  [1m[34mSELECT "schema_migrations"."version" FROM "schema_migrations" ORDER BY "schema_migrations"."version" ASC[0m
  [1m[35m (3.1ms)[0m  [1m[34mSELECT pg_try_advisory_lock(5218762136757475110)[0m
  [1m[36mActiveRecord::SchemaMigration Load (0.7ms)[0m  [1m[34mSELECT "schema_migrations"."version" FROM "schema_migrations" ORDER BY "schema_migrations"."version" ASC[0m
  [1m[36mActiveRecord::InternalMetadata Load (0.6ms)[0m  [1m[34mSELECT * FROM "ar_internal_metadata" WHERE "ar_internal_metadata"."key" = $1 ORDER BY "ar_internal_metadata"."key" ASC LIMIT 1[0m  [[nil, "environment"]]
  [1m[35m (0.1ms)[0m  [1m[34mSELECT pg_advisory_unlock(5218762136757475110)[0m
  [1m[36mActiveRecord::SchemaMigration Load (0.1ms)[0m  [1m[34mSELECT "schema_migrations"."version" FROM "schema_migrations" ORDER BY "schema_migrations"."version" ASC[0m
  [1m[35m (0.1ms)[0m  [1m[34mSELECT pg_try_advisory_lock(5218762136757475110)[0m
  [1m[36mActiveRecord::SchemaMigration Load (0.6ms)[0m  [1m[34mSELECT "schema_migrations"."version" FROM "schema_migrations" ORDER BY "schema_migrations"."version" ASC[0m
  [1m[36mActiveRecord::InternalMetadata Load (0.6ms)[0m  [1m[34mSELECT * FROM "ar_internal_metadata" WHERE "ar_internal_metadata"."key" = $1 ORDER BY "ar_internal_metadata"."key" ASC LIMIT 1[0m  [[nil, "environment"]]
  [1m[35m (0.1ms)[0m  [1m[34mSELECT pg_advisory_unlock(5218762136757475110)[0m
  [1m[36mActiveRecord::SchemaMigration Load (0.1ms)[0m  [1m[34mSELECT "schema_migrations"."version" FROM "schema_migrations" ORDER BY "schema_migrations"."version" ASC[0m
  [1m[35m (0.1ms)[0m  [1m[34mSELECT pg_try_advisory_lock(5218762136757475110)[0m
  [1m[36mActiveRecord::SchemaMigration Load (0.8ms)[0m  [1m[34mSELECT "schema_migrations"."version" FROM "schema_migrations" ORDER BY "schema_migrations"."version" ASC[0m
  [1m[36mActiveRecord::InternalMetadata Load (0.7ms)[0m  [1m[34mSELECT * FROM "ar_internal_metadata" WHERE "ar_internal_metadata"."key" = $1 ORDER BY "ar_internal_metadata"."key" ASC LIMIT 1[0m  [[nil, "environment"]]
  [1m[35m (0.2ms)[0m  [1m[34mSELECT pg_advisory_unlock(5218762136757475110)[0m
  [1m[36mActiveRecord::SchemaMigration Load (0.3ms)[0m  [1m[34mSELECT "schema_migrations"."version" FROM "schema_migrations" ORDER BY "schema_migrations"."version" ASC[0m
  [1m[35m (0.1ms)[0m  [1m[34mSELECT pg_try_advisory_lock(5218762136757475110)[0m
  [1m[36mActiveRecord::SchemaMigration Load (0.7ms)[0m  [1m[34mSELECT "schema_migrations"."version" FROM "schema_migrations" ORDER BY "schema_migrations"."version" ASC[0m
  [1m[36mActiveRecord::InternalMetadata Load (0.6ms)[0m  [1m[34mSELECT * FROM "ar_internal_metadata" WHERE "ar_internal_metadata"."key" = $1 ORDER BY "ar_internal_metadata"."key" ASC LIMIT 1[0m  [[nil, "environment"]]
  [1m[35m (0.1ms)[0m  [1m[34mSELECT pg_advisory_unlock(5218762136757475110)[0m
  [1m[36mActiveRecord::SchemaMigration Load (0.1ms)[0m  [1m[34mSELECT "schema_migrations"."version" FROM "schema_migrations" ORDER BY "schema_migrations"."version" ASC[0m
  [1m[35m (0.1ms)[0m  [1m[34mSELECT pg_try_advisory_lock(5218762136757475110)[0m
  [1m[36mActiveRecord::SchemaMigration Load (0.6ms)[0m  [1m[34mSELECT "schema_migrations"."version" FROM "schema_migrations" ORDER BY "schema_migrations"."version" ASC[0m
  [1m[36mActiveRecord::InternalMetadata Load (0.6ms)[0m  [1m[34mSELECT * FROM "ar_internal_metadata" WHERE "ar_internal_metadata"."key" = $1 ORDER BY "ar_internal_metadata"."key" ASC LIMIT 1[0m  [[nil, "environment"]]
  [1m[35m (0.1ms)[0m  [1m[34mSELECT pg_advisory_unlock(5218762136757475110)[0m
  [1m[36mActiveRecord::SchemaMigration Load (0.1ms)[0m  [1m[34mSELECT "schema_migrations"."version" FROM "schema_migrations" ORDER BY "schema_migrations"."version" ASC[0m
  [1m[35m (0.1ms)[0m  [1m[34mSELECT pg_try_advisory_lock(5218762136757475110)[0m
  [1m[36mActiveRecord::SchemaMigration Load (0.7ms)[0m  [1m[34mSELECT "schema_migrations"."version" FROM "schema_migrations" ORDER BY "schema_migrations"."version" ASC[0m
  [1m[36mActiveRecord::InternalMetadata Load (0.6ms)[0m  [1m[34mSELECT * FROM "ar_internal_metadata" WHERE "ar_internal_metadata"."key" = $1 ORDER BY "ar_internal_metadata"."key" ASC LIMIT 1[0m  [[nil, "environment"]]
  [1m[35m (0.1ms)[0m  [1m[34mSELECT pg_advisory_unlock(5218762136757475110)[0m
  [1m[36mActiveRecord::SchemaMigration Load (0.1ms)[0m  [1m[34mSELECT "schema_migrations"."version" FROM "schema_migrations" ORDER BY "schema_migrations"."version" ASC[0m
  [1m[35m (1.5ms)[0m  [1m[34mSELECT pg_try_advisory_lock(5218762136757475110)[0m
  [1m[36mActiveRecord::SchemaMigration Load (0.7ms)[0m  [1m[34mSELECT "schema_migrations"."version" FROM "schema_migrations" ORDER BY "schema_migrations"."version" ASC[0m
  [1m[36mActiveRecord::InternalMetadata Load (0.6ms)[0m  [1m[34mSELECT * FROM "ar_internal_metadata" WHERE "ar_internal_metadata"."key" = $1 ORDER BY "ar_internal_metadata"."key" ASC LIMIT 1[0m  [[nil, "environment"]]
  [1m[35m (0.1ms)[0m  [1m[34mSELECT pg_advisory_unlock(5218762136757475110)[0m
  [1m[36mActiveRecord::SchemaMigration Load (0.1ms)[0m  [1m[34mSELECT "schema_migrations"."version" FROM "schema_migrations" ORDER BY "schema_migrations"."version" ASC[0m
  [1m[35m (0.2ms)[0m  [1m[34mSELECT pg_try_advisory_lock(5218762136757475110)[0m
  [1m[35m (0.2ms)[0m  [1m[34mSELECT pg_try_advisory_lock(5218762136757475110)[0m
  [1m[36mActiveRecord::SchemaMigration Load (0.9ms)[0m  [1m[34mSELECT "schema_migrations"."version" FROM "schema_migrations" ORDER BY "schema_migrations"."version" ASC[0m
  [1m[36mActiveRecord::InternalMetadata Load (0.9ms)[0m  [1m[34mSELECT * FROM "ar_internal_metadata" WHERE "ar_internal_metadata"."key" = $1 ORDER BY "ar_internal_metadata"."key" ASC LIMIT 1[0m  [[nil, "environment"]]
  [1m[35m (0.3ms)[0m  [1m[34mSELECT pg_advisory_unlock(5218762136757475110)[0m
  [1m[36mActiveRecord::SchemaMigration Load (0.2ms)[0m  [1m[34mSELECT "schema_migrations"."version" FROM "schema_migrations" ORDER BY "schema_migrations"."version" ASC[0m
  [1m[35m (0.1ms)[0m  [1m[34mSELECT pg_try_advisory_lock(5218762136757475110)[0m
  [1m[36mActiveRecord::SchemaMigration Load (0.6ms)[0m  [1m[34mSELECT "schema_migrations"."version" FROM "schema_migrations" ORDER BY "schema_migrations"."version" ASC[0m
  [1m[36mActiveRecord::InternalMetadata Load (0.6ms)[0m  [1m[34mSELECT * FROM "ar_internal_metadata" WHERE "ar_internal_metadata"."key" = $1 ORDER BY "ar_internal_metadata"."key" ASC LIMIT 1[0m  [[nil, "environment"]]
  [1m[35m (0.1ms)[0m  [1m[34mSELECT pg_advisory_unlock(5218762136757475110)[0m
  [1m[36mActiveRecord::SchemaMigration Load (0.1ms)[0m  [1m[34mSELECT "schema_migrations"."version" FROM "schema_migrations" ORDER BY "schema_migrations"."version" ASC[0m
Started GET "/health/live" for 127.0.0.1 at 2025-10-30 13:21:32 +0000
  [1m[36mActiveRecord::SchemaMigration Load (0.7ms)[0m  [1m[34mSELECT "schema_migrations"."version" FROM "schema_migrations" ORDER BY "schema_migrations"."version" ASC[0m
Processing by HealthController#live as */*
Completed 200 OK in 2ms (Views: 0.1ms | ActiveRecord: 0.0ms | Allocations: 3013)


Started GET "/health/live" for 151.101.1.227 at 2025-10-30 13:21:36 +0000
Processing by HealthController#live as HTML
Completed 200 OK in 0ms (Views: 0.1ms | ActiveRecord: 0.0ms | Allocations: 56)


Started GET "/favicon.ico" for 151.101.1.227 at 2025-10-30 13:21:36 +0000
  
ActionController::RoutingError (No route matches [GET] "/favicon.ico"):
  
Started GET "/health/live" for 127.0.0.1 at 2025-10-30 13:21:37 +0000
Processing by HealthController#live as */*
Completed 200 OK in 0ms (Views: 0.1ms | ActiveRecord: 0.0ms | Allocations: 54)


Started GET "/payments" for 151.101.1.227 at 2025-10-30 13:21:40 +0000
Processing by PaymentsController#index as */*
  [1m[36mPayment Load (0.6ms)[0m  [1m[34mSELECT "payments".* FROM "payments" ORDER BY "payments"."created_at" DESC LIMIT $1[0m  [["LIMIT", 50]]
  ↳ app/controllers/payments_controller.rb:4:in `map'
Completed 200 OK in 69ms (Views: 0.2ms | ActiveRecord: 9.8ms | Allocations: 24528)


Started GET "/payments" for 151.101.1.227 at 2025-10-30 13:21:41 +0000
Processing by PaymentsController#index as */*
  [1m[36mPayment Load (0.2ms)[0m  [1m[34mSELECT "payments".* FROM "payments" ORDER BY "payments"."created_at" DESC LIMIT $1[0m  [["LIMIT", 50]]
  ↳ app/controllers/payments_controller.rb:4:in `map'
Completed 200 OK in 2ms (Views: 0.1ms | ActiveRecord: 0.2ms | Allocations: 706)


Started GET "/payments" for 151.101.1.227 at 2025-10-30 13:21:42 +0000
Processing by PaymentsController#index as */*
  [1m[36mPayment Load (0.5ms)[0m  [1m[34mSELECT "payments".* FROM "payments" ORDER BY "payments"."created_at" DESC LIMIT $1[0m  [["LIMIT", 50]]
  ↳ app/controllers/payments_controller.rb:4:in `map'
Completed 200 OK in 3ms (Views: 0.6ms | ActiveRecord: 0.4ms | Allocations: 702)


Started GET "/health/live" for 127.0.0.1 at 2025-10-30 13:21:42 +0000
Processing by HealthController#live as */*
Completed 200 OK in 0ms (Views: 0.1ms | ActiveRecord: 0.0ms | Allocations: 53)


Started GET "/payments" for 151.101.1.227 at 2025-10-30 13:21:44 +0000
Processing by PaymentsController#index as */*
  [1m[36mPayment Load (0.3ms)[0m  [1m[34mSELECT "payments".* FROM "payments" ORDER BY "payments"."created_at" DESC LIMIT $1[0m  [["LIMIT", 50]]
  ↳ app/controllers/payments_controller.rb:4:in `map'
Completed 200 OK in 2ms (Views: 0.1ms | ActiveRecord: 0.3ms | Allocations: 701)


Started GET "/payments" for 151.101.1.227 at 2025-10-30 13:21:46 +0000
Processing by PaymentsController#index as */*
  [1m[36mPayment Load (0.4ms)[0m  [1m[34mSELECT "payments".* FROM "payments" ORDER BY "payments"."created_at" DESC LIMIT $1[0m  [["LIMIT", 50]]
  ↳ app/controllers/payments_controller.rb:4:in `map'
Completed 200 OK in 3ms (Views: 0.2ms | ActiveRecord: 0.4ms | Allocations: 689)


Started GET "/payments" for 151.101.1.227 at 2025-10-30 13:21:47 +0000
Processing by PaymentsController#index as */*
  [1m[36mPayment Load (0.5ms)[0m  [1m[34mSELECT "payments".* FROM "payments" ORDER BY "payments"."created_at" DESC LIMIT $1[0m  [["LIMIT", 50]]
  ↳ app/controllers/payments_controller.rb:4:in `map'
Completed 200 OK in 3ms (Views: 0.3ms | ActiveRecord: 0.5ms | Allocations: 689)


Started GET "/health/live" for 127.0.0.1 at 2025-10-30 13:21:47 +0000
Processing by HealthController#live as */*
Completed 200 OK in 0ms (Views: 0.1ms | ActiveRecord: 0.0ms | Allocations: 53)


Started GET "/admin/sidekiq" for 151.101.1.227 at 2025-10-30 13:21:48 +0000
  
RuntimeError (Sidekiq::Web needs a valid Rack session for CSRF protection. If this is a Rails app,
make sure you mount Sidekiq::Web *inside* your application routes:


Rails.application.routes.draw do
  mount Sidekiq::Web => "/sidekiq"
  ....
end


If this is a Rails app in API mode, you need to enable sessions.

  https://guides.rubyonrails.org/api_app.html#using-session-middlewares

If this is a bare Rack app, use a session middleware before Sidekiq::Web:

  # first, use IRB to create a shared secret key for sessions and commit it
  require 'securerandom'; File.open(".session.key", "w") {|f| f.write(SecureRandom.hex(32)) }

  # now use the secret with a session cookie middleware
  use Rack::Session::Cookie, secret: File.read(".session.key"), same_site: true, max_age: 86400
  run Sidekiq::Web

):
  
sidekiq (8.0.8) lib/sidekiq/web/csrf_protection.rb:68:in `session'
sidekiq (8.0.8) lib/sidekiq/web/csrf_protection.rb:48:in `admit'
sidekiq (8.0.8) lib/sidekiq/web/csrf_protection.rb:40:in `call'
rack (3.2.3) lib/rack/static.rb:162:in `call'
rack (3.2.3) lib/rack/builder.rb:283:in `call'
sidekiq (8.0.8) lib/sidekiq/web.rb:90:in `call'
sidekiq (8.0.8) lib/sidekiq/web.rb:77:in `call'
actionpack (7.1.3) lib/action_dispatch/routing/mapper.rb:22:in `block in <class:Constraints>'
actionpack (7.1.3) lib/action_dispatch/routing/mapper.rb:51:in `serve'
actionpack (7.1.3) lib/action_dispatch/journey/router.rb:51:in `block in serve'
actionpack (7.1.3) lib/action_dispatch/journey/router.rb:131:in `block in find_routes'
actionpack (7.1.3) lib/action_dispatch/journey/router.rb:124:in `each'
actionpack (7.1.3) lib/action_dispatch/journey/router.rb:124:in `find_routes'
actionpack (7.1.3) lib/action_dispatch/journey/router.rb:32:in `serve'
actionpack (7.1.3) lib/action_dispatch/routing/route_set.rb:882:in `call'
rack (3.2.3) lib/rack/etag.rb:29:in `call'
rack (3.2.3) lib/rack/conditional_get.rb:31:in `call'
rack (3.2.3) lib/rack/head.rb:15:in `call'
activerecord (7.1.3) lib/active_record/migration.rb:655:in `call'
actionpack (7.1.3) lib/action_dispatch/middleware/callbacks.rb:29:in `block in call'
activesupport (7.1.3) lib/active_support/callbacks.rb:101:in `run_callbacks'
actionpack (7.1.3) lib/action_dispatch/middleware/callbacks.rb:28:in `call'
actionpack (7.1.3) lib/action_dispatch/middleware/executor.rb:14:in `call'
actionpack (7.1.3) lib/action_dispatch/middleware/actionable_exceptions.rb:16:in `call'
actionpack (7.1.3) lib/action_dispatch/middleware/debug_exceptions.rb:29:in `call'
actionpack (7.1.3) lib/action_dispatch/middleware/show_exceptions.rb:31:in `call'
railties (7.1.3) lib/rails/rack/logger.rb:37:in `call_app'
railties (7.1.3) lib/rails/rack/logger.rb:24:in `block in call'
activesupport (7.1.3) lib/active_support/tagged_logging.rb:135:in `block in tagged'
activesupport (7.1.3) lib/active_support/tagged_logging.rb:39:in `tagged'
activesupport (7.1.3) lib/active_support/tagged_logging.rb:135:in `tagged'
activesupport (7.1.3) lib/active_support/broadcast_logger.rb:240:in `method_missing'
railties (7.1.3) lib/rails/rack/logger.rb:24:in `call'
actionpack (7.1.3) lib/action_dispatch/middleware/remote_ip.rb:92:in `call'
actionpack (7.1.3) lib/action_dispatch/middleware/request_id.rb:28:in `call'
rack (3.2.3) lib/rack/runtime.rb:24:in `call'
actionpack (7.1.3) lib/action_dispatch/middleware/server_timing.rb:59:in `block in call'
actionpack (7.1.3) lib/action_dispatch/middleware/server_timing.rb:24:in `collect_events'
actionpack (7.1.3) lib/action_dispatch/middleware/server_timing.rb:58:in `call'
actionpack (7.1.3) lib/action_dispatch/middleware/executor.rb:14:in `call'
actionpack (7.1.3) lib/action_dispatch/middleware/static.rb:25:in `call'
rack (3.2.3) lib/rack/sendfile.rb:131:in `call'
actionpack (7.1.3) lib/action_dispatch/middleware/host_authorization.rb:141:in `call'
rack-cors (3.0.0) lib/rack/cors.rb:102:in `call'
railties (7.1.3) lib/rails/engine.rb:536:in `call'
puma (7.1.0) lib/puma/configuration.rb:300:in `call'
puma (7.1.0) lib/puma/request.rb:101:in `block in handle_request'
puma (7.1.0) lib/puma/thread_pool.rb:355:in `with_force_shutdown'
puma (7.1.0) lib/puma/request.rb:100:in `handle_request'
puma (7.1.0) lib/puma/server.rb:503:in `process_client'
puma (7.1.0) lib/puma/server.rb:262:in `block in run'
puma (7.1.0) lib/puma/thread_pool.rb:182:in `block in spawn_thread'
Started GET "/payments" for 151.101.1.227 at 2025-10-30 13:21:49 +0000
Processing by PaymentsController#index as */*
  [1m[36mPayment Load (0.4ms)[0m  [1m[34mSELECT "payments".* FROM "payments" ORDER BY "payments"."created_at" DESC LIMIT $1[0m  [["LIMIT", 50]]
  ↳ app/controllers/payments_controller.rb:4:in `map'
Completed 200 OK in 4ms (Views: 0.3ms | ActiveRecord: 0.4ms | Allocations: 689)


Started GET "/payments" for 151.101.1.227 at 2025-10-30 13:21:50 +0000
Processing by PaymentsController#index as */*
  [1m[36mPayment Load (0.3ms)[0m  [1m[34mSELECT "payments".* FROM "payments" ORDER BY "payments"."created_at" DESC LIMIT $1[0m  [["LIMIT", 50]]
  ↳ app/controllers/payments_controller.rb:4:in `map'
Completed 200 OK in 2ms (Views: 0.2ms | ActiveRecord: 0.3ms | Allocations: 688)


Started GET "/payments" for 151.101.1.227 at 2025-10-30 13:21:52 +0000
Processing by PaymentsController#index as */*
  [1m[36mPayment Load (0.4ms)[0m  [1m[34mSELECT "payments".* FROM "payments" ORDER BY "payments"."created_at" DESC LIMIT $1[0m  [["LIMIT", 50]]
  ↳ app/controllers/payments_controller.rb:4:in `map'
Completed 200 OK in 3ms (Views: 0.3ms | ActiveRecord: 0.4ms | Allocations: 688)


Started GET "/health/live" for 127.0.0.1 at 2025-10-30 13:21:52 +0000
Processing by HealthController#live as */*
Completed 200 OK in 0ms (Views: 0.1ms | ActiveRecord: 0.0ms | Allocations: 52)


Started GET "/payments" for 151.101.1.227 at 2025-10-30 13:21:53 +0000
Processing by PaymentsController#index as */*
  [1m[36mPayment Load (0.4ms)[0m  [1m[34mSELECT "payments".* FROM "payments" ORDER BY "payments"."created_at" DESC LIMIT $1[0m  [["LIMIT", 50]]
  ↳ app/controllers/payments_controller.rb:4:in `map'
Completed 200 OK in 4ms (Views: 0.3ms | ActiveRecord: 0.4ms | Allocations: 698)


Started GET "/payments" for 151.101.1.227 at 2025-10-30 13:21:54 +0000
Processing by PaymentsController#index as */*
  [1m[36mPayment Load (0.2ms)[0m  [1m[34mSELECT "payments".* FROM "payments" ORDER BY "payments"."created_at" DESC LIMIT $1[0m  [["LIMIT", 50]]
  ↳ app/controllers/payments_controller.rb:4:in `map'
Completed 200 OK in 1ms (Views: 0.1ms | ActiveRecord: 0.2ms | Allocations: 688)


Started GET "/payments" for 151.101.1.227 at 2025-10-30 13:21:55 +0000
Processing by PaymentsController#index as */*
  [1m[36mPayment Load (0.5ms)[0m  [1m[34mSELECT "payments".* FROM "payments" ORDER BY "payments"."created_at" DESC LIMIT $1[0m  [["LIMIT", 50]]
  ↳ app/controllers/payments_controller.rb:4:in `map'
Completed 200 OK in 3ms (Views: 0.3ms | ActiveRecord: 0.5ms | Allocations: 688)


Started GET "/payments" for 151.101.1.227 at 2025-10-30 13:21:56 +0000
Processing by PaymentsController#index as */*
  [1m[36mPayment Load (0.3ms)[0m  [1m[34mSELECT "payments".* FROM "payments" ORDER BY "payments"."created_at" DESC LIMIT $1[0m  [["LIMIT", 50]]
  ↳ app/controllers/payments_controller.rb:4:in `map'
Completed 200 OK in 2ms (Views: 0.2ms | ActiveRecord: 0.3ms | Allocations: 688)


Started GET "/payments" for 151.101.1.227 at 2025-10-30 13:21:56 +0000
Processing by PaymentsController#index as */*
  [1m[36mPayment Load (0.4ms)[0m  [1m[34mSELECT "payments".* FROM "payments" ORDER BY "payments"."created_at" DESC LIMIT $1[0m  [["LIMIT", 50]]
  ↳ app/controllers/payments_controller.rb:4:in `map'
Completed 200 OK in 3ms (Views: 0.3ms | ActiveRecord: 0.4ms | Allocations: 688)


Started GET "/payments" for 151.101.1.227 at 2025-10-30 13:21:57 +0000
Processing by PaymentsController#index as */*
  [1m[36mPayment Load (0.3ms)[0m  [1m[34mSELECT "payments".* FROM "payments" ORDER BY "payments"."created_at" DESC LIMIT $1[0m  [["LIMIT", 50]]
  ↳ app/controllers/payments_controller.rb:4:in `map'
Completed 200 OK in 3ms (Views: 0.2ms | ActiveRecord: 0.3ms | Allocations: 688)


Started GET "/health/live" for 127.0.0.1 at 2025-10-30 13:21:57 +0000
Processing by HealthController#live as */*
Completed 200 OK in 0ms (Views: 0.1ms | ActiveRecord: 0.0ms | Allocations: 52)


Started GET "/payments" for 151.101.1.227 at 2025-10-30 13:21:58 +0000
Processing by PaymentsController#index as */*
  [1m[36mPayment Load (0.4ms)[0m  [1m[34mSELECT "payments".* FROM "payments" ORDER BY "payments"."created_at" DESC LIMIT $1[0m  [["LIMIT", 50]]
  ↳ app/controllers/payments_controller.rb:4:in `map'
Completed 200 OK in 3ms (Views: 0.3ms | ActiveRecord: 0.4ms | Allocations: 688)


Started GET "/payments" for 151.101.1.227 at 2025-10-30 13:21:59 +0000
Processing by PaymentsController#index as */*
  [1m[36mPayment Load (0.3ms)[0m  [1m[34mSELECT "payments".* FROM "payments" ORDER BY "payments"."created_at" DESC LIMIT $1[0m  [["LIMIT", 50]]
  ↳ app/controllers/payments_controller.rb:4:in `map'
Completed 200 OK in 3ms (Views: 0.2ms | ActiveRecord: 0.3ms | Allocations: 688)


Started GET "/payments" for 151.101.1.227 at 2025-10-30 13:21:59 +0000
Processing by PaymentsController#index as */*
  [1m[36mPayment Load (0.4ms)[0m  [1m[34mSELECT "payments".* FROM "payments" ORDER BY "payments"."created_at" DESC LIMIT $1[0m  [["LIMIT", 50]]
  ↳ app/controllers/payments_controller.rb:4:in `map'
Completed 200 OK in 3ms (Views: 0.2ms | ActiveRecord: 0.4ms | Allocations: 688)


Started GET "/payments" for 151.101.1.227 at 2025-10-30 13:22:00 +0000
Processing by PaymentsController#index as */*
  [1m[36mPayment Load (0.3ms)[0m  [1m[34mSELECT "payments".* FROM "payments" ORDER BY "payments"."created_at" DESC LIMIT $1[0m  [["LIMIT", 50]]
  ↳ app/controllers/payments_controller.rb:4:in `map'
Completed 200 OK in 2ms (Views: 0.2ms | ActiveRecord: 0.3ms | Allocations: 688)


Started GET "/payments" for 151.101.1.227 at 2025-10-30 13:22:01 +0000
Processing by PaymentsController#index as */*
  [1m[36mPayment Load (0.3ms)[0m  [1m[34mSELECT "payments".* FROM "payments" ORDER BY "payments"."created_at" DESC LIMIT $1[0m  [["LIMIT", 50]]
  ↳ app/controllers/payments_controller.rb:4:in `map'
Completed 200 OK in 2ms (Views: 0.2ms | ActiveRecord: 0.3ms | Allocations: 688)


Started GET "/payments" for 151.101.1.227 at 2025-10-30 13:22:02 +0000
Processing by PaymentsController#index as */*
  [1m[36mPayment Load (0.4ms)[0m  [1m[34mSELECT "payments".* FROM "payments" ORDER BY "payments"."created_at" DESC LIMIT $1[0m  [["LIMIT", 50]]
  ↳ app/controllers/payments_controller.rb:4:in `map'
Completed 200 OK in 4ms (Views: 0.3ms | ActiveRecord: 0.4ms | Allocations: 688)


Started GET "/payments" for 151.101.1.227 at 2025-10-30 13:22:02 +0000
Processing by PaymentsController#index as */*
  [1m[36mPayment Load (0.2ms)[0m  [1m[34mSELECT "payments".* FROM "payments" ORDER BY "payments"."created_at" DESC LIMIT $1[0m  [["LIMIT", 50]]
  ↳ app/controllers/payments_controller.rb:4:in `map'
Completed 200 OK in 2ms (Views: 0.2ms | ActiveRecord: 0.2ms | Allocations: 688)


Started GET "/health/live" for 127.0.0.1 at 2025-10-30 13:22:03 +0000
Processing by HealthController#live as */*
Completed 200 OK in 0ms (Views: 0.1ms | ActiveRecord: 0.0ms | Allocations: 52)


Started GET "/payments" for 151.101.1.227 at 2025-10-30 13:22:04 +0000
Processing by PaymentsController#index as */*
  [1m[36mPayment Load (0.4ms)[0m  [1m[34mSELECT "payments".* FROM "payments" ORDER BY "payments"."created_at" DESC LIMIT $1[0m  [["LIMIT", 50]]
  ↳ app/controllers/payments_controller.rb:4:in `map'
Completed 200 OK in 4ms (Views: 0.3ms | ActiveRecord: 0.4ms | Allocations: 688)


Started GET "/payments" for 151.101.1.227 at 2025-10-30 13:22:04 +0000
Processing by PaymentsController#index as */*
  [1m[36mPayment Load (0.3ms)[0m  [1m[34mSELECT "payments".* FROM "payments" ORDER BY "payments"."created_at" DESC LIMIT $1[0m  [["LIMIT", 50]]
  ↳ app/controllers/payments_controller.rb:4:in `map'
Completed 200 OK in 2ms (Views: 0.2ms | ActiveRecord: 0.3ms | Allocations: 688)


Started GET "/payments" for 151.101.1.227 at 2025-10-30 13:22:05 +0000
Processing by PaymentsController#index as */*
  [1m[36mPayment Load (0.4ms)[0m  [1m[34mSELECT "payments".* FROM "payments" ORDER BY "payments"."created_at" DESC LIMIT $1[0m  [["LIMIT", 50]]
  ↳ app/controllers/payments_controller.rb:4:in `map'
Completed 200 OK in 3ms (Views: 0.3ms | ActiveRecord: 0.4ms | Allocations: 688)


Started GET "/payments" for 151.101.1.227 at 2025-10-30 13:22:05 +0000
Processing by PaymentsController#index as */*
  [1m[36mPayment Load (0.2ms)[0m  [1m[34mSELECT "payments".* FROM "payments" ORDER BY "payments"."created_at" DESC LIMIT $1[0m  [["LIMIT", 50]]
  ↳ app/controllers/payments_controller.rb:4:in `map'
Completed 200 OK in 2ms (Views: 0.2ms | ActiveRecord: 0.2ms | Allocations: 688)


Started GET "/payments" for 151.101.1.227 at 2025-10-30 13:22:07 +0000
Processing by PaymentsController#index as */*
  [1m[36mPayment Load (0.4ms)[0m  [1m[34mSELECT "payments".* FROM "payments" ORDER BY "payments"."created_at" DESC LIMIT $1[0m  [["LIMIT", 50]]
  ↳ app/controllers/payments_controller.rb:4:in `map'
Completed 200 OK in 3ms (Views: 0.3ms | ActiveRecord: 0.4ms | Allocations: 688)


Started GET "/payments" for 151.101.1.227 at 2025-10-30 13:22:07 +0000
Processing by PaymentsController#index as */*
  [1m[36mPayment Load (0.3ms)[0m  [1m[34mSELECT "payments".* FROM "payments" ORDER BY "payments"."created_at" DESC LIMIT $1[0m  [["LIMIT", 50]]
  ↳ app/controllers/payments_controller.rb:4:in `map'
Completed 200 OK in 2ms (Views: 0.2ms | ActiveRecord: 0.3ms | Allocations: 688)


Started GET "/payments" for 151.101.1.227 at 2025-10-30 13:22:07 +0000
Processing by PaymentsController#index as */*
  [1m[36mPayment Load (0.2ms)[0m  [1m[34mSELECT "payments".* FROM "payments" ORDER BY "payments"."created_at" DESC LIMIT $1[0m  [["LIMIT", 50]]
  ↳ app/controllers/payments_controller.rb:4:in `map'
Completed 200 OK in 2ms (Views: 0.2ms | ActiveRecord: 0.2ms | Allocations: 688)


Started GET "/health/live" for 127.0.0.1 at 2025-10-30 13:22:08 +0000
Processing by HealthController#live as */*
Completed 200 OK in 0ms (Views: 0.1ms | ActiveRecord: 0.0ms | Allocations: 54)


Started GET "/payments" for 151.101.1.227 at 2025-10-30 13:22:08 +0000
Processing by PaymentsController#index as */*
  [1m[36mPayment Load (0.5ms)[0m  [1m[34mSELECT "payments".* FROM "payments" ORDER BY "payments"."created_at" DESC LIMIT $1[0m  [["LIMIT", 50]]
  ↳ app/controllers/payments_controller.rb:4:in `map'
Completed 200 OK in 4ms (Views: 0.4ms | ActiveRecord: 0.4ms | Allocations: 689)


Started GET "/payments" for 151.101.1.227 at 2025-10-30 13:22:08 +0000
Processing by PaymentsController#index as */*
  [1m[36mPayment Load (0.2ms)[0m  [1m[34mSELECT "payments".* FROM "payments" ORDER BY "payments"."created_at" DESC LIMIT $1[0m  [["LIMIT", 50]]
  ↳ app/controllers/payments_controller.rb:4:in `map'
Completed 200 OK in 2ms (Views: 0.2ms | ActiveRecord: 0.2ms | Allocations: 689)


Started GET "/payments" for 151.101.1.227 at 2025-10-30 13:22:10 +0000
Processing by PaymentsController#index as */*
  [1m[36mPayment Load (0.4ms)[0m  [1m[34mSELECT "payments".* FROM "payments" ORDER BY "payments"."created_at" DESC LIMIT $1[0m  [["LIMIT", 50]]
  ↳ app/controllers/payments_controller.rb:4:in `map'
Completed 200 OK in 3ms (Views: 0.3ms | ActiveRecord: 0.4ms | Allocations: 689)


Started GET "/payments" for 151.101.1.227 at 2025-10-30 13:22:10 +0000
Processing by PaymentsController#index as */*
  [1m[36mPayment Load (0.2ms)[0m  [1m[34mSELECT "payments".* FROM "payments" ORDER BY "payments"."created_at" DESC LIMIT $1[0m  [["LIMIT", 50]]
  ↳ app/controllers/payments_controller.rb:4:in `map'
Completed 200 OK in 2ms (Views: 0.2ms | ActiveRecord: 0.2ms | Allocations: 689)


Started GET "/payments" for 151.101.1.227 at 2025-10-30 13:22:11 +0000
Processing by PaymentsController#index as */*
  [1m[36mPayment Load (0.2ms)[0m  [1m[34mSELECT "payments".* FROM "payments" ORDER BY "payments"."created_at" DESC LIMIT $1[0m  [["LIMIT", 50]]
  ↳ app/controllers/payments_controller.rb:4:in `map'
Completed 200 OK in 2ms (Views: 0.2ms | ActiveRecord: 0.2ms | Allocations: 689)


Started GET "/payments" for 151.101.1.227 at 2025-10-30 13:22:11 +0000
Processing by PaymentsController#index as */*
  [1m[36mPayment Load (0.2ms)[0m  [1m[34mSELECT "payments".* FROM "payments" ORDER BY "payments"."created_at" DESC LIMIT $1[0m  [["LIMIT", 50]]
  ↳ app/controllers/payments_controller.rb:4:in `map'
Completed 200 OK in 2ms (Views: 0.1ms | ActiveRecord: 0.2ms | Allocations: 689)


Started GET "/health/live" for 127.0.0.1 at 2025-10-30 13:22:13 +0000
Processing by HealthController#live as */*
Completed 200 OK in 0ms (Views: 0.1ms | ActiveRecord: 0.0ms | Allocations: 53)


Started GET "/payments" for 151.101.1.227 at 2025-10-30 13:22:13 +0000
Processing by PaymentsController#index as */*
  [1m[36mPayment Load (0.4ms)[0m  [1m[34mSELECT "payments".* FROM "payments" ORDER BY "payments"."created_at" DESC LIMIT $1[0m  [["LIMIT", 50]]
  ↳ app/controllers/payments_controller.rb:4:in `map'
Completed 200 OK in 3ms (Views: 0.3ms | ActiveRecord: 0.4ms | Allocations: 689)


Started GET "/payments" for 151.101.1.227 at 2025-10-30 13:22:13 +0000
Processing by PaymentsController#index as */*
  [1m[36mPayment Load (0.2ms)[0m  [1m[34mSELECT "payments".* FROM "payments" ORDER BY "payments"."created_at" DESC LIMIT $1[0m  [["LIMIT", 50]]
  ↳ app/controllers/payments_controller.rb:4:in `map'
Completed 200 OK in 2ms (Views: 0.2ms | ActiveRecord: 0.2ms | Allocations: 689)


Started GET "/payments" for 151.101.1.227 at 2025-10-30 13:22:14 +0000
Processing by PaymentsController#index as */*
  [1m[36mPayment Load (0.3ms)[0m  [1m[34mSELECT "payments".* FROM "payments" ORDER BY "payments"."created_at" DESC LIMIT $1[0m  [["LIMIT", 50]]
  ↳ app/controllers/payments_controller.rb:4:in `map'
Completed 200 OK in 3ms (Views: 0.2ms | ActiveRecord: 0.3ms | Allocations: 689)


Started GET "/payments" for 151.101.1.227 at 2025-10-30 13:22:14 +0000
Processing by PaymentsController#index as */*
  [1m[36mPayment Load (0.4ms)[0m  [1m[34mSELECT "payments".* FROM "payments" ORDER BY "payments"."created_at" DESC LIMIT $1[0m  [["LIMIT", 50]]
  ↳ app/controllers/payments_controller.rb:4:in `map'
Completed 200 OK in 3ms (Views: 0.3ms | ActiveRecord: 0.4ms | Allocations: 689)


Started GET "/payments" for 151.101.1.227 at 2025-10-30 13:22:16 +0000
Processing by PaymentsController#index as */*
  [1m[36mPayment Load (0.4ms)[0m  [1m[34mSELECT "payments".* FROM "payments" ORDER BY "payments"."created_at" DESC LIMIT $1[0m  [["LIMIT", 50]]
  ↳ app/controllers/payments_controller.rb:4:in `map'
Completed 200 OK in 3ms (Views: 0.3ms | ActiveRecord: 0.4ms | Allocations: 689)


Started GET "/payments" for 151.101.1.227 at 2025-10-30 13:22:16 +0000
Processing by PaymentsController#index as */*
  [1m[36mPayment Load (0.2ms)[0m  [1m[34mSELECT "payments".* FROM "payments" ORDER BY "payments"."created_at" DESC LIMIT $1[0m  [["LIMIT", 50]]
  ↳ app/controllers/payments_controller.rb:4:in `map'
Completed 200 OK in 2ms (Views: 0.2ms | ActiveRecord: 0.2ms | Allocations: 689)


Started GET "/payments" for 151.101.1.227 at 2025-10-30 13:22:17 +0000
Processing by PaymentsController#index as */*
  [1m[36mPayment Load (0.3ms)[0m  [1m[34mSELECT "payments".* FROM "payments" ORDER BY "payments"."created_at" DESC LIMIT $1[0m  [["LIMIT", 50]]
  ↳ app/controllers/payments_controller.rb:4:in `map'
Completed 200 OK in 2ms (Views: 0.2ms | ActiveRecord: 0.3ms | Allocations: 689)


Started GET "/payments" for 151.101.1.227 at 2025-10-30 13:22:17 +0000
Processing by PaymentsController#index as */*
  [1m[36mPayment Load (0.2ms)[0m  [1m[34mSELECT "payments".* FROM "payments" ORDER BY "payments"."created_at" DESC LIMIT $1[0m  [["LIMIT", 50]]
  ↳ app/controllers/payments_controller.rb:4:in `map'
Completed 200 OK in 2ms (Views: 0.2ms | ActiveRecord: 0.2ms | Allocations: 689)


Started GET "/health/live" for 127.0.0.1 at 2025-10-30 13:22:18 +0000
Processing by HealthController#live as */*
Completed 200 OK in 0ms (Views: 0.1ms | ActiveRecord: 0.0ms | Allocations: 54)


Started GET "/payments" for 151.101.1.227 at 2025-10-30 13:22:19 +0000
Processing by PaymentsController#index as */*
  [1m[36mPayment Load (0.4ms)[0m  [1m[34mSELECT "payments".* FROM "payments" ORDER BY "payments"."created_at" DESC LIMIT $1[0m  [["LIMIT", 50]]
  ↳ app/controllers/payments_controller.rb:4:in `map'
Completed 200 OK in 3ms (Views: 0.3ms | ActiveRecord: 0.4ms | Allocations: 689)


Started GET "/payments" for 151.101.1.227 at 2025-10-30 13:22:19 +0000
Processing by PaymentsController#index as */*
  [1m[36mPayment Load (0.3ms)[0m  [1m[34mSELECT "payments".* FROM "payments" ORDER BY "payments"."created_at" DESC LIMIT $1[0m  [["LIMIT", 50]]
  ↳ app/controllers/payments_controller.rb:4:in `map'
Completed 200 OK in 3ms (Views: 0.2ms | ActiveRecord: 0.3ms | Allocations: 689)


Started GET "/payments" for 151.101.1.227 at 2025-10-30 13:22:20 +0000
Processing by PaymentsController#index as */*
  [1m[36mPayment Load (0.3ms)[0m  [1m[34mSELECT "payments".* FROM "payments" ORDER BY "payments"."created_at" DESC LIMIT $1[0m  [["LIMIT", 50]]
  ↳ app/controllers/payments_controller.rb:4:in `map'
Completed 200 OK in 3ms (Views: 0.2ms | ActiveRecord: 0.3ms | Allocations: 689)


Started GET "/payments" for 151.101.1.227 at 2025-10-30 13:22:20 +0000
Processing by PaymentsController#index as */*
  [1m[36mPayment Load (0.3ms)[0m  [1m[34mSELECT "payments".* FROM "payments" ORDER BY "payments"."created_at" DESC LIMIT $1[0m  [["LIMIT", 50]]
  ↳ app/controllers/payments_controller.rb:4:in `map'
Completed 200 OK in 2ms (Views: 0.2ms | ActiveRecord: 0.3ms | Allocations: 689)


Started GET "/payments" for 151.101.1.227 at 2025-10-30 13:22:22 +0000
Processing by PaymentsController#index as */*
  [1m[36mPayment Load (0.4ms)[0m  [1m[34mSELECT "payments".* FROM "payments" ORDER BY "payments"."created_at" DESC LIMIT $1[0m  [["LIMIT", 50]]
  ↳ app/controllers/payments_controller.rb:4:in `map'
Completed 200 OK in 4ms (Views: 0.9ms | ActiveRecord: 0.4ms | Allocations: 689)


Started GET "/payments" for 151.101.1.227 at 2025-10-30 13:22:22 +0000
Processing by PaymentsController#index as */*
  [1m[36mPayment Load (0.2ms)[0m  [1m[34mSELECT "payments".* FROM "payments" ORDER BY "payments"."created_at" DESC LIMIT $1[0m  [["LIMIT", 50]]
  ↳ app/controllers/payments_controller.rb:4:in `map'
Completed 200 OK in 2ms (Views: 0.2ms | ActiveRecord: 0.2ms | Allocations: 689)


Started GET "/health/live" for 127.0.0.1 at 2025-10-30 13:22:23 +0000
Processing by HealthController#live as */*
Completed 200 OK in 0ms (Views: 0.1ms | ActiveRecord: 0.0ms | Allocations: 53)


Started GET "/payments" for 151.101.1.227 at 2025-10-30 13:22:23 +0000
Processing by PaymentsController#index as */*
  [1m[36mPayment Load (0.5ms)[0m  [1m[34mSELECT "payments".* FROM "payments" ORDER BY "payments"."created_at" DESC LIMIT $1[0m  [["LIMIT", 50]]
  ↳ app/controllers/payments_controller.rb:4:in `map'
Completed 200 OK in 4ms (Views: 0.3ms | ActiveRecord: 0.5ms | Allocations: 689)


Started GET "/payments" for 151.101.1.227 at 2025-10-30 13:22:23 +0000
Processing by PaymentsController#index as */*
  [1m[36mPayment Load (0.4ms)[0m  [1m[34mSELECT "payments".* FROM "payments" ORDER BY "payments"."created_at" DESC LIMIT $1[0m  [["LIMIT", 50]]
  ↳ app/controllers/payments_controller.rb:4:in `map'
Completed 200 OK in 3ms (Views: 0.3ms | ActiveRecord: 0.4ms | Allocations: 689)


Started GET "/payments" for 151.101.1.227 at 2025-10-30 13:22:25 +0000
Processing by PaymentsController#index as */*
  [1m[36mPayment Load (0.4ms)[0m  [1m[34mSELECT "payments".* FROM "payments" ORDER BY "payments"."created_at" DESC LIMIT $1[0m  [["LIMIT", 50]]
  ↳ app/controllers/payments_controller.rb:4:in `map'
Completed 200 OK in 3ms (Views: 0.3ms | ActiveRecord: 0.4ms | Allocations: 689)


Started GET "/payments" for 151.101.1.227 at 2025-10-30 13:22:25 +0000
Processing by PaymentsController#index as */*
  [1m[36mPayment Load (0.3ms)[0m  [1m[34mSELECT "payments".* FROM "payments" ORDER BY "payments"."created_at" DESC LIMIT $1[0m  [["LIMIT", 50]]
  ↳ app/controllers/payments_controller.rb:4:in `map'
Completed 200 OK in 2ms (Views: 0.2ms | ActiveRecord: 0.3ms | Allocations: 689)


Started GET "/payments" for 151.101.1.227 at 2025-10-30 13:22:26 +0000
Processing by PaymentsController#index as */*
  [1m[36mPayment Load (0.4ms)[0m  [1m[34mSELECT "payments".* FROM "payments" ORDER BY "payments"."created_at" DESC LIMIT $1[0m  [["LIMIT", 50]]
  ↳ app/controllers/payments_controller.rb:4:in `map'
Completed 200 OK in 3ms (Views: 0.3ms | ActiveRecord: 0.4ms | Allocations: 689)


Started GET "/payments" for 151.101.1.227 at 2025-10-30 13:22:26 +0000
Processing by PaymentsController#index as */*
  [1m[36mPayment Load (0.2ms)[0m  [1m[34mSELECT "payments".* FROM "payments" ORDER BY "payments"."created_at" DESC LIMIT $1[0m  [["LIMIT", 50]]
  ↳ app/controllers/payments_controller.rb:4:in `map'
Completed 200 OK in 2ms (Views: 0.2ms | ActiveRecord: 0.2ms | Allocations: 689)


Started GET "/health/live" for 127.0.0.1 at 2025-10-30 13:22:28 +0000
Processing by HealthController#live as */*
Completed 200 OK in 0ms (Views: 0.1ms | ActiveRecord: 0.0ms | Allocations: 53)


Started GET "/payments" for 151.101.1.227 at 2025-10-30 13:22:28 +0000
Processing by PaymentsController#index as */*
  [1m[36mPayment Load (0.4ms)[0m  [1m[34mSELECT "payments".* FROM "payments" ORDER BY "payments"."created_at" DESC LIMIT $1[0m  [["LIMIT", 50]]
  ↳ app/controllers/payments_controller.rb:4:in `map'
Completed 200 OK in 3ms (Views: 0.3ms | ActiveRecord: 0.4ms | Allocations: 689)


Started GET "/payments" for 151.101.1.227 at 2025-10-30 13:22:28 +0000
Processing by PaymentsController#index as */*
  [1m[36mPayment Load (0.2ms)[0m  [1m[34mSELECT "payments".* FROM "payments" ORDER BY "payments"."created_at" DESC LIMIT $1[0m  [["LIMIT", 50]]
  ↳ app/controllers/payments_controller.rb:4:in `map'
Completed 200 OK in 4ms (Views: 0.2ms | ActiveRecord: 0.2ms | Allocations: 690)


Started GET "/payments" for 151.101.1.227 at 2025-10-30 13:22:29 +0000
Processing by PaymentsController#index as */*
  [1m[36mPayment Load (0.4ms)[0m  [1m[34mSELECT "payments".* FROM "payments" ORDER BY "payments"."created_at" DESC LIMIT $1[0m  [["LIMIT", 50]]
  ↳ app/controllers/payments_controller.rb:4:in `map'
Completed 200 OK in 4ms (Views: 0.4ms | ActiveRecord: 0.4ms | Allocations: 689)


Started GET "/payments" for 151.101.1.227 at 2025-10-30 13:22:29 +0000
Processing by PaymentsController#index as */*
  [1m[36mPayment Load (0.2ms)[0m  [1m[34mSELECT "payments".* FROM "payments" ORDER BY "payments"."created_at" DESC LIMIT $1[0m  [["LIMIT", 50]]
  ↳ app/controllers/payments_controller.rb:4:in `map'
Completed 200 OK in 2ms (Views: 0.2ms | ActiveRecord: 0.2ms | Allocations: 689)


Started GET "/payments" for 151.101.1.227 at 2025-10-30 13:22:31 +0000
Processing by PaymentsController#index as */*
  [1m[36mPayment Load (0.4ms)[0m  [1m[34mSELECT "payments".* FROM "payments" ORDER BY "payments"."created_at" DESC LIMIT $1[0m  [["LIMIT", 50]]
  ↳ app/controllers/payments_controller.rb:4:in `map'
Completed 200 OK in 3ms (Views: 0.3ms | ActiveRecord: 0.4ms | Allocations: 689)


Started GET "/payments" for 151.101.1.227 at 2025-10-30 13:22:31 +0000
Processing by PaymentsController#index as */*
  [1m[36mPayment Load (0.3ms)[0m  [1m[34mSELECT "payments".* FROM "payments" ORDER BY "payments"."created_at" DESC LIMIT $1[0m  [["LIMIT", 50]]
  ↳ app/controllers/payments_controller.rb:4:in `map'
Completed 200 OK in 2ms (Views: 0.2ms | ActiveRecord: 0.3ms | Allocations: 689)


Started GET "/payments" for 151.101.1.227 at 2025-10-30 13:22:32 +0000
Processing by PaymentsController#index as */*
  [1m[36mPayment Load (0.4ms)[0m  [1m[34mSELECT "payments".* FROM "payments" ORDER BY "payments"."created_at" DESC LIMIT $1[0m  [["LIMIT", 50]]
  ↳ app/controllers/payments_controller.rb:4:in `map'
Completed 200 OK in 3ms (Views: 0.3ms | ActiveRecord: 0.4ms | Allocations: 689)


Started GET "/payments" for 151.101.1.227 at 2025-10-30 13:22:32 +0000
Processing by PaymentsController#index as */*
  [1m[36mPayment Load (0.2ms)[0m  [1m[34mSELECT "payments".* FROM "payments" ORDER BY "payments"."created_at" DESC LIMIT $1[0m  [["LIMIT", 50]]
  ↳ app/controllers/payments_controller.rb:4:in `map'
Completed 200 OK in 2ms (Views: 0.2ms | ActiveRecord: 0.2ms | Allocations: 689)


Started GET "/health/live" for 127.0.0.1 at 2025-10-30 13:22:33 +0000
Processing by HealthController#live as */*
Completed 200 OK in 0ms (Views: 0.1ms | ActiveRecord: 0.0ms | Allocations: 53)


Started GET "/payments" for 151.101.1.227 at 2025-10-30 13:22:34 +0000
Processing by PaymentsController#index as */*
  [1m[36mPayment Load (0.2ms)[0m  [1m[34mSELECT "payments".* FROM "payments" ORDER BY "payments"."created_at" DESC LIMIT $1[0m  [["LIMIT", 50]]
  ↳ app/controllers/payments_controller.rb:4:in `map'
Completed 200 OK in 1ms (Views: 0.1ms | ActiveRecord: 0.2ms | Allocations: 689)


Started GET "/payments" for 151.101.1.227 at 2025-10-30 13:22:34 +0000
Processing by PaymentsController#index as */*
  [1m[36mPayment Load (0.1ms)[0m  [1m[34mSELECT "payments".* FROM "payments" ORDER BY "payments"."created_at" DESC LIMIT $1[0m  [["LIMIT", 50]]
  ↳ app/controllers/payments_controller.rb:4:in `map'
Completed 200 OK in 1ms (Views: 0.1ms | ActiveRecord: 0.1ms | Allocations: 689)


Started GET "/payments" for 151.101.1.227 at 2025-10-30 13:22:35 +0000
Processing by PaymentsController#index as */*
  [1m[36mPayment Load (0.2ms)[0m  [1m[34mSELECT "payments".* FROM "payments" ORDER BY "payments"."created_at" DESC LIMIT $1[0m  [["LIMIT", 50]]
  ↳ app/controllers/payments_controller.rb:4:in `map'
Completed 200 OK in 2ms (Views: 0.1ms | ActiveRecord: 0.2ms | Allocations: 689)


Started GET "/payments" for 151.101.1.227 at 2025-10-30 13:22:35 +0000
Processing by PaymentsController#index as */*
  [1m[36mPayment Load (0.1ms)[0m  [1m[34mSELECT "payments".* FROM "payments" ORDER BY "payments"."created_at" DESC LIMIT $1[0m  [["LIMIT", 50]]
  ↳ app/controllers/payments_controller.rb:4:in `map'
Completed 200 OK in 1ms (Views: 0.1ms | ActiveRecord: 0.1ms | Allocations: 689)


Started GET "/payments" for 151.101.1.227 at 2025-10-30 13:22:37 +0000
Processing by PaymentsController#index as */*
  [1m[36mPayment Load (0.4ms)[0m  [1m[34mSELECT "payments".* FROM "payments" ORDER BY "payments"."created_at" DESC LIMIT $1[0m  [["LIMIT", 50]]
  ↳ app/controllers/payments_controller.rb:4:in `map'
Completed 200 OK in 4ms (Views: 0.3ms | ActiveRecord: 0.4ms | Allocations: 689)


Started GET "/payments" for 151.101.1.227 at 2025-10-30 13:22:37 +0000
Processing by PaymentsController#index as */*
  [1m[36mPayment Load (0.2ms)[0m  [1m[34mSELECT "payments".* FROM "payments" ORDER BY "payments"."created_at" DESC LIMIT $1[0m  [["LIMIT", 50]]
  ↳ app/controllers/payments_controller.rb:4:in `map'
Completed 200 OK in 2ms (Views: 0.2ms | ActiveRecord: 0.2ms | Allocations: 689)


Started GET "/health/live" for 127.0.0.1 at 2025-10-30 13:22:38 +0000
Processing by HealthController#live as */*
Completed 200 OK in 0ms (Views: 0.1ms | ActiveRecord: 0.0ms | Allocations: 53)


Started GET "/payments" for 151.101.1.227 at 2025-10-30 13:22:38 +0000
Processing by PaymentsController#index as */*
  [1m[36mPayment Load (0.5ms)[0m  [1m[34mSELECT "payments".* FROM "payments" ORDER BY "payments"."created_at" DESC LIMIT $1[0m  [["LIMIT", 50]]
  ↳ app/controllers/payments_controller.rb:4:in `map'
Completed 200 OK in 3ms (Views: 0.3ms | ActiveRecord: 0.4ms | Allocations: 689)


Started GET "/payments" for 151.101.1.227 at 2025-10-30 13:22:38 +0000
Processing by PaymentsController#index as */*
  [1m[36mPayment Load (0.3ms)[0m  [1m[34mSELECT "payments".* FROM "payments" ORDER BY "payments"."created_at" DESC LIMIT $1[0m  [["LIMIT", 50]]
  ↳ app/controllers/payments_controller.rb:4:in `map'
Completed 200 OK in 2ms (Views: 0.2ms | ActiveRecord: 0.3ms | Allocations: 689)


Started GET "/payments" for 151.101.1.227 at 2025-10-30 13:22:40 +0000
Processing by PaymentsController#index as */*
  [1m[36mPayment Load (0.3ms)[0m  [1m[34mSELECT "payments".* FROM "payments" ORDER BY "payments"."created_at" DESC LIMIT $1[0m  [["LIMIT", 50]]
  ↳ app/controllers/payments_controller.rb:4:in `map'
Completed 200 OK in 2ms (Views: 0.2ms | ActiveRecord: 0.2ms | Allocations: 690)


Started GET "/payments" for 151.101.1.227 at 2025-10-30 13:22:40 +0000
Processing by PaymentsController#index as */*
  [1m[36mPayment Load (0.2ms)[0m  [1m[34mSELECT "payments".* FROM "payments" ORDER BY "payments"."created_at" DESC LIMIT $1[0m  [["LIMIT", 50]]
  ↳ app/controllers/payments_controller.rb:4:in `map'
Completed 200 OK in 2ms (Views: 0.2ms | ActiveRecord: 0.2ms | Allocations: 689)


Started GET "/payments" for 151.101.1.227 at 2025-10-30 13:22:41 +0000
Processing by PaymentsController#index as */*
  [1m[36mPayment Load (0.2ms)[0m  [1m[34mSELECT "payments".* FROM "payments" ORDER BY "payments"."created_at" DESC LIMIT $1[0m  [["LIMIT", 50]]
  ↳ app/controllers/payments_controller.rb:4:in `map'
Completed 200 OK in 2ms (Views: 0.1ms | ActiveRecord: 0.2ms | Allocations: 689)


Started GET "/payments" for 151.101.1.227 at 2025-10-30 13:22:41 +0000
Processing by PaymentsController#index as */*
  [1m[36mPayment Load (0.2ms)[0m  [1m[34mSELECT "payments".* FROM "payments" ORDER BY "payments"."created_at" DESC LIMIT $1[0m  [["LIMIT", 50]]
  ↳ app/controllers/payments_controller.rb:4:in `map'
Completed 200 OK in 1ms (Views: 0.1ms | ActiveRecord: 0.2ms | Allocations: 689)


Started GET "/health/live" for 127.0.0.1 at 2025-10-30 13:22:43 +0000
Processing by HealthController#live as */*
Completed 200 OK in 0ms (Views: 0.1ms | ActiveRecord: 0.0ms | Allocations: 53)


Started GET "/payments" for 151.101.1.227 at 2025-10-30 13:22:43 +0000
Processing by PaymentsController#index as */*
  [1m[36mPayment Load (0.3ms)[0m  [1m[34mSELECT "payments".* FROM "payments" ORDER BY "payments"."created_at" DESC LIMIT $1[0m  [["LIMIT", 50]]
  ↳ app/controllers/payments_controller.rb:4:in `map'
Completed 200 OK in 2ms (Views: 0.2ms | ActiveRecord: 0.3ms | Allocations: 689)


Started GET "/payments" for 151.101.1.227 at 2025-10-30 13:22:43 +0000
Processing by PaymentsController#index as */*
  [1m[36mPayment Load (0.2ms)[0m  [1m[34mSELECT "payments".* FROM "payments" ORDER BY "payments"."created_at" DESC LIMIT $1[0m  [["LIMIT", 50]]
  ↳ app/controllers/payments_controller.rb:4:in `map'
Completed 200 OK in 2ms (Views: 0.1ms | ActiveRecord: 0.2ms | Allocations: 689)


Started GET "/payments" for 151.101.1.227 at 2025-10-30 13:22:44 +0000
Processing by PaymentsController#index as */*
  [1m[36mPayment Load (0.4ms)[0m  [1m[34mSELECT "payments".* FROM "payments" ORDER BY "payments"."created_at" DESC LIMIT $1[0m  [["LIMIT", 50]]
  ↳ app/controllers/payments_controller.rb:4:in `map'
Completed 200 OK in 3ms (Views: 0.3ms | ActiveRecord: 0.4ms | Allocations: 689)


Started GET "/payments" for 151.101.1.227 at 2025-10-30 13:22:44 +0000
Processing by PaymentsController#index as */*
  [1m[36mPayment Load (0.2ms)[0m  [1m[34mSELECT "payments".* FROM "payments" ORDER BY "payments"."created_at" DESC LIMIT $1[0m  [["LIMIT", 50]]
  ↳ app/controllers/payments_controller.rb:4:in `map'
Completed 200 OK in 2ms (Views: 0.2ms | ActiveRecord: 0.2ms | Allocations: 689)


Started GET "/payments" for 151.101.1.227 at 2025-10-30 13:22:46 +0000
Processing by PaymentsController#index as */*
  [1m[36mPayment Load (0.4ms)[0m  [1m[34mSELECT "payments".* FROM "payments" ORDER BY "payments"."created_at" DESC LIMIT $1[0m  [["LIMIT", 50]]
  ↳ app/controllers/payments_controller.rb:4:in `map'
Completed 200 OK in 3ms (Views: 0.3ms | ActiveRecord: 0.4ms | Allocations: 689)


Started GET "/payments" for 151.101.1.227 at 2025-10-30 13:22:47 +0000
Processing by PaymentsController#index as */*
  [1m[36mPayment Load (0.4ms)[0m  [1m[34mSELECT "payments".* FROM "payments" ORDER BY "payments"."created_at" DESC LIMIT $1[0m  [["LIMIT", 50]]
  ↳ app/controllers/payments_controller.rb:4:in `map'
Completed 200 OK in 3ms (Views: 0.3ms | ActiveRecord: 0.4ms | Allocations: 689)


Started GET "/health/live" for 127.0.0.1 at 2025-10-30 13:22:48 +0000
Processing by HealthController#live as */*
Completed 200 OK in 0ms (Views: 0.1ms | ActiveRecord: 0.0ms | Allocations: 53)


Started GET "/payments" for 151.101.1.227 at 2025-10-30 13:22:49 +0000
Processing by PaymentsController#index as */*
  [1m[36mPayment Load (0.2ms)[0m  [1m[34mSELECT "payments".* FROM "payments" ORDER BY "payments"."created_at" DESC LIMIT $1[0m  [["LIMIT", 50]]
  ↳ app/controllers/payments_controller.rb:4:in `map'
Completed 200 OK in 2ms (Views: 0.2ms | ActiveRecord: 0.2ms | Allocations: 689)


Started GET "/payments" for 151.101.1.227 at 2025-10-30 13:22:50 +0000
Processing by PaymentsController#index as */*
  [1m[36mPayment Load (0.6ms)[0m  [1m[34mSELECT "payments".* FROM "payments" ORDER BY "payments"."created_at" DESC LIMIT $1[0m  [["LIMIT", 50]]
  ↳ app/controllers/payments_controller.rb:4:in `map'
Completed 200 OK in 5ms (Views: 0.2ms | ActiveRecord: 0.5ms | Allocations: 689)


Started GET "/payments" for 151.101.1.227 at 2025-10-30 13:22:52 +0000
Processing by PaymentsController#index as */*
  [1m[36mPayment Load (0.3ms)[0m  [1m[34mSELECT "payments".* FROM "payments" ORDER BY "payments"."created_at" DESC LIMIT $1[0m  [["LIMIT", 50]]
  ↳ app/controllers/payments_controller.rb:4:in `map'
Completed 200 OK in 3ms (Views: 0.2ms | ActiveRecord: 0.3ms | Allocations: 689)


Started GET "/health/live" for 127.0.0.1 at 2025-10-30 13:22:53 +0000
Processing by HealthController#live as */*
Completed 200 OK in 0ms (Views: 0.1ms | ActiveRecord: 0.0ms | Allocations: 53)


Started GET "/payments" for 151.101.1.227 at 2025-10-30 13:22:53 +0000
Processing by PaymentsController#index as */*
  [1m[36mPayment Load (0.2ms)[0m  [1m[34mSELECT "payments".* FROM "payments" ORDER BY "payments"."created_at" DESC LIMIT $1[0m  [["LIMIT", 50]]
  ↳ app/controllers/payments_controller.rb:4:in `map'
Completed 200 OK in 2ms (Views: 0.2ms | ActiveRecord: 0.2ms | Allocations: 690)


Started GET "/payments" for 151.101.1.227 at 2025-10-30 13:22:55 +0000
Processing by PaymentsController#index as */*
  [1m[36mPayment Load (0.5ms)[0m  [1m[34mSELECT "payments".* FROM "payments" ORDER BY "payments"."created_at" DESC LIMIT $1[0m  [["LIMIT", 50]]
  ↳ app/controllers/payments_controller.rb:4:in `map'
Completed 200 OK in 4ms (Views: 0.5ms | ActiveRecord: 0.5ms | Allocations: 689)


Started GET "/payments" for 151.101.1.227 at 2025-10-30 13:22:56 +0000
Processing by PaymentsController#index as */*
  [1m[36mPayment Load (0.5ms)[0m  [1m[34mSELECT "payments".* FROM "payments" ORDER BY "payments"."created_at" DESC LIMIT $1[0m  [["LIMIT", 50]]
  ↳ app/controllers/payments_controller.rb:4:in `map'
Completed 200 OK in 4ms (Views: 0.3ms | ActiveRecord: 0.5ms | Allocations: 689)


Started GET "/payments" for 151.101.1.227 at 2025-10-30 13:22:58 +0000
Processing by PaymentsController#index as */*
  [1m[36mPayment Load (0.5ms)[0m  [1m[34mSELECT "payments".* FROM "payments" ORDER BY "payments"."created_at" DESC LIMIT $1[0m  [["LIMIT", 50]]
  ↳ app/controllers/payments_controller.rb:4:in `map'
Completed 200 OK in 4ms (Views: 0.3ms | ActiveRecord: 0.5ms | Allocations: 689)


Started GET "/health/live" for 127.0.0.1 at 2025-10-30 13:22:58 +0000
Processing by HealthController#live as */*
Completed 200 OK in 0ms (Views: 0.1ms | ActiveRecord: 0.0ms | Allocations: 53)


Started GET "/payments" for 151.101.1.227 at 2025-10-30 13:22:59 +0000
Processing by PaymentsController#index as */*
  [1m[36mPayment Load (0.4ms)[0m  [1m[34mSELECT "payments".* FROM "payments" ORDER BY "payments"."created_at" DESC LIMIT $1[0m  [["LIMIT", 50]]
  ↳ app/controllers/payments_controller.rb:4:in `map'
Completed 200 OK in 4ms (Views: 0.3ms | ActiveRecord: 0.4ms | Allocations: 689)


Started GET "/payments" for 151.101.1.227 at 2025-10-30 13:23:01 +0000
Processing by PaymentsController#index as */*
  [1m[36mPayment Load (0.3ms)[0m  [1m[34mSELECT "payments".* FROM "payments" ORDER BY "payments"."created_at" DESC LIMIT $1[0m  [["LIMIT", 50]]
  ↳ app/controllers/payments_controller.rb:4:in `map'
Completed 200 OK in 2ms (Views: 0.2ms | ActiveRecord: 0.2ms | Allocations: 689)


Started GET "/payments" for 151.101.1.227 at 2025-10-30 13:23:02 +0000
Processing by PaymentsController#index as */*
  [1m[36mPayment Load (0.4ms)[0m  [1m[34mSELECT "payments".* FROM "payments" ORDER BY "payments"."created_at" DESC LIMIT $1[0m  [["LIMIT", 50]]
  ↳ app/controllers/payments_controller.rb:4:in `map'
Completed 200 OK in 4ms (Views: 0.4ms | ActiveRecord: 0.4ms | Allocations: 689)


Started GET "/health/live" for 127.0.0.1 at 2025-10-30 13:23:03 +0000
Processing by HealthController#live as */*
Completed 200 OK in 0ms (Views: 0.1ms | ActiveRecord: 0.0ms | Allocations: 53)


Started GET "/payments" for 151.101.1.227 at 2025-10-30 13:23:04 +0000
Processing by PaymentsController#index as */*
  [1m[36mPayment Load (0.5ms)[0m  [1m[34mSELECT "payments".* FROM "payments" ORDER BY "payments"."created_at" DESC LIMIT $1[0m  [["LIMIT", 50]]
  ↳ app/controllers/payments_controller.rb:4:in `map'
Completed 200 OK in 3ms (Views: 0.3ms | ActiveRecord: 0.5ms | Allocations: 689)


Started GET "/payments" for 151.101.1.227 at 2025-10-30 13:23:05 +0000
Processing by PaymentsController#index as */*
  [1m[36mPayment Load (0.4ms)[0m  [1m[34mSELECT "payments".* FROM "payments" ORDER BY "payments"."created_at" DESC LIMIT $1[0m  [["LIMIT", 50]]
  ↳ app/controllers/payments_controller.rb:4:in `map'
Completed 200 OK in 3ms (Views: 0.3ms | ActiveRecord: 0.4ms | Allocations: 689)


Started GET "/payments" for 151.101.1.227 at 2025-10-30 13:23:07 +0000
Processing by PaymentsController#index as */*
  [1m[36mPayment Load (0.4ms)[0m  [1m[34mSELECT "payments".* FROM "payments" ORDER BY "payments"."created_at" DESC LIMIT $1[0m  [["LIMIT", 50]]
  ↳ app/controllers/payments_controller.rb:4:in `map'
Completed 200 OK in 4ms (Views: 0.3ms | ActiveRecord: 0.4ms | Allocations: 689)


Started GET "/payments" for 151.101.1.227 at 2025-10-30 13:23:07 +0000
Processing by PaymentsController#index as */*
  [1m[36mPayment Load (0.2ms)[0m  [1m[34mSELECT "payments".* FROM "payments" ORDER BY "payments"."created_at" DESC LIMIT $1[0m  [["LIMIT", 50]]
  ↳ app/controllers/payments_controller.rb:4:in `map'
Completed 200 OK in 2ms (Views: 0.2ms | ActiveRecord: 0.2ms | Allocations: 689)


Started GET "/payments" for 151.101.1.227 at 2025-10-30 13:23:07 +0000
Processing by PaymentsController#index as */*
  [1m[36mPayment Load (0.3ms)[0m  [1m[34mSELECT "payments".* FROM "payments" ORDER BY "payments"."created_at" DESC LIMIT $1[0m  [["LIMIT", 50]]
  ↳ app/controllers/payments_controller.rb:4:in `map'
Completed 200 OK in 2ms (Views: 0.2ms | ActiveRecord: 0.3ms | Allocations: 689)


Started GET "/payments" for 151.101.1.227 at 2025-10-30 13:23:08 +0000
Processing by PaymentsController#index as */*
  [1m[36mPayment Load (0.4ms)[0m  [1m[34mSELECT "payments".* FROM "payments" ORDER BY "payments"."created_at" DESC LIMIT $1[0m  [["LIMIT", 50]]
  ↳ app/controllers/payments_controller.rb:4:in `map'
Completed 200 OK in 4ms (Views: 0.3ms | ActiveRecord: 0.4ms | Allocations: 689)


Started GET "/health/live" for 127.0.0.1 at 2025-10-30 13:23:08 +0000
Processing by HealthController#live as */*
Completed 200 OK in 0ms (Views: 0.2ms | ActiveRecord: 0.0ms | Allocations: 53)


Started GET "/payments" for 151.101.1.227 at 2025-10-30 13:23:10 +0000
Processing by PaymentsController#index as */*
  [1m[36mPayment Load (0.4ms)[0m  [1m[34mSELECT "payments".* FROM "payments" ORDER BY "payments"."created_at" DESC LIMIT $1[0m  [["LIMIT", 50]]
  ↳ app/controllers/payments_controller.rb:4:in `map'
Completed 200 OK in 3ms (Views: 0.3ms | ActiveRecord: 0.4ms | Allocations: 689)


Started GET "/health/live" for 127.0.0.1 at 2025-10-30 13:23:13 +0000
Processing by HealthController#live as */*
Completed 200 OK in 0ms (Views: 0.1ms | ActiveRecord: 0.0ms | Allocations: 53)


Started GET "/health/live" for 127.0.0.1 at 2025-10-30 13:23:18 +0000
Processing by HealthController#live as */*
Completed 200 OK in 0ms (Views: 0.1ms | ActiveRecord: 0.0ms | Allocations: 54)


Started GET "/health/live" for 127.0.0.1 at 2025-10-30 13:23:24 +0000
Processing by HealthController#live as */*
Completed 200 OK in 0ms (Views: 0.1ms | ActiveRecord: 0.0ms | Allocations: 53)


Started GET "/health/live" for 127.0.0.1 at 2025-10-30 13:23:29 +0000
Processing by HealthController#live as */*
Completed 200 OK in 0ms (Views: 0.1ms | ActiveRecord: 0.0ms | Allocations: 53)


Started GET "/health/live" for 127.0.0.1 at 2025-10-30 13:23:34 +0000
Processing by HealthController#live as */*
Completed 200 OK in 0ms (Views: 0.1ms | ActiveRecord: 0.0ms | Allocations: 53)


Started GET "/health/live" for 127.0.0.1 at 2025-10-30 13:23:39 +0000
Processing by HealthController#live as */*
Completed 200 OK in 0ms (Views: 0.1ms | ActiveRecord: 0.0ms | Allocations: 53)


Started GET "/health/live" for 127.0.0.1 at 2025-10-30 13:23:44 +0000
Processing by HealthController#live as */*
Completed 200 OK in 0ms (Views: 0.1ms | ActiveRecord: 0.0ms | Allocations: 53)


Started GET "/health/live" for 127.0.0.1 at 2025-10-30 13:23:49 +0000
Processing by HealthController#live as */*
Completed 200 OK in 0ms (Views: 0.1ms | ActiveRecord: 0.0ms | Allocations: 53)


Started GET "/health/live" for 127.0.0.1 at 2025-10-30 13:23:54 +0000
Processing by HealthController#live as */*
Completed 200 OK in 0ms (Views: 0.1ms | ActiveRecord: 0.0ms | Allocations: 53)


Started GET "/health/live" for 127.0.0.1 at 2025-10-30 13:23:59 +0000
Processing by HealthController#live as */*
Completed 200 OK in 0ms (Views: 0.1ms | ActiveRecord: 0.0ms | Allocations: 53)


Started GET "/health/live" for 127.0.0.1 at 2025-10-30 13:24:04 +0000
Processing by HealthController#live as */*
Completed 200 OK in 0ms (Views: 0.1ms | ActiveRecord: 0.0ms | Allocations: 53)


Started GET "/payments" for 151.101.1.227 at 2025-10-30 13:24:07 +0000
Processing by PaymentsController#index as */*
  [1m[36mPayment Load (0.4ms)[0m  [1m[34mSELECT "payments".* FROM "payments" ORDER BY "payments"."created_at" DESC LIMIT $1[0m  [["LIMIT", 50]]
  ↳ app/controllers/payments_controller.rb:4:in `map'
Completed 200 OK in 3ms (Views: 0.3ms | ActiveRecord: 0.4ms | Allocations: 689)


Started GET "/payments" for 151.101.1.227 at 2025-10-30 13:24:07 +0000
Processing by PaymentsController#index as */*
  [1m[36mPayment Load (0.4ms)[0m  [1m[34mSELECT "payments".* FROM "payments" ORDER BY "payments"."created_at" DESC LIMIT $1[0m  [["LIMIT", 50]]
  ↳ app/controllers/payments_controller.rb:4:in `map'
Completed 200 OK in 3ms (Views: 0.3ms | ActiveRecord: 0.4ms | Allocations: 689)


Started GET "/payments" for 151.101.1.227 at 2025-10-30 13:24:07 +0000
Processing by PaymentsController#index as */*
  [1m[36mPayment Load (0.3ms)[0m  [1m[34mSELECT "payments".* FROM "payments" ORDER BY "payments"."created_at" DESC LIMIT $1[0m  [["LIMIT", 50]]
  ↳ app/controllers/payments_controller.rb:4:in `map'
Completed 200 OK in 2ms (Views: 0.2ms | ActiveRecord: 0.3ms | Allocations: 689)


Started GET "/health/live" for 127.0.0.1 at 2025-10-30 13:24:09 +0000
Processing by HealthController#live as */*
Completed 200 OK in 0ms (Views: 0.1ms | ActiveRecord: 0.0ms | Allocations: 53)


Started GET "/health/live" for 127.0.0.1 at 2025-10-30 13:24:14 +0000
Processing by HealthController#live as */*
Completed 200 OK in 0ms (Views: 0.1ms | ActiveRecord: 0.0ms | Allocations: 53)


Started GET "/health/live" for 127.0.0.1 at 2025-10-30 13:24:19 +0000
Processing by HealthController#live as */*
Completed 200 OK in 0ms (Views: 0.1ms | ActiveRecord: 0.0ms | Allocations: 53)


Started GET "/health/live" for 127.0.0.1 at 2025-10-30 13:24:24 +0000
Processing by HealthController#live as */*
Completed 200 OK in 0ms (Views: 0.1ms | ActiveRecord: 0.0ms | Allocations: 53)


Started GET "/health/live" for 127.0.0.1 at 2025-10-30 13:24:29 +0000
Processing by HealthController#live as */*
Completed 200 OK in 0ms (Views: 0.1ms | ActiveRecord: 0.0ms | Allocations: 53)


Started GET "/health/live" for 127.0.0.1 at 2025-10-30 13:24:34 +0000
Processing by HealthController#live as */*
Completed 200 OK in 0ms (Views: 0.1ms | ActiveRecord: 0.0ms | Allocations: 53)


Started GET "/health/live" for 127.0.0.1 at 2025-10-30 13:24:39 +0000
Processing by HealthController#live as */*
Completed 200 OK in 0ms (Views: 0.1ms | ActiveRecord: 0.0ms | Allocations: 53)


Started GET "/health/live" for 127.0.0.1 at 2025-10-30 13:24:45 +0000
Processing by HealthController#live as */*
Completed 200 OK in 0ms (Views: 0.1ms | ActiveRecord: 0.0ms | Allocations: 54)


Started GET "/health/live" for 127.0.0.1 at 2025-10-30 13:24:50 +0000
Processing by HealthController#live as */*
Completed 200 OK in 0ms (Views: 0.1ms | ActiveRecord: 0.0ms | Allocations: 53)


Started GET "/health/live" for 127.0.0.1 at 2025-10-30 13:24:55 +0000
Processing by HealthController#live as */*
Completed 200 OK in 0ms (Views: 0.1ms | ActiveRecord: 0.0ms | Allocations: 53)


Started GET "/health/live" for 127.0.0.1 at 2025-10-30 13:25:00 +0000
Processing by HealthController#live as */*
Completed 200 OK in 0ms (Views: 0.1ms | ActiveRecord: 0.0ms | Allocations: 53)


Started GET "/health/live" for 127.0.0.1 at 2025-10-30 13:25:05 +0000
Processing by HealthController#live as */*
Completed 200 OK in 0ms (Views: 0.1ms | ActiveRecord: 0.0ms | Allocations: 53)


Started GET "/payments" for 151.101.1.227 at 2025-10-30 13:25:07 +0000
Processing by PaymentsController#index as */*
  [1m[36mPayment Load (0.7ms)[0m  [1m[34mSELECT "payments".* FROM "payments" ORDER BY "payments"."created_at" DESC LIMIT $1[0m  [["LIMIT", 50]]
  ↳ app/controllers/payments_controller.rb:4:in `map'
Completed 200 OK in 5ms (Views: 0.5ms | ActiveRecord: 0.7ms | Allocations: 689)


Started GET "/payments" for 151.101.1.227 at 2025-10-30 13:25:07 +0000
Processing by PaymentsController#index as */*
  [1m[36mPayment Load (0.3ms)[0m  [1m[34mSELECT "payments".* FROM "payments" ORDER BY "payments"."created_at" DESC LIMIT $1[0m  [["LIMIT", 50]]
  ↳ app/controllers/payments_controller.rb:4:in `map'
Completed 200 OK in 2ms (Views: 0.2ms | ActiveRecord: 0.2ms | Allocations: 689)


Started GET "/payments" for 151.101.1.227 at 2025-10-30 13:25:07 +0000
Processing by PaymentsController#index as */*
  [1m[36mPayment Load (0.2ms)[0m  [1m[34mSELECT "payments".* FROM "payments" ORDER BY "payments"."created_at" DESC LIMIT $1[0m  [["LIMIT", 50]]
  ↳ app/controllers/payments_controller.rb:4:in `map'
Completed 200 OK in 2ms (Views: 0.7ms | ActiveRecord: 0.2ms | Allocations: 689)


Started GET "/health/live" for 127.0.0.1 at 2025-10-30 13:25:10 +0000
Processing by HealthController#live as */*
Completed 200 OK in 0ms (Views: 0.1ms | ActiveRecord: 0.0ms | Allocations: 53)


Started GET "/health/live" for 127.0.0.1 at 2025-10-30 13:25:15 +0000
Processing by HealthController#live as */*
Completed 200 OK in 0ms (Views: 0.1ms | ActiveRecord: 0.0ms | Allocations: 53)


Started GET "/health/live" for 127.0.0.1 at 2025-10-30 13:25:20 +0000
Processing by HealthController#live as */*
Completed 200 OK in 0ms (Views: 0.1ms | ActiveRecord: 0.0ms | Allocations: 53)


Started GET "/health/live" for 127.0.0.1 at 2025-10-30 13:25:25 +0000
Processing by HealthController#live as */*
Completed 200 OK in 0ms (Views: 0.1ms | ActiveRecord: 0.0ms | Allocations: 53)


Started GET "/health/live" for 127.0.0.1 at 2025-10-30 13:25:30 +0000
Processing by HealthController#live as */*
Completed 200 OK in 0ms (Views: 0.1ms | ActiveRecord: 0.0ms | Allocations: 53)


Started GET "/health/live" for 127.0.0.1 at 2025-10-30 13:25:35 +0000
Processing by HealthController#live as */*
Completed 200 OK in 0ms (Views: 0.1ms | ActiveRecord: 0.0ms | Allocations: 53)


Started GET "/health/live" for 127.0.0.1 at 2025-10-30 13:25:40 +0000
Processing by HealthController#live as */*
Completed 200 OK in 0ms (Views: 0.1ms | ActiveRecord: 0.0ms | Allocations: 53)


Started GET "/health/live" for 127.0.0.1 at 2025-10-30 13:25:45 +0000
Processing by HealthController#live as */*
Completed 200 OK in 0ms (Views: 0.1ms | ActiveRecord: 0.0ms | Allocations: 53)


Started GET "/health/live" for 127.0.0.1 at 2025-10-30 13:25:50 +0000
Processing by HealthController#live as */*
Completed 200 OK in 0ms (Views: 0.1ms | ActiveRecord: 0.0ms | Allocations: 53)


Started GET "/health/live" for 127.0.0.1 at 2025-10-30 13:25:55 +0000
Processing by HealthController#live as */*
Completed 200 OK in 0ms (Views: 0.1ms | ActiveRecord: 0.0ms | Allocations: 53)


Started GET "/health/live" for 127.0.0.1 at 2025-10-30 13:26:01 +0000
Processing by HealthController#live as */*
Completed 200 OK in 0ms (Views: 0.1ms | ActiveRecord: 0.0ms | Allocations: 53)


Started GET "/health/live" for 127.0.0.1 at 2025-10-30 13:26:06 +0000
Processing by HealthController#live as */*
Completed 200 OK in 0ms (Views: 0.1ms | ActiveRecord: 0.0ms | Allocations: 53)


Started GET "/payments" for 151.101.1.227 at 2025-10-30 13:26:07 +0000
Processing by PaymentsController#index as */*
  [1m[36mPayment Load (0.4ms)[0m  [1m[34mSELECT "payments".* FROM "payments" ORDER BY "payments"."created_at" DESC LIMIT $1[0m  [["LIMIT", 50]]
  ↳ app/controllers/payments_controller.rb:4:in `map'
Completed 200 OK in 3ms (Views: 0.3ms | ActiveRecord: 0.4ms | Allocations: 689)


Started GET "/payments" for 151.101.1.227 at 2025-10-30 13:26:07 +0000
Processing by PaymentsController#index as */*
  [1m[36mPayment Load (0.3ms)[0m  [1m[34mSELECT "payments".* FROM "payments" ORDER BY "payments"."created_at" DESC LIMIT $1[0m  [["LIMIT", 50]]
  ↳ app/controllers/payments_controller.rb:4:in `map'
Completed 200 OK in 2ms (Views: 0.2ms | ActiveRecord: 0.3ms | Allocations: 689)


Started GET "/payments" for 151.101.1.227 at 2025-10-30 13:26:07 +0000
Processing by PaymentsController#index as */*
  [1m[36mPayment Load (0.2ms)[0m  [1m[34mSELECT "payments".* FROM "payments" ORDER BY "payments"."created_at" DESC LIMIT $1[0m  [["LIMIT", 50]]
  ↳ app/controllers/payments_controller.rb:4:in `map'
Completed 200 OK in 2ms (Views: 0.1ms | ActiveRecord: 0.2ms | Allocations: 689)


Started GET "/health/live" for 127.0.0.1 at 2025-10-30 13:26:11 +0000
Processing by HealthController#live as */*
Completed 200 OK in 0ms (Views: 0.1ms | ActiveRecord: 0.0ms | Allocations: 53)


Started GET "/health/live" for 127.0.0.1 at 2025-10-30 13:26:16 +0000
Processing by HealthController#live as */*
Completed 200 OK in 0ms (Views: 0.1ms | ActiveRecord: 0.0ms | Allocations: 54)


Started GET "/health/live" for 127.0.0.1 at 2025-10-30 13:26:21 +0000
Processing by HealthController#live as */*
Completed 200 OK in 0ms (Views: 0.1ms | ActiveRecord: 0.0ms | Allocations: 53)


Started GET "/health/live" for 127.0.0.1 at 2025-10-30 13:26:26 +0000
Processing by HealthController#live as */*
Completed 200 OK in 0ms (Views: 0.1ms | ActiveRecord: 0.0ms | Allocations: 53)


Started GET "/health/live" for 127.0.0.1 at 2025-10-30 13:26:31 +0000
Processing by HealthController#live as */*
Completed 200 OK in 0ms (Views: 0.1ms | ActiveRecord: 0.0ms | Allocations: 53)


Started GET "/health/live" for 127.0.0.1 at 2025-10-30 13:26:36 +0000
Processing by HealthController#live as */*
Completed 200 OK in 0ms (Views: 0.1ms | ActiveRecord: 0.0ms | Allocations: 53)


Started GET "/health/live" for 127.0.0.1 at 2025-10-30 13:26:41 +0000
Processing by HealthController#live as */*
Completed 200 OK in 0ms (Views: 0.1ms | ActiveRecord: 0.0ms | Allocations: 53)


Started GET "/health/live" for 127.0.0.1 at 2025-10-30 13:26:46 +0000
Processing by HealthController#live as */*
Completed 200 OK in 0ms (Views: 0.1ms | ActiveRecord: 0.0ms | Allocations: 53)


Started GET "/health/live" for 127.0.0.1 at 2025-10-30 13:26:51 +0000
Processing by HealthController#live as */*
Completed 200 OK in 0ms (Views: 0.1ms | ActiveRecord: 0.0ms | Allocations: 53)


Started GET "/health/live" for 127.0.0.1 at 2025-10-30 13:26:56 +0000
Processing by HealthController#live as */*
Completed 200 OK in 0ms (Views: 0.1ms | ActiveRecord: 0.0ms | Allocations: 53)


Started GET "/health/live" for 127.0.0.1 at 2025-10-30 13:27:01 +0000
Processing by HealthController#live as */*
Completed 200 OK in 0ms (Views: 0.1ms | ActiveRecord: 0.0ms | Allocations: 53)


Started GET "/health/live" for 127.0.0.1 at 2025-10-30 13:27:06 +0000
Processing by HealthController#live as */*
Completed 200 OK in 0ms (Views: 0.1ms | ActiveRecord: 0.0ms | Allocations: 53)


Started GET "/payments" for 151.101.1.227 at 2025-10-30 13:27:07 +0000
Processing by PaymentsController#index as */*
  [1m[36mPayment Load (0.4ms)[0m  [1m[34mSELECT "payments".* FROM "payments" ORDER BY "payments"."created_at" DESC LIMIT $1[0m  [["LIMIT", 50]]
  ↳ app/controllers/payments_controller.rb:4:in `map'
Completed 200 OK in 3ms (Views: 0.3ms | ActiveRecord: 0.4ms | Allocations: 689)


Started GET "/payments" for 151.101.1.227 at 2025-10-30 13:27:07 +0000
Processing by PaymentsController#index as */*
  [1m[36mPayment Load (0.2ms)[0m  [1m[34mSELECT "payments".* FROM "payments" ORDER BY "payments"."created_at" DESC LIMIT $1[0m  [["LIMIT", 50]]
  ↳ app/controllers/payments_controller.rb:4:in `map'
Completed 200 OK in 2ms (Views: 0.2ms | ActiveRecord: 0.2ms | Allocations: 689)


Started GET "/payments" for 151.101.1.227 at 2025-10-30 13:27:07 +0000
Processing by PaymentsController#index as */*
  [1m[36mPayment Load (0.2ms)[0m  [1m[34mSELECT "payments".* FROM "payments" ORDER BY "payments"."created_at" DESC LIMIT $1[0m  [["LIMIT", 50]]
  ↳ app/controllers/payments_controller.rb:4:in `map'
Completed 200 OK in 2ms (Views: 0.1ms | ActiveRecord: 0.2ms | Allocations: 689)


Started GET "/health/live" for 127.0.0.1 at 2025-10-30 13:27:11 +0000
Processing by HealthController#live as */*
Completed 200 OK in 0ms (Views: 0.1ms | ActiveRecord: 0.0ms | Allocations: 53)


Started GET "/health/live" for 127.0.0.1 at 2025-10-30 13:27:16 +0000
Processing by HealthController#live as */*
Completed 200 OK in 0ms (Views: 0.1ms | ActiveRecord: 0.0ms | Allocations: 53)


Started GET "/health/live" for 127.0.0.1 at 2025-10-30 13:27:21 +0000
Processing by HealthController#live as */*
Completed 200 OK in 0ms (Views: 0.1ms | ActiveRecord: 0.0ms | Allocations: 53)


Started GET "/health/live" for 127.0.0.1 at 2025-10-30 13:27:27 +0000
Processing by HealthController#live as */*
Completed 200 OK in 0ms (Views: 0.1ms | ActiveRecord: 0.0ms | Allocations: 53)


Started GET "/health/live" for 127.0.0.1 at 2025-10-30 13:27:32 +0000
Processing by HealthController#live as */*
Completed 200 OK in 0ms (Views: 0.1ms | ActiveRecord: 0.0ms | Allocations: 53)


Started GET "/health/live" for 127.0.0.1 at 2025-10-30 13:27:37 +0000
Processing by HealthController#live as */*
Completed 200 OK in 0ms (Views: 0.1ms | ActiveRecord: 0.0ms | Allocations: 53)


Started GET "/health/live" for 127.0.0.1 at 2025-10-30 13:27:42 +0000
Processing by HealthController#live as */*
Completed 200 OK in 0ms (Views: 0.1ms | ActiveRecord: 0.0ms | Allocations: 54)


Started GET "/health/live" for 127.0.0.1 at 2025-10-30 13:27:47 +0000
Processing by HealthController#live as */*
Completed 200 OK in 0ms (Views: 0.1ms | ActiveRecord: 0.0ms | Allocations: 53)


Started GET "/health/live" for 127.0.0.1 at 2025-10-30 13:27:52 +0000
Processing by HealthController#live as */*
Completed 200 OK in 0ms (Views: 0.1ms | ActiveRecord: 0.0ms | Allocations: 53)


Started GET "/health/live" for 127.0.0.1 at 2025-10-30 13:27:57 +0000
Processing by HealthController#live as */*
Completed 200 OK in 0ms (Views: 0.1ms | ActiveRecord: 0.0ms | Allocations: 53)


Started GET "/health/live" for 127.0.0.1 at 2025-10-30 13:28:02 +0000
Processing by HealthController#live as */*
Completed 200 OK in 0ms (Views: 0.1ms | ActiveRecord: 0.0ms | Allocations: 53)


Started GET "/health/live" for 127.0.0.1 at 2025-10-30 13:28:07 +0000
Processing by HealthController#live as */*
Completed 200 OK in 0ms (Views: 0.1ms | ActiveRecord: 0.0ms | Allocations: 53)


Started GET "/payments" for 151.101.1.227 at 2025-10-30 13:28:07 +0000
Processing by PaymentsController#index as */*
  [1m[36mPayment Load (0.2ms)[0m  [1m[34mSELECT "payments".* FROM "payments" ORDER BY "payments"."created_at" DESC LIMIT $1[0m  [["LIMIT", 50]]
  ↳ app/controllers/payments_controller.rb:4:in `map'
Completed 200 OK in 2ms (Views: 0.1ms | ActiveRecord: 0.2ms | Allocations: 689)


Started GET "/payments" for 151.101.1.227 at 2025-10-30 13:28:07 +0000
Processing by PaymentsController#index as */*
  [1m[36mPayment Load (0.2ms)[0m  [1m[34mSELECT "payments".* FROM "payments" ORDER BY "payments"."created_at" DESC LIMIT $1[0m  [["LIMIT", 50]]
  ↳ app/controllers/payments_controller.rb:4:in `map'
Completed 200 OK in 1ms (Views: 0.1ms | ActiveRecord: 0.2ms | Allocations: 689)


Started GET "/payments" for 151.101.1.227 at 2025-10-30 13:28:07 +0000
Processing by PaymentsController#index as */*
  [1m[36mPayment Load (0.2ms)[0m  [1m[34mSELECT "payments".* FROM "payments" ORDER BY "payments"."created_at" DESC LIMIT $1[0m  [["LIMIT", 50]]
  ↳ app/controllers/payments_controller.rb:4:in `map'
Completed 200 OK in 1ms (Views: 0.1ms | ActiveRecord: 0.2ms | Allocations: 689)


Started GET "/health/live" for 127.0.0.1 at 2025-10-30 13:28:12 +0000
Processing by HealthController#live as */*
Completed 200 OK in 0ms (Views: 0.1ms | ActiveRecord: 0.0ms | Allocations: 53)


Started GET "/health/live" for 127.0.0.1 at 2025-10-30 13:28:17 +0000
Processing by HealthController#live as */*
Completed 200 OK in 0ms (Views: 0.1ms | ActiveRecord: 0.0ms | Allocations: 53)


Started GET "/health/live" for 127.0.0.1 at 2025-10-30 13:28:22 +0000
Processing by HealthController#live as */*
Completed 200 OK in 0ms (Views: 0.1ms | ActiveRecord: 0.0ms | Allocations: 53)


Started GET "/health/live" for 127.0.0.1 at 2025-10-30 13:28:27 +0000
Processing by HealthController#live as */*
Completed 200 OK in 0ms (Views: 0.1ms | ActiveRecord: 0.0ms | Allocations: 53)


Started GET "/health/live" for 127.0.0.1 at 2025-10-30 13:28:32 +0000
Processing by HealthController#live as */*
Completed 200 OK in 0ms (Views: 0.1ms | ActiveRecord: 0.0ms | Allocations: 53)


Started GET "/health/live" for 127.0.0.1 at 2025-10-30 13:28:37 +0000
Processing by HealthController#live as */*
Completed 200 OK in 0ms (Views: 0.2ms | ActiveRecord: 0.0ms | Allocations: 53)


Started GET "/health/live" for 127.0.0.1 at 2025-10-30 13:28:42 +0000
Processing by HealthController#live as */*
Completed 200 OK in 0ms (Views: 0.1ms | ActiveRecord: 0.0ms | Allocations: 53)


Started GET "/health/live" for 127.0.0.1 at 2025-10-30 13:28:47 +0000
Processing by HealthController#live as */*
Completed 200 OK in 0ms (Views: 0.1ms | ActiveRecord: 0.0ms | Allocations: 53)


Started GET "/health/live" for 127.0.0.1 at 2025-10-30 13:28:53 +0000
Processing by HealthController#live as */*
Completed 200 OK in 0ms (Views: 0.1ms | ActiveRecord: 0.0ms | Allocations: 53)


Started GET "/health/live" for 127.0.0.1 at 2025-10-30 13:28:58 +0000
Processing by HealthController#live as */*
Completed 200 OK in 0ms (Views: 0.1ms | ActiveRecord: 0.0ms | Allocations: 123)


Started GET "/health/live" for 127.0.0.1 at 2025-10-30 13:29:03 +0000
Processing by HealthController#live as */*
Completed 200 OK in 0ms (Views: 0.1ms | ActiveRecord: 0.0ms | Allocations: 53)


Started GET "/payments" for 151.101.1.227 at 2025-10-30 13:29:07 +0000
Processing by PaymentsController#index as */*
  [1m[36mPayment Load (0.2ms)[0m  [1m[34mSELECT "payments".* FROM "payments" ORDER BY "payments"."created_at" DESC LIMIT $1[0m  [["LIMIT", 50]]
  ↳ app/controllers/payments_controller.rb:4:in `map'
Completed 200 OK in 10ms (Views: 0.3ms | ActiveRecord: 2.8ms | Allocations: 6186)


Started GET "/payments" for 151.101.1.227 at 2025-10-30 13:29:07 +0000
Processing by PaymentsController#index as */*
  [1m[36mPayment Load (0.2ms)[0m  [1m[34mSELECT "payments".* FROM "payments" ORDER BY "payments"."created_at" DESC LIMIT $1[0m  [["LIMIT", 50]]
  ↳ app/controllers/payments_controller.rb:4:in `map'
Completed 200 OK in 1ms (Views: 0.1ms | ActiveRecord: 0.2ms | Allocations: 689)


Started GET "/payments" for 151.101.1.227 at 2025-10-30 13:29:07 +0000
Processing by PaymentsController#index as */*
  [1m[36mPayment Load (0.2ms)[0m  [1m[34mSELECT "payments".* FROM "payments" ORDER BY "payments"."created_at" DESC LIMIT $1[0m  [["LIMIT", 50]]
  ↳ app/controllers/payments_controller.rb:4:in `map'
Completed 200 OK in 2ms (Views: 0.2ms | ActiveRecord: 0.2ms | Allocations: 689)


Started GET "/health/live" for 127.0.0.1 at 2025-10-30 13:29:08 +0000
Processing by HealthController#live as */*
Completed 200 OK in 0ms (Views: 0.2ms | ActiveRecord: 0.0ms | Allocations: 53)


  [1m[35m (0.1ms)[0m  [1m[34mSELECT pg_try_advisory_lock(5218762136757475110)[0m
  [1m[36mActiveRecord::SchemaMigration Load (0.8ms)[0m  [1m[34mSELECT "schema_migrations"."version" FROM "schema_migrations" ORDER BY "schema_migrations"."version" ASC[0m
  [1m[36mActiveRecord::InternalMetadata Load (0.9ms)[0m  [1m[34mSELECT * FROM "ar_internal_metadata" WHERE "ar_internal_metadata"."key" = $1 ORDER BY "ar_internal_metadata"."key" ASC LIMIT 1[0m  [[nil, "environment"]]
  [1m[35m (0.2ms)[0m  [1m[34mSELECT pg_advisory_unlock(5218762136757475110)[0m
  [1m[36mActiveRecord::SchemaMigration Load (0.1ms)[0m  [1m[34mSELECT "schema_migrations"."version" FROM "schema_migrations" ORDER BY "schema_migrations"."version" ASC[0m
Started GET "/health/live" for 127.0.0.1 at 2025-10-30 13:29:16 +0000
  [1m[36mActiveRecord::SchemaMigration Load (1.0ms)[0m  [1m[34mSELECT "schema_migrations"."version" FROM "schema_migrations" ORDER BY "schema_migrations"."version" ASC[0m
Processing by HealthController#live as */*
Completed 200 OK in 3ms (Views: 0.1ms | ActiveRecord: 0.0ms | Allocations: 3012)


Started GET "/admin/sidekiq" for 151.101.1.227 at 2025-10-30 13:29:20 +0000
Started GET "/health/live" for 127.0.0.1 at 2025-10-30 13:29:22 +0000
Processing by HealthController#live as */*
Completed 200 OK in 0ms (Views: 0.1ms | ActiveRecord: 0.0ms | Allocations: 56)


Started GET "/admin/sidekiq" for 151.101.1.227 at 2025-10-30 13:29:24 +0000
Started GET "/health/live" for 127.0.0.1 at 2025-10-30 13:29:27 +0000
Processing by HealthController#live as */*
Completed 200 OK in 0ms (Views: 0.1ms | ActiveRecord: 0.0ms | Allocations: 53)


Started GET "/health/live" for 127.0.0.1 at 2025-10-30 13:29:32 +0000
Processing by HealthController#live as */*
Completed 200 OK in 0ms (Views: 0.1ms | ActiveRecord: 0.0ms | Allocations: 55)


Started GET "/health/live" for 127.0.0.1 at 2025-10-30 13:29:37 +0000
Processing by HealthController#live as */*
Completed 200 OK in 0ms (Views: 0.1ms | ActiveRecord: 0.0ms | Allocations: 55)


Started GET "/admin/sidekiq" for 151.101.1.227 at 2025-10-30 13:29:40 +0000
Started GET "/admin/sidekiq/stylesheets/style.css" for 151.101.1.227 at 2025-10-30 13:29:40 +0000
Started GET "/admin/sidekiq/javascripts/dashboard.js" for 151.101.1.227 at 2025-10-30 13:29:40 +0000
Started GET "/admin/sidekiq/javascripts/application.js" for 151.101.1.227 at 2025-10-30 13:29:40 +0000
Started GET "/admin/sidekiq/javascripts/chartjs-adapter-date-fns.min.js" for 151.101.1.227 at 2025-10-30 13:29:40 +0000
Started GET "/admin/sidekiq/javascripts/chart.min.js" for 151.101.1.227 at 2025-10-30 13:29:40 +0000
Started GET "/admin/sidekiq/javascripts/chartjs-plugin-annotation.min.js" for 151.101.1.227 at 2025-10-30 13:29:40 +0000
Started GET "/admin/sidekiq/javascripts/base-charts.js" for 151.101.1.227 at 2025-10-30 13:29:40 +0000
Started GET "/admin/sidekiq/javascripts/dashboard-charts.js" for 151.101.1.227 at 2025-10-30 13:29:40 +0000
Started GET "/admin/sidekiq/stats" for 151.101.1.227 at 2025-10-30 13:29:40 +0000
Started GET "/admin/sidekiq/images/favicon.ico" for 151.101.1.227 at 2025-10-30 13:29:40 +0000
Started GET "/health/live" for 127.0.0.1 at 2025-10-30 13:29:42 +0000
Processing by HealthController#live as */*
Completed 200 OK in 0ms (Views: 0.1ms | ActiveRecord: 0.0ms | Allocations: 54)


Started GET "/admin/sidekiq/stats" for 151.101.1.227 at 2025-10-30 13:29:45 +0000
Started GET "/health/live" for 127.0.0.1 at 2025-10-30 13:29:47 +0000
Processing by HealthController#live as */*
Completed 200 OK in 0ms (Views: 0.1ms | ActiveRecord: 0.0ms | Allocations: 55)


Started GET "/admin/sidekiq/stats" for 151.101.1.227 at 2025-10-30 13:29:50 +0000
  [1m[35mSQL (6.1ms)[0m  [1m[35mCREATE EXTENSION IF NOT EXISTS "pgcrypto"[0m
  [1m[35mSQL (6.3ms)[0m  [1m[35mCREATE EXTENSION IF NOT EXISTS "pgcrypto"[0m
  [1m[35mSQL (0.1ms)[0m  [1m[35mCREATE EXTENSION IF NOT EXISTS "plpgsql"[0m
  [1m[35m (0.2ms)[0m  [1m[35mDROP TABLE IF EXISTS "payments" CASCADE[0m
  [1m[35m (7.0ms)[0m  [1m[35mCREATE TABLE "payments" ("id" uuid DEFAULT gen_random_uuid() NOT NULL PRIMARY KEY, "amount_cents" integer NOT NULL, "currency" character varying DEFAULT 'USD' NOT NULL, "email" character varying NOT NULL, "name" character varying NOT NULL, "status" integer DEFAULT 0 NOT NULL, "idempotency_key" character varying NOT NULL, "metadata" jsonb DEFAULT '{}' NOT NULL, "created_at" timestamp(6) NOT NULL, "updated_at" timestamp(6) NOT NULL)[0m
  [1m[35m (1.8ms)[0m  [1m[35mCREATE INDEX "index_payments_on_created_at" ON "payments" ("created_at")[0m
  [1m[35m (2.0ms)[0m  [1m[35mCREATE UNIQUE INDEX "index_payments_on_idempotency_key" ON "payments" ("idempotency_key")[0m
  [1m[35m (1.6ms)[0m  [1m[35mCREATE INDEX "index_payments_on_status" ON "payments" ("status")[0m
  [1m[35m (3.4ms)[0m  [1m[35mCREATE TABLE "schema_migrations" ("version" character varying NOT NULL PRIMARY KEY)[0m
  [1m[36mActiveRecord::SchemaMigration Load (0.5ms)[0m  [1m[34mSELECT "schema_migrations"."version" FROM "schema_migrations" ORDER BY "schema_migrations"."version" ASC[0m
  [1m[35m (0.7ms)[0m  [1m[32mINSERT INTO "schema_migrations" (version) VALUES (20251030000001)[0m
  [1m[35m (0.3ms)[0m  [1m[32mINSERT INTO "schema_migrations" (version) VALUES
(20251030000000);[0m
  [1m[35m (2.4ms)[0m  [1m[35mCREATE TABLE "ar_internal_metadata" ("key" character varying NOT NULL PRIMARY KEY, "value" character varying, "created_at" timestamp(6) NOT NULL, "updated_at" timestamp(6) NOT NULL)[0m
  [1m[36mActiveRecord::InternalMetadata Load (0.7ms)[0m  [1m[34mSELECT * FROM "ar_internal_metadata" WHERE "ar_internal_metadata"."key" = $1 ORDER BY "ar_internal_metadata"."key" ASC LIMIT 1[0m  [[nil, "environment"]]
  [1m[36mActiveRecord::InternalMetadata Create (0.4ms)[0m  [1m[32mINSERT INTO "ar_internal_metadata" ("key", "value", "created_at", "updated_at") VALUES ('environment', 'development', '2025-11-12 13:43:13.750164', '2025-11-12 13:43:13.750168') RETURNING "key"[0m
  [1m[36mActiveRecord::InternalMetadata Load (0.1ms)[0m  [1m[34mSELECT * FROM "ar_internal_metadata" WHERE "ar_internal_metadata"."key" = $1 ORDER BY "ar_internal_metadata"."key" ASC LIMIT 1[0m  [[nil, "environment"]]
  [1m[36mActiveRecord::InternalMetadata Load (0.2ms)[0m  [1m[34mSELECT * FROM "ar_internal_metadata" WHERE "ar_internal_metadata"."key" = $1 ORDER BY "ar_internal_metadata"."key" ASC LIMIT 1[0m  [[nil, "schema_sha1"]]
  [1m[36mActiveRecord::InternalMetadata Create (0.4ms)[0m  [1m[32mINSERT INTO "ar_internal_metadata" ("key", "value", "created_at", "updated_at") VALUES ('schema_sha1', '4cf43570600a94ec3505e769829416b99f8b4f57', '2025-11-12 13:43:13.752759', '2025-11-12 13:43:13.752760') RETURNING "key"[0m
  [1m[35m (0.1ms)[0m  [1m[34mSELECT pg_try_advisory_lock(5218762136757475110)[0m
  [1m[36mActiveRecord::SchemaMigration Load (0.2ms)[0m  [1m[34mSELECT "schema_migrations"."version" FROM "schema_migrations" ORDER BY "schema_migrations"."version" ASC[0m
  [1m[36mActiveRecord::InternalMetadata Load (0.1ms)[0m  [1m[34mSELECT * FROM "ar_internal_metadata" WHERE "ar_internal_metadata"."key" = $1 ORDER BY "ar_internal_metadata"."key" ASC LIMIT 1[0m  [[nil, "environment"]]
  [1m[35m (0.1ms)[0m  [1m[34mSELECT pg_advisory_unlock(5218762136757475110)[0m
  [1m[36mActiveRecord::SchemaMigration Load (0.1ms)[0m  [1m[34mSELECT "schema_migrations"."version" FROM "schema_migrations" ORDER BY "schema_migrations"."version" ASC[0m
  [1m[36mTRANSACTION (0.5ms)[0m  [1m[35mBEGIN[0m
  [1m[36mPayment Exists? (2.2ms)[0m  [1m[34mSELECT 1 AS one FROM "payments" WHERE "payments"."idempotency_key" = $1 LIMIT $2[0m  [["idempotency_key", "f20af0d9-4f78-4649-8f19-84f668f920fa"], ["LIMIT", 1]]
  [1m[36mPayment Create (0.6ms)[0m  [1m[32mINSERT INTO "payments" ("amount_cents", "currency", "email", "name", "status", "idempotency_key", "metadata", "created_at", "updated_at") VALUES ($1, $2, $3, $4, $5, $6, $7, $8, $9) RETURNING "id"[0m  [["amount_cents", 500], ["currency", "USD"], ["email", "demo0@example.com"], ["name", "Donor 0"], ["status", 2], ["idempotency_key", "f20af0d9-4f78-4649-8f19-84f668f920fa"], ["metadata", "{}"], ["created_at", "2025-11-12 13:43:13.804496"], ["updated_at", "2025-11-12 13:43:13.804496"]]
  [1m[36mTRANSACTION (1.3ms)[0m  [1m[35mCOMMIT[0m
  [1m[36mTRANSACTION (0.3ms)[0m  [1m[35mBEGIN[0m
  [1m[36mPayment Exists? (1.3ms)[0m  [1m[34mSELECT 1 AS one FROM "payments" WHERE "payments"."idempotency_key" = $1 LIMIT $2[0m  [["idempotency_key", "31f971e9-f24e-4c6c-b5b7-64788599bd8a"], ["LIMIT", 1]]
  [1m[36mPayment Create (0.4ms)[0m  [1m[32mINSERT INTO "payments" ("amount_cents", "currency", "email", "name", "status", "idempotency_key", "metadata", "created_at", "updated_at") VALUES ($1, $2, $3, $4, $5, $6, $7, $8, $9) RETURNING "id"[0m  [["amount_cents", 1000], ["currency", "USD"], ["email", "demo1@example.com"], ["name", "Donor 1"], ["status", 2], ["idempotency_key", "31f971e9-f24e-4c6c-b5b7-64788599bd8a"], ["metadata", "{}"], ["created_at", "2025-11-12 13:43:13.810583"], ["updated_at", "2025-11-12 13:43:13.810583"]]
  [1m[36mTRANSACTION (0.6ms)[0m  [1m[35mCOMMIT[0m
  [1m[36mTRANSACTION (0.1ms)[0m  [1m[35mBEGIN[0m
  [1m[36mPayment Exists? (1.0ms)[0m  [1m[34mSELECT 1 AS one FROM "payments" WHERE "payments"."idempotency_key" = $1 LIMIT $2[0m  [["idempotency_key", "7fbd7165-fa6c-49a9-b606-44c900fce429"], ["LIMIT", 1]]
  [1m[36mPayment Create (0.4ms)[0m  [1m[32mINSERT INTO "payments" ("amount_cents", "currency", "email", "name", "status", "idempotency_key", "metadata", "created_at", "updated_at") VALUES ($1, $2, $3, $4, $5, $6, $7, $8, $9) RETURNING "id"[0m  [["amount_cents", 1500], ["currency", "USD"], ["email", "demo2@example.com"], ["name", "Donor 2"], ["status", 2], ["idempotency_key", "7fbd7165-fa6c-49a9-b606-44c900fce429"], ["metadata", "{}"], ["created_at", "2025-11-12 13:43:13.815371"], ["updated_at", "2025-11-12 13:43:13.815371"]]
  [1m[36mTRANSACTION (2.1ms)[0m  [1m[35mCOMMIT[0m
  [1m[36mTRANSACTION (0.1ms)[0m  [1m[35mBEGIN[0m
  [1m[36mPayment Exists? (1.1ms)[0m  [1m[34mSELECT 1 AS one FROM "payments" WHERE "payments"."idempotency_key" = $1 LIMIT $2[0m  [["idempotency_key", "a73c1915-517b-44fb-b8cb-ba75fdbb7dff"], ["LIMIT", 1]]
  [1m[36mPayment Create (0.5ms)[0m  [1m[32mINSERT INTO "payments" ("amount_cents", "currency", "email", "name", "status", "idempotency_key", "metadata", "created_at", "updated_at") VALUES ($1, $2, $3, $4, $5, $6, $7, $8, $9) RETURNING "id"[0m  [["amount_cents", 2000], ["currency", "USD"], ["email", "demo3@example.com"], ["name", "Donor 3"], ["status", 2], ["idempotency_key", "a73c1915-517b-44fb-b8cb-ba75fdbb7dff"], ["metadata", "{}"], ["created_at", "2025-11-12 13:43:13.821861"], ["updated_at", "2025-11-12 13:43:13.821861"]]
  [1m[36mTRANSACTION (0.5ms)[0m  [1m[35mCOMMIT[0m
  [1m[35m (0.1ms)[0m  [1m[34mSELECT pg_try_advisory_lock(5218762136757475110)[0m
  [1m[36mActiveRecord::SchemaMigration Load (0.6ms)[0m  [1m[34mSELECT "schema_migrations"."version" FROM "schema_migrations" ORDER BY "schema_migrations"."version" ASC[0m
  [1m[36mActiveRecord::InternalMetadata Load (0.5ms)[0m  [1m[34mSELECT * FROM "ar_internal_metadata" WHERE "ar_internal_metadata"."key" = $1 ORDER BY "ar_internal_metadata"."key" ASC LIMIT 1[0m  [[nil, "environment"]]
  [1m[35m (0.1ms)[0m  [1m[34mSELECT pg_advisory_unlock(5218762136757475110)[0m
  [1m[36mActiveRecord::SchemaMigration Load (0.1ms)[0m  [1m[34mSELECT "schema_migrations"."version" FROM "schema_migrations" ORDER BY "schema_migrations"."version" ASC[0m
Started GET "/health/live" for 127.0.0.1 at 2025-11-12 13:43:17 +0000
  [1m[36mActiveRecord::SchemaMigration Load (0.6ms)[0m  [1m[34mSELECT "schema_migrations"."version" FROM "schema_migrations" ORDER BY "schema_migrations"."version" ASC[0m
Processing by HealthController#live as */*
Completed 200 OK in 2ms (Views: 0.1ms | ActiveRecord: 0.0ms | Allocations: 2999)


Started GET "/health/live" for 127.0.0.1 at 2025-11-12 13:43:22 +0000
Processing by HealthController#live as */*
Completed 200 OK in 0ms (Views: 0.1ms | ActiveRecord: 0.0ms | Allocations: 56)


Started GET "/" for 172.217.215.207 at 2025-11-12 13:43:27 +0000
Processing by Rails::WelcomeController#index as HTML
  Rendering /usr/local/bundle/ruby/3.2.0/gems/railties-7.1.3/lib/rails/templates/rails/welcome/index.html.erb
  Rendered /usr/local/bundle/ruby/3.2.0/gems/railties-7.1.3/lib/rails/templates/rails/welcome/index.html.erb (Duration: 0.8ms | Allocations: 357)
Completed 200 OK in 8ms (Views: 3.4ms | ActiveRecord: 0.0ms | Allocations: 6398)


Started GET "/health/live" for 127.0.0.1 at 2025-11-12 13:43:27 +0000
Processing by HealthController#live as */*
Completed 200 OK in 0ms (Views: 0.2ms | ActiveRecord: 0.0ms | Allocations: 55)


Started GET "/health/live" for 127.0.0.1 at 2025-11-12 13:43:32 +0000
Processing by HealthController#live as */*
Completed 200 OK in 0ms (Views: 0.1ms | ActiveRecord: 0.0ms | Allocations: 53)


Started GET "/health/live" for 127.0.0.1 at 2025-11-12 13:43:37 +0000
Processing by HealthController#live as */*
Completed 200 OK in 0ms (Views: 0.1ms | ActiveRecord: 0.0ms | Allocations: 53)


Started GET "/health/live" for 127.0.0.1 at 2025-11-12 13:43:43 +0000
Processing by HealthController#live as */*
Completed 200 OK in 0ms (Views: 0.1ms | ActiveRecord: 0.0ms | Allocations: 55)


Started GET "/payments" for 172.217.215.207 at 2025-11-12 13:43:43 +0000
Processing by PaymentsController#index as */*
  [1m[36mPayment Load (0.5ms)[0m  [1m[34mSELECT "payments".* FROM "payments" ORDER BY "payments"."created_at" DESC LIMIT $1[0m  [["LIMIT", 50]]
  ↳ app/controllers/payments_controller.rb:4:in `map'
Completed 200 OK in 40ms (Views: 0.2ms | ActiveRecord: 7.4ms | Allocations: 24504)


Started GET "/payments" for 172.217.215.207 at 2025-11-12 13:43:45 +0000
Processing by PaymentsController#index as */*
  [1m[36mPayment Load (0.5ms)[0m  [1m[34mSELECT "payments".* FROM "payments" ORDER BY "payments"."created_at" DESC LIMIT $1[0m  [["LIMIT", 50]]
  ↳ app/controllers/payments_controller.rb:4:in `map'
Completed 200 OK in 3ms (Views: 0.6ms | ActiveRecord: 0.5ms | Allocations: 702)


Started GET "/payments" for 172.217.215.207 at 2025-11-12 13:43:47 +0000
Processing by PaymentsController#index as */*
  [1m[36mPayment Load (0.6ms)[0m  [1m[34mSELECT "payments".* FROM "payments" ORDER BY "payments"."created_at" DESC LIMIT $1[0m  [["LIMIT", 50]]
  ↳ app/controllers/payments_controller.rb:4:in `map'
Completed 200 OK in 3ms (Views: 0.2ms | ActiveRecord: 0.5ms | Allocations: 693)


Started GET "/health/live" for 127.0.0.1 at 2025-11-12 13:43:48 +0000
Processing by HealthController#live as */*
Completed 200 OK in 0ms (Views: 0.1ms | ActiveRecord: 0.0ms | Allocations: 53)


Started GET "/payments" for 172.217.215.207 at 2025-11-12 13:43:48 +0000
Processing by PaymentsController#index as */*
  [1m[36mPayment Load (0.6ms)[0m  [1m[34mSELECT "payments".* FROM "payments" ORDER BY "payments"."created_at" DESC LIMIT $1[0m  [["LIMIT", 50]]
  ↳ app/controllers/payments_controller.rb:4:in `map'
Completed 200 OK in 4ms (Views: 0.3ms | ActiveRecord: 0.6ms | Allocations: 701)


Started GET "/payments" for 172.217.215.207 at 2025-11-12 13:43:49 +0000
Processing by PaymentsController#index as */*
  [1m[36mPayment Load (0.6ms)[0m  [1m[34mSELECT "payments".* FROM "payments" ORDER BY "payments"."created_at" DESC LIMIT $1[0m  [["LIMIT", 50]]
  ↳ app/controllers/payments_controller.rb:4:in `map'
Completed 200 OK in 3ms (Views: 0.3ms | ActiveRecord: 0.5ms | Allocations: 689)


Started GET "/payments" for 172.217.215.207 at 2025-11-12 13:43:51 +0000
Processing by PaymentsController#index as */*
  [1m[36mPayment Load (0.4ms)[0m  [1m[34mSELECT "payments".* FROM "payments" ORDER BY "payments"."created_at" DESC LIMIT $1[0m  [["LIMIT", 50]]
  ↳ app/controllers/payments_controller.rb:4:in `map'
Completed 200 OK in 2ms (Views: 0.4ms | ActiveRecord: 0.4ms | Allocations: 689)


Started GET "/payments" for 172.217.215.207 at 2025-11-12 13:43:52 +0000
Processing by PaymentsController#index as */*
  [1m[36mPayment Load (0.4ms)[0m  [1m[34mSELECT "payments".* FROM "payments" ORDER BY "payments"."created_at" DESC LIMIT $1[0m  [["LIMIT", 50]]
  ↳ app/controllers/payments_controller.rb:4:in `map'
Completed 200 OK in 4ms (Views: 0.3ms | ActiveRecord: 0.4ms | Allocations: 689)


Started GET "/health/live" for 127.0.0.1 at 2025-11-12 13:43:53 +0000
Processing by HealthController#live as */*
Completed 200 OK in 0ms (Views: 0.1ms | ActiveRecord: 0.0ms | Allocations: 53)


Started GET "/payments" for 172.217.215.207 at 2025-11-12 13:43:54 +0000
Processing by PaymentsController#index as */*
  [1m[36mPayment Load (0.4ms)[0m  [1m[34mSELECT "payments".* FROM "payments" ORDER BY "payments"."created_at" DESC LIMIT $1[0m  [["LIMIT", 50]]
  ↳ app/controllers/payments_controller.rb:4:in `map'
Completed 200 OK in 3ms (Views: 0.3ms | ActiveRecord: 0.4ms | Allocations: 689)


Started GET "/payments" for 172.217.215.207 at 2025-11-12 13:43:56 +0000
Processing by PaymentsController#index as */*
  [1m[36mPayment Load (0.4ms)[0m  [1m[34mSELECT "payments".* FROM "payments" ORDER BY "payments"."created_at" DESC LIMIT $1[0m  [["LIMIT", 50]]
  ↳ app/controllers/payments_controller.rb:4:in `map'
Completed 200 OK in 3ms (Views: 0.3ms | ActiveRecord: 0.4ms | Allocations: 689)


Started GET "/payments" for 172.217.215.207 at 2025-11-12 13:43:57 +0000
Processing by PaymentsController#index as */*
  [1m[36mPayment Load (0.4ms)[0m  [1m[34mSELECT "payments".* FROM "payments" ORDER BY "payments"."created_at" DESC LIMIT $1[0m  [["LIMIT", 50]]
  ↳ app/controllers/payments_controller.rb:4:in `map'
Completed 200 OK in 4ms (Views: 0.4ms | ActiveRecord: 0.4ms | Allocations: 690)


Started GET "/health/live" for 127.0.0.1 at 2025-11-12 13:43:58 +0000
Processing by HealthController#live as */*
Completed 200 OK in 0ms (Views: 0.1ms | ActiveRecord: 0.0ms | Allocations: 53)


Started GET "/payments" for 172.217.215.207 at 2025-11-12 13:43:59 +0000
Processing by PaymentsController#index as */*
  [1m[36mPayment Load (0.2ms)[0m  [1m[34mSELECT "payments".* FROM "payments" ORDER BY "payments"."created_at" DESC LIMIT $1[0m  [["LIMIT", 50]]
  ↳ app/controllers/payments_controller.rb:4:in `map'
Completed 200 OK in 2ms (Views: 0.2ms | ActiveRecord: 0.2ms | Allocations: 701)


Started GET "/payments" for 172.217.215.207 at 2025-11-12 13:44:00 +0000
Processing by PaymentsController#index as */*
  [1m[36mPayment Load (0.4ms)[0m  [1m[34mSELECT "payments".* FROM "payments" ORDER BY "payments"."created_at" DESC LIMIT $1[0m  [["LIMIT", 50]]
  ↳ app/controllers/payments_controller.rb:4:in `map'
Completed 200 OK in 4ms (Views: 0.3ms | ActiveRecord: 0.4ms | Allocations: 689)


Started GET "/payments" for 172.217.215.207 at 2025-11-12 13:44:02 +0000
Processing by PaymentsController#index as */*
  [1m[36mPayment Load (0.3ms)[0m  [1m[34mSELECT "payments".* FROM "payments" ORDER BY "payments"."created_at" DESC LIMIT $1[0m  [["LIMIT", 50]]
  ↳ app/controllers/payments_controller.rb:4:in `map'
Completed 200 OK in 2ms (Views: 0.2ms | ActiveRecord: 0.3ms | Allocations: 689)


Started GET "/health/live" for 127.0.0.1 at 2025-11-12 13:44:03 +0000
Processing by HealthController#live as */*
Completed 200 OK in 0ms (Views: 0.1ms | ActiveRecord: 0.0ms | Allocations: 53)


Started GET "/payments" for 172.217.215.207 at 2025-11-12 13:44:03 +0000
Processing by PaymentsController#index as */*
  [1m[36mPayment Load (0.2ms)[0m  [1m[34mSELECT "payments".* FROM "payments" ORDER BY "payments"."created_at" DESC LIMIT $1[0m  [["LIMIT", 50]]
  ↳ app/controllers/payments_controller.rb:4:in `map'
Completed 200 OK in 2ms (Views: 0.1ms | ActiveRecord: 0.2ms | Allocations: 689)


Started GET "/payments" for 172.217.215.207 at 2025-11-12 13:44:05 +0000
Processing by PaymentsController#index as */*
  [1m[36mPayment Load (0.4ms)[0m  [1m[34mSELECT "payments".* FROM "payments" ORDER BY "payments"."created_at" DESC LIMIT $1[0m  [["LIMIT", 50]]
  ↳ app/controllers/payments_controller.rb:4:in `map'
Completed 200 OK in 3ms (Views: 0.3ms | ActiveRecord: 0.4ms | Allocations: 689)


Started GET "/payments" for 172.217.215.207 at 2025-11-12 13:44:06 +0000
Processing by PaymentsController#index as */*
  [1m[36mPayment Load (0.2ms)[0m  [1m[34mSELECT "payments".* FROM "payments" ORDER BY "payments"."created_at" DESC LIMIT $1[0m  [["LIMIT", 50]]
  ↳ app/controllers/payments_controller.rb:4:in `map'
Completed 200 OK in 2ms (Views: 0.2ms | ActiveRecord: 0.2ms | Allocations: 689)


Started GET "/health/live" for 127.0.0.1 at 2025-11-12 13:44:08 +0000
Processing by HealthController#live as */*
Completed 200 OK in 0ms (Views: 0.1ms | ActiveRecord: 0.0ms | Allocations: 53)


Started GET "/payments" for 172.217.215.207 at 2025-11-12 13:44:08 +0000
Processing by PaymentsController#index as */*
  [1m[36mPayment Load (0.4ms)[0m  [1m[34mSELECT "payments".* FROM "payments" ORDER BY "payments"."created_at" DESC LIMIT $1[0m  [["LIMIT", 50]]
  ↳ app/controllers/payments_controller.rb:4:in `map'
Completed 200 OK in 4ms (Views: 0.3ms | ActiveRecord: 0.4ms | Allocations: 689)


Started GET "/payments" for 172.217.215.207 at 2025-11-12 13:44:09 +0000
Processing by PaymentsController#index as */*
  [1m[36mPayment Load (0.4ms)[0m  [1m[34mSELECT "payments".* FROM "payments" ORDER BY "payments"."created_at" DESC LIMIT $1[0m  [["LIMIT", 50]]
  ↳ app/controllers/payments_controller.rb:4:in `map'
Completed 200 OK in 3ms (Views: 0.3ms | ActiveRecord: 0.3ms | Allocations: 689)


Started GET "/payments" for 172.217.215.207 at 2025-11-12 13:44:11 +0000
Processing by PaymentsController#index as */*
  [1m[36mPayment Load (0.4ms)[0m  [1m[34mSELECT "payments".* FROM "payments" ORDER BY "payments"."created_at" DESC LIMIT $1[0m  [["LIMIT", 50]]
  ↳ app/controllers/payments_controller.rb:4:in `map'
Completed 200 OK in 4ms (Views: 0.3ms | ActiveRecord: 0.4ms | Allocations: 689)


Started GET "/payments" for 172.217.215.207 at 2025-11-12 13:44:12 +0000
Processing by PaymentsController#index as */*
  [1m[36mPayment Load (0.3ms)[0m  [1m[34mSELECT "payments".* FROM "payments" ORDER BY "payments"."created_at" DESC LIMIT $1[0m  [["LIMIT", 50]]
  ↳ app/controllers/payments_controller.rb:4:in `map'
Completed 200 OK in 2ms (Views: 0.2ms | ActiveRecord: 0.3ms | Allocations: 689)


Started GET "/health/live" for 127.0.0.1 at 2025-11-12 13:44:13 +0000
Processing by HealthController#live as */*
Completed 200 OK in 0ms (Views: 0.1ms | ActiveRecord: 0.0ms | Allocations: 53)


Started GET "/payments" for 172.217.215.207 at 2025-11-12 13:44:14 +0000
Processing by PaymentsController#index as */*
  [1m[36mPayment Load (0.4ms)[0m  [1m[34mSELECT "payments".* FROM "payments" ORDER BY "payments"."created_at" DESC LIMIT $1[0m  [["LIMIT", 50]]
  ↳ app/controllers/payments_controller.rb:4:in `map'
Completed 200 OK in 7ms (Views: 0.2ms | ActiveRecord: 0.4ms | Allocations: 690)


Started GET "/payments" for 172.217.215.207 at 2025-11-12 13:44:15 +0000
Processing by PaymentsController#index as */*
  [1m[36mPayment Load (0.4ms)[0m  [1m[34mSELECT "payments".* FROM "payments" ORDER BY "payments"."created_at" DESC LIMIT $1[0m  [["LIMIT", 50]]
  ↳ app/controllers/payments_controller.rb:4:in `map'
Completed 200 OK in 4ms (Views: 0.3ms | ActiveRecord: 0.4ms | Allocations: 689)


Started GET "/payments" for 172.217.215.207 at 2025-11-12 13:44:17 +0000
Processing by PaymentsController#index as */*
  [1m[36mPayment Load (0.3ms)[0m  [1m[34mSELECT "payments".* FROM "payments" ORDER BY "payments"."created_at" DESC LIMIT $1[0m  [["LIMIT", 50]]
  ↳ app/controllers/payments_controller.rb:4:in `map'
Completed 200 OK in 3ms (Views: 0.2ms | ActiveRecord: 0.3ms | Allocations: 689)


Started GET "/health/live" for 127.0.0.1 at 2025-11-12 13:44:18 +0000
Processing by HealthController#live as */*
Completed 200 OK in 0ms (Views: 0.2ms | ActiveRecord: 0.0ms | Allocations: 53)


Started GET "/payments" for 172.217.215.207 at 2025-11-12 13:44:18 +0000
Processing by PaymentsController#index as */*
  [1m[36mPayment Load (0.3ms)[0m  [1m[34mSELECT "payments".* FROM "payments" ORDER BY "payments"."created_at" DESC LIMIT $1[0m  [["LIMIT", 50]]
  ↳ app/controllers/payments_controller.rb:4:in `map'
Completed 200 OK in 2ms (Views: 0.2ms | ActiveRecord: 0.3ms | Allocations: 689)


Started GET "/payments" for 172.217.215.207 at 2025-11-12 13:44:20 +0000
Processing by PaymentsController#index as */*
  [1m[36mPayment Load (0.3ms)[0m  [1m[34mSELECT "payments".* FROM "payments" ORDER BY "payments"."created_at" DESC LIMIT $1[0m  [["LIMIT", 50]]
  ↳ app/controllers/payments_controller.rb:4:in `map'
Completed 200 OK in 2ms (Views: 0.4ms | ActiveRecord: 0.3ms | Allocations: 689)


Started GET "/payments" for 172.217.215.207 at 2025-11-12 13:44:21 +0000
Processing by PaymentsController#index as */*
  [1m[36mPayment Load (0.2ms)[0m  [1m[34mSELECT "payments".* FROM "payments" ORDER BY "payments"."created_at" DESC LIMIT $1[0m  [["LIMIT", 50]]
  ↳ app/controllers/payments_controller.rb:4:in `map'
Completed 200 OK in 2ms (Views: 0.1ms | ActiveRecord: 0.2ms | Allocations: 689)


Started GET "/health/live" for 127.0.0.1 at 2025-11-12 13:44:23 +0000
Processing by HealthController#live as */*
Completed 200 OK in 0ms (Views: 0.1ms | ActiveRecord: 0.0ms | Allocations: 53)


Started GET "/payments" for 172.217.215.207 at 2025-11-12 13:44:23 +0000
Processing by PaymentsController#index as */*
  [1m[36mPayment Load (0.2ms)[0m  [1m[34mSELECT "payments".* FROM "payments" ORDER BY "payments"."created_at" DESC LIMIT $1[0m  [["LIMIT", 50]]
  ↳ app/controllers/payments_controller.rb:4:in `map'
Completed 200 OK in 2ms (Views: 0.3ms | ActiveRecord: 0.2ms | Allocations: 690)


Started GET "/payments" for 172.217.215.207 at 2025-11-12 13:44:24 +0000
Processing by PaymentsController#index as */*
  [1m[36mPayment Load (0.4ms)[0m  [1m[34mSELECT "payments".* FROM "payments" ORDER BY "payments"."created_at" DESC LIMIT $1[0m  [["LIMIT", 50]]
  ↳ app/controllers/payments_controller.rb:4:in `map'
Completed 200 OK in 2ms (Views: 0.2ms | ActiveRecord: 0.4ms | Allocations: 689)


Started GET "/payments" for 172.217.215.207 at 2025-11-12 13:44:26 +0000
Processing by PaymentsController#index as */*
  [1m[36mPayment Load (0.5ms)[0m  [1m[34mSELECT "payments".* FROM "payments" ORDER BY "payments"."created_at" DESC LIMIT $1[0m  [["LIMIT", 50]]
  ↳ app/controllers/payments_controller.rb:4:in `map'
Completed 200 OK in 3ms (Views: 0.2ms | ActiveRecord: 0.5ms | Allocations: 689)


Started GET "/payments" for 172.217.215.207 at 2025-11-12 13:44:27 +0000
Processing by PaymentsController#index as */*
  [1m[36mPayment Load (0.4ms)[0m  [1m[34mSELECT "payments".* FROM "payments" ORDER BY "payments"."created_at" DESC LIMIT $1[0m  [["LIMIT", 50]]
  ↳ app/controllers/payments_controller.rb:4:in `map'
Completed 200 OK in 3ms (Views: 0.3ms | ActiveRecord: 0.4ms | Allocations: 689)


Started GET "/health/live" for 127.0.0.1 at 2025-11-12 13:44:28 +0000
Processing by HealthController#live as */*
Completed 200 OK in 0ms (Views: 0.1ms | ActiveRecord: 0.0ms | Allocations: 53)


Started GET "/payments" for 172.217.215.207 at 2025-11-12 13:44:29 +0000
Processing by PaymentsController#index as */*
  [1m[36mPayment Load (0.4ms)[0m  [1m[34mSELECT "payments".* FROM "payments" ORDER BY "payments"."created_at" DESC LIMIT $1[0m  [["LIMIT", 50]]
  ↳ app/controllers/payments_controller.rb:4:in `map'
Completed 200 OK in 3ms (Views: 0.3ms | ActiveRecord: 0.3ms | Allocations: 689)


Started GET "/payments" for 172.217.215.207 at 2025-11-12 13:44:30 +0000
Processing by PaymentsController#index as */*
  [1m[36mPayment Load (0.3ms)[0m  [1m[34mSELECT "payments".* FROM "payments" ORDER BY "payments"."created_at" DESC LIMIT $1[0m  [["LIMIT", 50]]
  ↳ app/controllers/payments_controller.rb:4:in `map'
Completed 200 OK in 2ms (Views: 0.2ms | ActiveRecord: 0.3ms | Allocations: 689)


Started GET "/payments" for 172.217.215.207 at 2025-11-12 13:44:32 +0000
Processing by PaymentsController#index as */*
  [1m[36mPayment Load (0.4ms)[0m  [1m[34mSELECT "payments".* FROM "payments" ORDER BY "payments"."created_at" DESC LIMIT $1[0m  [["LIMIT", 50]]
  ↳ app/controllers/payments_controller.rb:4:in `map'
Completed 200 OK in 3ms (Views: 0.3ms | ActiveRecord: 0.5ms | Allocations: 689)


Started GET "/payments" for 172.217.215.207 at 2025-11-12 13:44:33 +0000
Processing by PaymentsController#index as */*
  [1m[36mPayment Load (0.5ms)[0m  [1m[34mSELECT "payments".* FROM "payments" ORDER BY "payments"."created_at" DESC LIMIT $1[0m  [["LIMIT", 50]]
  ↳ app/controllers/payments_controller.rb:4:in `map'
Completed 200 OK in 3ms (Views: 0.3ms | ActiveRecord: 0.4ms | Allocations: 689)


Started GET "/health/live" for 127.0.0.1 at 2025-11-12 13:44:33 +0000
Processing by HealthController#live as */*
Completed 200 OK in 0ms (Views: 0.1ms | ActiveRecord: 0.0ms | Allocations: 53)


Started GET "/payments" for 172.217.215.207 at 2025-11-12 13:44:35 +0000
Processing by PaymentsController#index as */*
  [1m[36mPayment Load (0.4ms)[0m  [1m[34mSELECT "payments".* FROM "payments" ORDER BY "payments"."created_at" DESC LIMIT $1[0m  [["LIMIT", 50]]
  ↳ app/controllers/payments_controller.rb:4:in `map'
Completed 200 OK in 3ms (Views: 0.3ms | ActiveRecord: 0.4ms | Allocations: 689)


Started GET "/payments" for 172.217.215.207 at 2025-11-12 13:44:36 +0000
Processing by PaymentsController#index as */*
  [1m[36mPayment Load (0.4ms)[0m  [1m[34mSELECT "payments".* FROM "payments" ORDER BY "payments"."created_at" DESC LIMIT $1[0m  [["LIMIT", 50]]
  ↳ app/controllers/payments_controller.rb:4:in `map'
Completed 200 OK in 3ms (Views: 0.3ms | ActiveRecord: 0.3ms | Allocations: 690)


Started GET "/payments" for 172.217.215.207 at 2025-11-12 13:44:38 +0000
Processing by PaymentsController#index as */*
  [1m[36mPayment Load (0.4ms)[0m  [1m[34mSELECT "payments".* FROM "payments" ORDER BY "payments"."created_at" DESC LIMIT $1[0m  [["LIMIT", 50]]
  ↳ app/controllers/payments_controller.rb:4:in `map'
Completed 200 OK in 3ms (Views: 0.3ms | ActiveRecord: 0.4ms | Allocations: 689)


Started GET "/health/live" for 127.0.0.1 at 2025-11-12 13:44:38 +0000
Processing by HealthController#live as */*
Completed 200 OK in 0ms (Views: 0.1ms | ActiveRecord: 0.0ms | Allocations: 53)


Started GET "/payments" for 172.217.215.207 at 2025-11-12 13:44:39 +0000
Processing by PaymentsController#index as */*
  [1m[36mPayment Load (0.2ms)[0m  [1m[34mSELECT "payments".* FROM "payments" ORDER BY "payments"."created_at" DESC LIMIT $1[0m  [["LIMIT", 50]]
  ↳ app/controllers/payments_controller.rb:4:in `map'
Completed 200 OK in 1ms (Views: 0.1ms | ActiveRecord: 0.2ms | Allocations: 689)


Started GET "/payments" for 172.217.215.207 at 2025-11-12 13:44:41 +0000
Processing by PaymentsController#index as */*
  [1m[36mPayment Load (0.4ms)[0m  [1m[34mSELECT "payments".* FROM "payments" ORDER BY "payments"."created_at" DESC LIMIT $1[0m  [["LIMIT", 50]]
  ↳ app/controllers/payments_controller.rb:4:in `map'
Completed 200 OK in 4ms (Views: 0.3ms | ActiveRecord: 0.4ms | Allocations: 689)


Started GET "/payments" for 172.217.215.207 at 2025-11-12 13:44:42 +0000
Processing by PaymentsController#index as */*
  [1m[36mPayment Load (0.4ms)[0m  [1m[34mSELECT "payments".* FROM "payments" ORDER BY "payments"."created_at" DESC LIMIT $1[0m  [["LIMIT", 50]]
  ↳ app/controllers/payments_controller.rb:4:in `map'
Completed 200 OK in 3ms (Views: 0.3ms | ActiveRecord: 0.4ms | Allocations: 689)


Started GET "/health/live" for 127.0.0.1 at 2025-11-12 13:44:43 +0000
Processing by HealthController#live as */*
Completed 200 OK in 0ms (Views: 0.1ms | ActiveRecord: 0.0ms | Allocations: 53)


Started GET "/payments" for 172.217.215.207 at 2025-11-12 13:44:44 +0000
Processing by PaymentsController#index as */*
  [1m[36mPayment Load (0.5ms)[0m  [1m[34mSELECT "payments".* FROM "payments" ORDER BY "payments"."created_at" DESC LIMIT $1[0m  [["LIMIT", 50]]
  ↳ app/controllers/payments_controller.rb:4:in `map'
Completed 200 OK in 4ms (Views: 0.3ms | ActiveRecord: 0.5ms | Allocations: 689)


Started GET "/payments" for 172.217.215.207 at 2025-11-12 13:44:45 +0000
Processing by PaymentsController#index as */*
  [1m[36mPayment Load (0.4ms)[0m  [1m[34mSELECT "payments".* FROM "payments" ORDER BY "payments"."created_at" DESC LIMIT $1[0m  [["LIMIT", 50]]
  ↳ app/controllers/payments_controller.rb:4:in `map'
Completed 200 OK in 3ms (Views: 0.3ms | ActiveRecord: 0.4ms | Allocations: 689)


Started GET "/payments" for 172.217.215.207 at 2025-11-12 13:44:47 +0000
Processing by PaymentsController#index as */*
  [1m[36mPayment Load (0.4ms)[0m  [1m[34mSELECT "payments".* FROM "payments" ORDER BY "payments"."created_at" DESC LIMIT $1[0m  [["LIMIT", 50]]
  ↳ app/controllers/payments_controller.rb:4:in `map'
Completed 200 OK in 3ms (Views: 0.3ms | ActiveRecord: 0.4ms | Allocations: 689)


Started GET "/payments" for 172.217.215.207 at 2025-11-12 13:44:48 +0000
Processing by PaymentsController#index as */*
  [1m[36mPayment Load (0.4ms)[0m  [1m[34mSELECT "payments".* FROM "payments" ORDER BY "payments"."created_at" DESC LIMIT $1[0m  [["LIMIT", 50]]
  ↳ app/controllers/payments_controller.rb:4:in `map'
Completed 200 OK in 3ms (Views: 0.3ms | ActiveRecord: 0.4ms | Allocations: 689)


Started GET "/health/live" for 127.0.0.1 at 2025-11-12 13:44:48 +0000
Processing by HealthController#live as */*
Completed 200 OK in 0ms (Views: 0.1ms | ActiveRecord: 0.0ms | Allocations: 53)


Started GET "/payments" for 172.217.215.207 at 2025-11-12 13:44:50 +0000
Processing by PaymentsController#index as */*
  [1m[36mPayment Load (0.4ms)[0m  [1m[34mSELECT "payments".* FROM "payments" ORDER BY "payments"."created_at" DESC LIMIT $1[0m  [["LIMIT", 50]]
  ↳ app/controllers/payments_controller.rb:4:in `map'
Completed 200 OK in 9ms (Views: 0.3ms | ActiveRecord: 0.4ms | Allocations: 690)


Started GET "/payments" for 172.217.215.207 at 2025-11-12 13:44:51 +0000
Processing by PaymentsController#index as */*
  [1m[36mPayment Load (0.4ms)[0m  [1m[34mSELECT "payments".* FROM "payments" ORDER BY "payments"."created_at" DESC LIMIT $1[0m  [["LIMIT", 50]]
  ↳ app/controllers/payments_controller.rb:4:in `map'
Completed 200 OK in 2ms (Views: 0.1ms | ActiveRecord: 0.4ms | Allocations: 689)


Started GET "/health/live" for 127.0.0.1 at 2025-11-12 13:44:53 +0000
Processing by HealthController#live as */*
Completed 200 OK in 0ms (Views: 0.1ms | ActiveRecord: 0.0ms | Allocations: 53)


Started GET "/payments" for 172.217.215.207 at 2025-11-12 13:44:56 +0000
Processing by PaymentsController#index as */*
  [1m[36mPayment Load (0.5ms)[0m  [1m[34mSELECT "payments".* FROM "payments" ORDER BY "payments"."created_at" DESC LIMIT $1[0m  [["LIMIT", 50]]
  ↳ app/controllers/payments_controller.rb:4:in `map'
Completed 200 OK in 4ms (Views: 0.4ms | ActiveRecord: 0.5ms | Allocations: 689)


Started GET "/health/live" for 127.0.0.1 at 2025-11-12 13:44:59 +0000
Processing by HealthController#live as */*
Completed 200 OK in 0ms (Views: 0.1ms | ActiveRecord: 0.0ms | Allocations: 53)


Started GET "/health/live" for 127.0.0.1 at 2025-11-12 13:45:04 +0000
Processing by HealthController#live as */*
Completed 200 OK in 0ms (Views: 0.1ms | ActiveRecord: 0.0ms | Allocations: 53)


Started GET "/health/live" for 127.0.0.1 at 2025-11-12 13:45:09 +0000
Processing by HealthController#live as */*
Completed 200 OK in 0ms (Views: 0.1ms | ActiveRecord: 0.0ms | Allocations: 53)


Started GET "/health/live" for 127.0.0.1 at 2025-11-12 13:45:14 +0000
Processing by HealthController#live as */*
Completed 200 OK in 0ms (Views: 0.1ms | ActiveRecord: 0.0ms | Allocations: 53)


Started GET "/health/live" for 127.0.0.1 at 2025-11-12 13:45:19 +0000
Processing by HealthController#live as */*
Completed 200 OK in 0ms (Views: 0.1ms | ActiveRecord: 0.0ms | Allocations: 53)


Started GET "/health/live" for 127.0.0.1 at 2025-11-12 13:45:24 +0000
Processing by HealthController#live as */*
Completed 200 OK in 0ms (Views: 0.1ms | ActiveRecord: 0.0ms | Allocations: 53)


Started GET "/health/live" for 127.0.0.1 at 2025-11-12 13:45:29 +0000
Processing by HealthController#live as */*
Completed 200 OK in 0ms (Views: 0.1ms | ActiveRecord: 0.0ms | Allocations: 53)


Started GET "/health/live" for 127.0.0.1 at 2025-11-12 13:45:34 +0000
Processing by HealthController#live as */*
Completed 200 OK in 0ms (Views: 0.1ms | ActiveRecord: 0.0ms | Allocations: 54)


Started GET "/health/live" for 127.0.0.1 at 2025-11-12 13:45:39 +0000
Processing by HealthController#live as */*
Completed 200 OK in 0ms (Views: 0.1ms | ActiveRecord: 0.0ms | Allocations: 53)


Started GET "/health/live" for 127.0.0.1 at 2025-11-12 13:45:44 +0000
Processing by HealthController#live as */*
Completed 200 OK in 0ms (Views: 0.1ms | ActiveRecord: 0.0ms | Allocations: 53)


Started GET "/health/live" for 127.0.0.1 at 2025-11-12 13:45:49 +0000
Processing by HealthController#live as */*
Completed 200 OK in 0ms (Views: 0.1ms | ActiveRecord: 0.0ms | Allocations: 53)


Started GET "/health/live" for 127.0.0.1 at 2025-11-12 13:45:54 +0000
Processing by HealthController#live as */*
Completed 200 OK in 0ms (Views: 0.1ms | ActiveRecord: 0.0ms | Allocations: 53)


Started GET "/payments" for 172.217.215.207 at 2025-11-12 13:45:56 +0000
Processing by PaymentsController#index as */*
  [1m[36mPayment Load (0.4ms)[0m  [1m[34mSELECT "payments".* FROM "payments" ORDER BY "payments"."created_at" DESC LIMIT $1[0m  [["LIMIT", 50]]
  ↳ app/controllers/payments_controller.rb:4:in `map'
Completed 200 OK in 3ms (Views: 0.3ms | ActiveRecord: 0.4ms | Allocations: 689)


Started GET "/health/live" for 127.0.0.1 at 2025-11-12 13:45:59 +0000
Processing by HealthController#live as */*
Completed 200 OK in 0ms (Views: 0.1ms | ActiveRecord: 0.0ms | Allocations: 53)


Started GET "/health/live" for 127.0.0.1 at 2025-11-12 13:46:04 +0000
Processing by HealthController#live as */*
Completed 200 OK in 0ms (Views: 0.1ms | ActiveRecord: 0.0ms | Allocations: 53)


Started GET "/health/live" for 127.0.0.1 at 2025-11-12 13:46:09 +0000
Processing by HealthController#live as */*
Completed 200 OK in 0ms (Views: 0.1ms | ActiveRecord: 0.0ms | Allocations: 53)


Started GET "/health/live" for 127.0.0.1 at 2025-11-12 13:46:14 +0000
Processing by HealthController#live as */*
Completed 200 OK in 0ms (Views: 0.1ms | ActiveRecord: 0.0ms | Allocations: 53)


Started GET "/health/live" for 127.0.0.1 at 2025-11-12 13:46:19 +0000
Processing by HealthController#live as */*
Completed 200 OK in 0ms (Views: 0.1ms | ActiveRecord: 0.0ms | Allocations: 53)


Started GET "/health/live" for 127.0.0.1 at 2025-11-12 13:46:25 +0000
Processing by HealthController#live as */*
Completed 200 OK in 0ms (Views: 0.1ms | ActiveRecord: 0.0ms | Allocations: 53)


Started GET "/health/live" for 127.0.0.1 at 2025-11-12 13:46:30 +0000
Processing by HealthController#live as */*
Completed 200 OK in 0ms (Views: 0.2ms | ActiveRecord: 0.0ms | Allocations: 53)


Started GET "/health/live" for 127.0.0.1 at 2025-11-12 13:46:35 +0000
Processing by HealthController#live as */*
Completed 200 OK in 0ms (Views: 0.1ms | ActiveRecord: 0.0ms | Allocations: 53)


Started GET "/health/live" for 127.0.0.1 at 2025-11-12 13:46:40 +0000
Processing by HealthController#live as */*
Completed 200 OK in 0ms (Views: 0.1ms | ActiveRecord: 0.0ms | Allocations: 53)


Started GET "/health/live" for 127.0.0.1 at 2025-11-12 13:46:45 +0000
Processing by HealthController#live as */*
Completed 200 OK in 0ms (Views: 0.1ms | ActiveRecord: 0.0ms | Allocations: 53)


Started GET "/health/live" for 127.0.0.1 at 2025-11-12 13:46:50 +0000
Processing by HealthController#live as */*
Completed 200 OK in 0ms (Views: 0.1ms | ActiveRecord: 0.0ms | Allocations: 53)


Started GET "/health/live" for 127.0.0.1 at 2025-11-12 13:46:55 +0000
Processing by HealthController#live as */*
Completed 200 OK in 0ms (Views: 0.1ms | ActiveRecord: 0.0ms | Allocations: 54)


Started GET "/payments" for 172.217.215.207 at 2025-11-12 13:46:56 +0000
Processing by PaymentsController#index as */*
  [1m[36mPayment Load (0.3ms)[0m  [1m[34mSELECT "payments".* FROM "payments" ORDER BY "payments"."created_at" DESC LIMIT $1[0m  [["LIMIT", 50]]
  ↳ app/controllers/payments_controller.rb:4:in `map'
Completed 200 OK in 3ms (Views: 0.2ms | ActiveRecord: 0.3ms | Allocations: 689)


Started GET "/health/live" for 127.0.0.1 at 2025-11-12 13:47:00 +0000
Processing by HealthController#live as */*
Completed 200 OK in 0ms (Views: 0.1ms | ActiveRecord: 0.0ms | Allocations: 53)


Started GET "/health/live" for 127.0.0.1 at 2025-11-12 13:47:05 +0000
Processing by HealthController#live as */*
Completed 200 OK in 0ms (Views: 0.1ms | ActiveRecord: 0.0ms | Allocations: 53)


Started GET "/health/live" for 127.0.0.1 at 2025-11-12 13:47:10 +0000
Processing by HealthController#live as */*
Completed 200 OK in 0ms (Views: 0.1ms | ActiveRecord: 0.0ms | Allocations: 53)


Started GET "/health/live" for 127.0.0.1 at 2025-11-12 13:47:15 +0000
Processing by HealthController#live as */*
Completed 200 OK in 0ms (Views: 0.1ms | ActiveRecord: 0.0ms | Allocations: 53)


Started GET "/health/live" for 127.0.0.1 at 2025-11-12 13:47:20 +0000
Processing by HealthController#live as */*
Completed 200 OK in 0ms (Views: 0.1ms | ActiveRecord: 0.0ms | Allocations: 53)


Started GET "/health/live" for 127.0.0.1 at 2025-11-12 13:47:25 +0000
Processing by HealthController#live as */*
Completed 200 OK in 0ms (Views: 0.1ms | ActiveRecord: 0.0ms | Allocations: 53)


Started GET "/health/live" for 127.0.0.1 at 2025-11-12 13:47:30 +0000
Processing by HealthController#live as */*
Completed 200 OK in 0ms (Views: 0.1ms | ActiveRecord: 0.0ms | Allocations: 53)


Started GET "/health/live" for 127.0.0.1 at 2025-11-12 13:47:35 +0000
Processing by HealthController#live as */*
Completed 200 OK in 0ms (Views: 0.1ms | ActiveRecord: 0.0ms | Allocations: 53)


Started GET "/health/live" for 127.0.0.1 at 2025-11-12 13:47:40 +0000
Processing by HealthController#live as */*
Completed 200 OK in 0ms (Views: 0.2ms | ActiveRecord: 0.0ms | Allocations: 53)


Started GET "/health/live" for 127.0.0.1 at 2025-11-12 13:47:46 +0000
Processing by HealthController#live as */*
Completed 200 OK in 0ms (Views: 0.1ms | ActiveRecord: 0.0ms | Allocations: 53)


Started GET "/health/live" for 127.0.0.1 at 2025-11-12 13:47:51 +0000
Processing by HealthController#live as */*
Completed 200 OK in 0ms (Views: 0.1ms | ActiveRecord: 0.0ms | Allocations: 53)


Started GET "/health/live" for 127.0.0.1 at 2025-11-12 13:47:56 +0000
Processing by HealthController#live as */*
Completed 200 OK in 0ms (Views: 0.1ms | ActiveRecord: 0.0ms | Allocations: 54)


Started GET "/payments" for 172.217.215.207 at 2025-11-12 13:47:56 +0000
Processing by PaymentsController#index as */*
  [1m[36mPayment Load (0.6ms)[0m  [1m[34mSELECT "payments".* FROM "payments" ORDER BY "payments"."created_at" DESC LIMIT $1[0m  [["LIMIT", 50]]
  ↳ app/controllers/payments_controller.rb:4:in `map'
Completed 200 OK in 4ms (Views: 0.4ms | ActiveRecord: 0.5ms | Allocations: 689)


Started GET "/payments" for 172.217.215.207 at 2025-11-12 13:48:00 +0000
Processing by PaymentsController#index as */*
  [1m[36mPayment Load (0.3ms)[0m  [1m[34mSELECT "payments".* FROM "payments" ORDER BY "payments"."created_at" DESC LIMIT $1[0m  [["LIMIT", 50]]
  ↳ app/controllers/payments_controller.rb:4:in `map'
Completed 200 OK in 3ms (Views: 0.3ms | ActiveRecord: 0.3ms | Allocations: 689)


Started GET "/health/live" for 127.0.0.1 at 2025-11-12 13:48:01 +0000
Processing by HealthController#live as */*
Completed 200 OK in 0ms (Views: 0.2ms | ActiveRecord: 0.0ms | Allocations: 53)


Started GET "/payments" for 172.217.215.207 at 2025-11-12 13:48:02 +0000
Processing by PaymentsController#index as */*
  [1m[36mPayment Load (0.4ms)[0m  [1m[34mSELECT "payments".* FROM "payments" ORDER BY "payments"."created_at" DESC LIMIT $1[0m  [["LIMIT", 50]]
  ↳ app/controllers/payments_controller.rb:4:in `map'
Completed 200 OK in 4ms (Views: 0.3ms | ActiveRecord: 0.4ms | Allocations: 689)


Started GET "/payments" for 172.217.215.207 at 2025-11-12 13:48:03 +0000
Processing by PaymentsController#index as */*
  [1m[36mPayment Load (0.4ms)[0m  [1m[34mSELECT "payments".* FROM "payments" ORDER BY "payments"."created_at" DESC LIMIT $1[0m  [["LIMIT", 50]]
  ↳ app/controllers/payments_controller.rb:4:in `map'
Completed 200 OK in 3ms (Views: 0.3ms | ActiveRecord: 0.4ms | Allocations: 689)


Started GET "/payments" for 172.217.215.207 at 2025-11-12 13:48:05 +0000
Processing by PaymentsController#index as */*
  [1m[36mPayment Load (0.4ms)[0m  [1m[34mSELECT "payments".* FROM "payments" ORDER BY "payments"."created_at" DESC LIMIT $1[0m  [["LIMIT", 50]]
  ↳ app/controllers/payments_controller.rb:4:in `map'
Completed 200 OK in 4ms (Views: 0.3ms | ActiveRecord: 0.4ms | Allocations: 689)


Started GET "/health/live" for 127.0.0.1 at 2025-11-12 13:48:06 +0000
Processing by HealthController#live as */*
Completed 200 OK in 0ms (Views: 0.1ms | ActiveRecord: 0.0ms | Allocations: 53)


Started GET "/payments" for 172.217.215.207 at 2025-11-12 13:48:06 +0000
Processing by PaymentsController#index as */*
  [1m[36mPayment Load (0.3ms)[0m  [1m[34mSELECT "payments".* FROM "payments" ORDER BY "payments"."created_at" DESC LIMIT $1[0m  [["LIMIT", 50]]
  ↳ app/controllers/payments_controller.rb:4:in `map'
Completed 200 OK in 2ms (Views: 0.4ms | ActiveRecord: 0.2ms | Allocations: 690)


Started GET "/payments" for 172.217.215.207 at 2025-11-12 13:48:08 +0000
Processing by PaymentsController#index as */*
  [1m[36mPayment Load (0.5ms)[0m  [1m[34mSELECT "payments".* FROM "payments" ORDER BY "payments"."created_at" DESC LIMIT $1[0m  [["LIMIT", 50]]
  ↳ app/controllers/payments_controller.rb:4:in `map'
Completed 200 OK in 3ms (Views: 0.3ms | ActiveRecord: 0.5ms | Allocations: 689)


Started GET "/payments" for 172.217.215.207 at 2025-11-12 13:48:09 +0000
Processing by PaymentsController#index as */*
  [1m[36mPayment Load (0.3ms)[0m  [1m[34mSELECT "payments".* FROM "payments" ORDER BY "payments"."created_at" DESC LIMIT $1[0m  [["LIMIT", 50]]
  ↳ app/controllers/payments_controller.rb:4:in `map'
Completed 200 OK in 2ms (Views: 0.2ms | ActiveRecord: 0.2ms | Allocations: 689)


Started GET "/health/live" for 127.0.0.1 at 2025-11-12 13:48:11 +0000
Processing by HealthController#live as */*
Completed 200 OK in 0ms (Views: 0.1ms | ActiveRecord: 0.0ms | Allocations: 53)


Started GET "/payments" for 172.217.215.207 at 2025-11-12 13:48:11 +0000
Processing by PaymentsController#index as */*
  [1m[36mPayment Load (0.3ms)[0m  [1m[34mSELECT "payments".* FROM "payments" ORDER BY "payments"."created_at" DESC LIMIT $1[0m  [["LIMIT", 50]]
  ↳ app/controllers/payments_controller.rb:4:in `map'
Completed 200 OK in 2ms (Views: 0.2ms | ActiveRecord: 0.3ms | Allocations: 689)


Started GET "/payments" for 172.217.215.207 at 2025-11-12 13:48:12 +0000
Processing by PaymentsController#index as */*
  [1m[36mPayment Load (0.4ms)[0m  [1m[34mSELECT "payments".* FROM "payments" ORDER BY "payments"."created_at" DESC LIMIT $1[0m  [["LIMIT", 50]]
  ↳ app/controllers/payments_controller.rb:4:in `map'
Completed 200 OK in 3ms (Views: 0.3ms | ActiveRecord: 0.4ms | Allocations: 689)


Started GET "/payments" for 172.217.215.207 at 2025-11-12 13:48:14 +0000
Processing by PaymentsController#index as */*
  [1m[36mPayment Load (0.5ms)[0m  [1m[34mSELECT "payments".* FROM "payments" ORDER BY "payments"."created_at" DESC LIMIT $1[0m  [["LIMIT", 50]]
  ↳ app/controllers/payments_controller.rb:4:in `map'
Completed 200 OK in 4ms (Views: 0.3ms | ActiveRecord: 0.4ms | Allocations: 689)


Started GET "/payments" for 172.217.215.207 at 2025-11-12 13:48:15 +0000
Processing by PaymentsController#index as */*
  [1m[36mPayment Load (0.3ms)[0m  [1m[34mSELECT "payments".* FROM "payments" ORDER BY "payments"."created_at" DESC LIMIT $1[0m  [["LIMIT", 50]]
  ↳ app/controllers/payments_controller.rb:4:in `map'
Completed 200 OK in 2ms (Views: 0.2ms | ActiveRecord: 0.3ms | Allocations: 689)


Started GET "/health/live" for 127.0.0.1 at 2025-11-12 13:48:16 +0000
Processing by HealthController#live as */*
Completed 200 OK in 0ms (Views: 0.1ms | ActiveRecord: 0.0ms | Allocations: 53)


Started GET "/payments" for 172.217.215.207 at 2025-11-12 13:48:17 +0000
Processing by PaymentsController#index as */*
  [1m[36mPayment Load (0.4ms)[0m  [1m[34mSELECT "payments".* FROM "payments" ORDER BY "payments"."created_at" DESC LIMIT $1[0m  [["LIMIT", 50]]
  ↳ app/controllers/payments_controller.rb:4:in `map'
Completed 200 OK in 4ms (Views: 0.6ms | ActiveRecord: 0.4ms | Allocations: 689)


Started GET "/payments" for 172.217.215.207 at 2025-11-12 13:48:18 +0000
Processing by PaymentsController#index as */*
  [1m[36mPayment Load (0.5ms)[0m  [1m[34mSELECT "payments".* FROM "payments" ORDER BY "payments"."created_at" DESC LIMIT $1[0m  [["LIMIT", 50]]
  ↳ app/controllers/payments_controller.rb:4:in `map'
Completed 200 OK in 3ms (Views: 0.3ms | ActiveRecord: 0.4ms | Allocations: 689)


Started GET "/payments" for 172.217.215.207 at 2025-11-12 13:48:20 +0000
Processing by PaymentsController#index as */*
  [1m[36mPayment Load (0.4ms)[0m  [1m[34mSELECT "payments".* FROM "payments" ORDER BY "payments"."created_at" DESC LIMIT $1[0m  [["LIMIT", 50]]
  ↳ app/controllers/payments_controller.rb:4:in `map'
Completed 200 OK in 3ms (Views: 0.3ms | ActiveRecord: 0.3ms | Allocations: 690)


Started GET "/health/live" for 127.0.0.1 at 2025-11-12 13:48:21 +0000
Processing by HealthController#live as */*
Completed 200 OK in 0ms (Views: 0.1ms | ActiveRecord: 0.0ms | Allocations: 53)


Started GET "/payments" for 172.217.215.207 at 2025-11-12 13:48:21 +0000
Processing by PaymentsController#index as */*
  [1m[36mPayment Load (0.3ms)[0m  [1m[34mSELECT "payments".* FROM "payments" ORDER BY "payments"."created_at" DESC LIMIT $1[0m  [["LIMIT", 50]]
  ↳ app/controllers/payments_controller.rb:4:in `map'
Completed 200 OK in 2ms (Views: 0.2ms | ActiveRecord: 0.3ms | Allocations: 689)


Started GET "/payments" for 172.217.215.207 at 2025-11-12 13:48:23 +0000
Processing by PaymentsController#index as */*
  [1m[36mPayment Load (0.5ms)[0m  [1m[34mSELECT "payments".* FROM "payments" ORDER BY "payments"."created_at" DESC LIMIT $1[0m  [["LIMIT", 50]]
  ↳ app/controllers/payments_controller.rb:4:in `map'
Completed 200 OK in 4ms (Views: 0.3ms | ActiveRecord: 0.4ms | Allocations: 689)


Started GET "/payments" for 172.217.215.207 at 2025-11-12 13:48:24 +0000
Processing by PaymentsController#index as */*
  [1m[36mPayment Load (0.2ms)[0m  [1m[34mSELECT "payments".* FROM "payments" ORDER BY "payments"."created_at" DESC LIMIT $1[0m  [["LIMIT", 50]]
  ↳ app/controllers/payments_controller.rb:4:in `map'
Completed 200 OK in 1ms (Views: 0.1ms | ActiveRecord: 0.2ms | Allocations: 689)


Started GET "/health/live" for 127.0.0.1 at 2025-11-12 13:48:26 +0000
Processing by HealthController#live as */*
Completed 200 OK in 0ms (Views: 0.1ms | ActiveRecord: 0.0ms | Allocations: 53)


Started GET "/payments" for 172.217.215.207 at 2025-11-12 13:48:26 +0000
Processing by PaymentsController#index as */*
  [1m[36mPayment Load (0.3ms)[0m  [1m[34mSELECT "payments".* FROM "payments" ORDER BY "payments"."created_at" DESC LIMIT $1[0m  [["LIMIT", 50]]
  ↳ app/controllers/payments_controller.rb:4:in `map'
Completed 200 OK in 2ms (Views: 0.2ms | ActiveRecord: 0.3ms | Allocations: 689)


Started GET "/payments" for 172.217.215.207 at 2025-11-12 13:48:27 +0000
Processing by PaymentsController#index as */*
  [1m[36mPayment Load (0.4ms)[0m  [1m[34mSELECT "payments".* FROM "payments" ORDER BY "payments"."created_at" DESC LIMIT $1[0m  [["LIMIT", 50]]
  ↳ app/controllers/payments_controller.rb:4:in `map'
Completed 200 OK in 4ms (Views: 0.3ms | ActiveRecord: 0.4ms | Allocations: 689)


Started GET "/payments" for 172.217.215.207 at 2025-11-12 13:48:29 +0000
Processing by PaymentsController#index as */*
  [1m[36mPayment Load (0.2ms)[0m  [1m[34mSELECT "payments".* FROM "payments" ORDER BY "payments"."created_at" DESC LIMIT $1[0m  [["LIMIT", 50]]
  ↳ app/controllers/payments_controller.rb:4:in `map'
Completed 200 OK in 2ms (Views: 0.2ms | ActiveRecord: 0.2ms | Allocations: 689)


Started GET "/payments" for 172.217.215.207 at 2025-11-12 13:48:30 +0000
Processing by PaymentsController#index as */*
  [1m[36mPayment Load (0.3ms)[0m  [1m[34mSELECT "payments".* FROM "payments" ORDER BY "payments"."created_at" DESC LIMIT $1[0m  [["LIMIT", 50]]
  ↳ app/controllers/payments_controller.rb:4:in `map'
Completed 200 OK in 2ms (Views: 0.2ms | ActiveRecord: 0.3ms | Allocations: 689)


Started GET "/health/live" for 127.0.0.1 at 2025-11-12 13:48:31 +0000
Processing by HealthController#live as */*
Completed 200 OK in 0ms (Views: 0.1ms | ActiveRecord: 0.0ms | Allocations: 53)


Started GET "/payments" for 172.217.215.207 at 2025-11-12 13:48:32 +0000
Processing by PaymentsController#index as */*
  [1m[36mPayment Load (0.4ms)[0m  [1m[34mSELECT "payments".* FROM "payments" ORDER BY "payments"."created_at" DESC LIMIT $1[0m  [["LIMIT", 50]]
  ↳ app/controllers/payments_controller.rb:4:in `map'
Completed 200 OK in 3ms (Views: 0.3ms | ActiveRecord: 0.4ms | Allocations: 689)


Started GET "/payments" for 172.217.215.207 at 2025-11-12 13:48:33 +0000
Processing by PaymentsController#index as */*
  [1m[36mPayment Load (0.4ms)[0m  [1m[34mSELECT "payments".* FROM "payments" ORDER BY "payments"."created_at" DESC LIMIT $1[0m  [["LIMIT", 50]]
  ↳ app/controllers/payments_controller.rb:4:in `map'
Completed 200 OK in 3ms (Views: 0.3ms | ActiveRecord: 0.4ms | Allocations: 690)


Started GET "/payments" for 172.217.215.207 at 2025-11-12 13:48:35 +0000
Processing by PaymentsController#index as */*
  [1m[36mPayment Load (0.4ms)[0m  [1m[34mSELECT "payments".* FROM "payments" ORDER BY "payments"."created_at" DESC LIMIT $1[0m  [["LIMIT", 50]]
  ↳ app/controllers/payments_controller.rb:4:in `map'
Completed 200 OK in 3ms (Views: 0.3ms | ActiveRecord: 0.4ms | Allocations: 689)


Started GET "/payments" for 172.217.215.207 at 2025-11-12 13:48:36 +0000
Processing by PaymentsController#index as */*
  [1m[36mPayment Load (0.3ms)[0m  [1m[34mSELECT "payments".* FROM "payments" ORDER BY "payments"."created_at" DESC LIMIT $1[0m  [["LIMIT", 50]]
  ↳ app/controllers/payments_controller.rb:4:in `map'
Completed 200 OK in 3ms (Views: 0.3ms | ActiveRecord: 0.3ms | Allocations: 689)


Started GET "/health/live" for 127.0.0.1 at 2025-11-12 13:48:36 +0000
Processing by HealthController#live as */*
Completed 200 OK in 0ms (Views: 0.1ms | ActiveRecord: 0.0ms | Allocations: 53)


Started GET "/payments" for 172.217.215.207 at 2025-11-12 13:48:38 +0000
Processing by PaymentsController#index as */*
  [1m[36mPayment Load (0.2ms)[0m  [1m[34mSELECT "payments".* FROM "payments" ORDER BY "payments"."created_at" DESC LIMIT $1[0m  [["LIMIT", 50]]
  ↳ app/controllers/payments_controller.rb:4:in `map'
Completed 200 OK in 1ms (Views: 0.1ms | ActiveRecord: 0.2ms | Allocations: 689)


Started GET "/payments" for 172.217.215.207 at 2025-11-12 13:48:39 +0000
Processing by PaymentsController#index as */*
  [1m[36mPayment Load (0.3ms)[0m  [1m[34mSELECT "payments".* FROM "payments" ORDER BY "payments"."created_at" DESC LIMIT $1[0m  [["LIMIT", 50]]
  ↳ app/controllers/payments_controller.rb:4:in `map'
Completed 200 OK in 2ms (Views: 0.2ms | ActiveRecord: 0.3ms | Allocations: 689)


Started GET "/payments" for 172.217.215.207 at 2025-11-12 13:48:41 +0000
Processing by PaymentsController#index as */*
  [1m[36mPayment Load (0.3ms)[0m  [1m[34mSELECT "payments".* FROM "payments" ORDER BY "payments"."created_at" DESC LIMIT $1[0m  [["LIMIT", 50]]
  ↳ app/controllers/payments_controller.rb:4:in `map'
Completed 200 OK in 2ms (Views: 0.2ms | ActiveRecord: 0.3ms | Allocations: 689)


Started GET "/health/live" for 127.0.0.1 at 2025-11-12 13:48:41 +0000
Processing by HealthController#live as */*
Completed 200 OK in 0ms (Views: 0.1ms | ActiveRecord: 0.0ms | Allocations: 53)


Started GET "/payments" for 172.217.215.207 at 2025-11-12 13:48:42 +0000
Processing by PaymentsController#index as */*
  [1m[36mPayment Load (0.4ms)[0m  [1m[34mSELECT "payments".* FROM "payments" ORDER BY "payments"."created_at" DESC LIMIT $1[0m  [["LIMIT", 50]]
  ↳ app/controllers/payments_controller.rb:4:in `map'
Completed 200 OK in 3ms (Views: 0.4ms | ActiveRecord: 0.4ms | Allocations: 690)


Started GET "/payments" for 172.217.215.207 at 2025-11-12 13:48:44 +0000
Processing by PaymentsController#index as */*
  [1m[36mPayment Load (0.4ms)[0m  [1m[34mSELECT "payments".* FROM "payments" ORDER BY "payments"."created_at" DESC LIMIT $1[0m  [["LIMIT", 50]]
  ↳ app/controllers/payments_controller.rb:4:in `map'
Completed 200 OK in 3ms (Views: 0.3ms | ActiveRecord: 0.4ms | Allocations: 689)


Started GET "/payments" for 172.217.215.207 at 2025-11-12 13:48:45 +0000
Processing by PaymentsController#index as */*
  [1m[36mPayment Load (0.2ms)[0m  [1m[34mSELECT "payments".* FROM "payments" ORDER BY "payments"."created_at" DESC LIMIT $1[0m  [["LIMIT", 50]]
  ↳ app/controllers/payments_controller.rb:4:in `map'
Completed 200 OK in 2ms (Views: 0.2ms | ActiveRecord: 0.2ms | Allocations: 689)


Started GET "/health/live" for 127.0.0.1 at 2025-11-12 13:48:46 +0000
Processing by HealthController#live as */*
Completed 200 OK in 0ms (Views: 0.1ms | ActiveRecord: 0.0ms | Allocations: 53)


Started GET "/payments" for 172.217.215.207 at 2025-11-12 13:48:47 +0000
Processing by PaymentsController#index as */*
  [1m[36mPayment Load (0.5ms)[0m  [1m[34mSELECT "payments".* FROM "payments" ORDER BY "payments"."created_at" DESC LIMIT $1[0m  [["LIMIT", 50]]
  ↳ app/controllers/payments_controller.rb:4:in `map'
Completed 200 OK in 4ms (Views: 0.4ms | ActiveRecord: 0.5ms | Allocations: 689)


Started GET "/payments" for 172.217.215.207 at 2025-11-12 13:48:48 +0000
Processing by PaymentsController#index as */*
  [1m[36mPayment Load (0.5ms)[0m  [1m[34mSELECT "payments".* FROM "payments" ORDER BY "payments"."created_at" DESC LIMIT $1[0m  [["LIMIT", 50]]
  ↳ app/controllers/payments_controller.rb:4:in `map'
Completed 200 OK in 3ms (Views: 0.3ms | ActiveRecord: 0.5ms | Allocations: 689)


Started GET "/payments" for 172.217.215.207 at 2025-11-12 13:48:50 +0000
Processing by PaymentsController#index as */*
  [1m[36mPayment Load (0.3ms)[0m  [1m[34mSELECT "payments".* FROM "payments" ORDER BY "payments"."created_at" DESC LIMIT $1[0m  [["LIMIT", 50]]
  ↳ app/controllers/payments_controller.rb:4:in `map'
Completed 200 OK in 3ms (Views: 0.2ms | ActiveRecord: 0.3ms | Allocations: 689)


Started GET "/payments" for 172.217.215.207 at 2025-11-12 13:48:51 +0000
Processing by PaymentsController#index as */*
  [1m[36mPayment Load (0.3ms)[0m  [1m[34mSELECT "payments".* FROM "payments" ORDER BY "payments"."created_at" DESC LIMIT $1[0m  [["LIMIT", 50]]
  ↳ app/controllers/payments_controller.rb:4:in `map'
Completed 200 OK in 3ms (Views: 0.2ms | ActiveRecord: 0.3ms | Allocations: 689)


Started GET "/health/live" for 127.0.0.1 at 2025-11-12 13:48:51 +0000
Processing by HealthController#live as */*
Completed 200 OK in 0ms (Views: 0.1ms | ActiveRecord: 0.0ms | Allocations: 53)


Started GET "/payments" for 172.217.215.207 at 2025-11-12 13:48:53 +0000
Processing by PaymentsController#index as */*
  [1m[36mPayment Load (0.3ms)[0m  [1m[34mSELECT "payments".* FROM "payments" ORDER BY "payments"."created_at" DESC LIMIT $1[0m  [["LIMIT", 50]]
  ↳ app/controllers/payments_controller.rb:4:in `map'
Completed 200 OK in 3ms (Views: 0.3ms | ActiveRecord: 0.3ms | Allocations: 689)


Started GET "/payments" for 172.217.215.207 at 2025-11-12 13:48:54 +0000
Processing by PaymentsController#index as */*
  [1m[36mPayment Load (0.4ms)[0m  [1m[34mSELECT "payments".* FROM "payments" ORDER BY "payments"."created_at" DESC LIMIT $1[0m  [["LIMIT", 50]]
  ↳ app/controllers/payments_controller.rb:4:in `map'
Completed 200 OK in 3ms (Views: 0.3ms | ActiveRecord: 0.4ms | Allocations: 689)


Started GET "/payments" for 172.217.215.207 at 2025-11-12 13:48:56 +0000
Processing by PaymentsController#index as */*
  [1m[36mPayment Load (0.5ms)[0m  [1m[34mSELECT "payments".* FROM "payments" ORDER BY "payments"."created_at" DESC LIMIT $1[0m  [["LIMIT", 50]]
  ↳ app/controllers/payments_controller.rb:4:in `map'
Completed 200 OK in 3ms (Views: 0.3ms | ActiveRecord: 0.4ms | Allocations: 690)


Started GET "/health/live" for 127.0.0.1 at 2025-11-12 13:48:56 +0000
Processing by HealthController#live as */*
Completed 200 OK in 0ms (Views: 0.1ms | ActiveRecord: 0.0ms | Allocations: 53)


Started GET "/payments" for 172.217.215.207 at 2025-11-12 13:48:57 +0000
Processing by PaymentsController#index as */*
  [1m[36mPayment Load (0.4ms)[0m  [1m[34mSELECT "payments".* FROM "payments" ORDER BY "payments"."created_at" DESC LIMIT $1[0m  [["LIMIT", 50]]
  ↳ app/controllers/payments_controller.rb:4:in `map'
Completed 200 OK in 4ms (Views: 0.4ms | ActiveRecord: 0.4ms | Allocations: 689)


Started GET "/payments" for 172.217.215.207 at 2025-11-12 13:48:59 +0000
Processing by PaymentsController#index as */*
  [1m[36mPayment Load (0.2ms)[0m  [1m[34mSELECT "payments".* FROM "payments" ORDER BY "payments"."created_at" DESC LIMIT $1[0m  [["LIMIT", 50]]
  ↳ app/controllers/payments_controller.rb:4:in `map'
Completed 200 OK in 1ms (Views: 0.1ms | ActiveRecord: 0.2ms | Allocations: 689)


Started GET "/payments" for 172.217.215.207 at 2025-11-12 13:49:00 +0000
Processing by PaymentsController#index as */*
  [1m[36mPayment Load (0.3ms)[0m  [1m[34mSELECT "payments".* FROM "payments" ORDER BY "payments"."created_at" DESC LIMIT $1[0m  [["LIMIT", 50]]
  ↳ app/controllers/payments_controller.rb:4:in `map'
Completed 200 OK in 2ms (Views: 0.2ms | ActiveRecord: 0.3ms | Allocations: 689)


Started GET "/health/live" for 127.0.0.1 at 2025-11-12 13:49:01 +0000
Processing by HealthController#live as */*
Completed 200 OK in 0ms (Views: 0.1ms | ActiveRecord: 0.0ms | Allocations: 53)


Started GET "/health/live" for 127.0.0.1 at 2025-11-12 13:49:06 +0000
Processing by HealthController#live as */*
Completed 200 OK in 0ms (Views: 0.1ms | ActiveRecord: 0.0ms | Allocations: 53)


Started GET "/health/live" for 127.0.0.1 at 2025-11-12 13:49:11 +0000
Processing by HealthController#live as */*
Completed 200 OK in 0ms (Views: 0.1ms | ActiveRecord: 0.0ms | Allocations: 53)


Started GET "/health/live" for 127.0.0.1 at 2025-11-12 13:49:17 +0000
Processing by HealthController#live as */*
Completed 200 OK in 0ms (Views: 0.1ms | ActiveRecord: 0.0ms | Allocations: 53)


Started GET "/health/live" for 127.0.0.1 at 2025-11-12 13:49:22 +0000
Processing by HealthController#live as */*
Completed 200 OK in 0ms (Views: 0.2ms | ActiveRecord: 0.0ms | Allocations: 53)


Started GET "/health/live" for 127.0.0.1 at 2025-11-12 13:49:27 +0000
Processing by HealthController#live as */*
Completed 200 OK in 0ms (Views: 0.1ms | ActiveRecord: 0.0ms | Allocations: 53)


Started GET "/health/live" for 127.0.0.1 at 2025-11-12 13:49:32 +0000
Processing by HealthController#live as */*
Completed 200 OK in 0ms (Views: 0.1ms | ActiveRecord: 0.0ms | Allocations: 53)


Started GET "/health/live" for 127.0.0.1 at 2025-11-12 13:49:37 +0000
Processing by HealthController#live as */*
Completed 200 OK in 0ms (Views: 0.1ms | ActiveRecord: 0.0ms | Allocations: 53)


Started GET "/health/live" for 127.0.0.1 at 2025-11-12 13:49:42 +0000
Processing by HealthController#live as */*
Completed 200 OK in 0ms (Views: 0.1ms | ActiveRecord: 0.0ms | Allocations: 53)


Started GET "/health/live" for 127.0.0.1 at 2025-11-12 13:49:47 +0000
Processing by HealthController#live as */*
Completed 200 OK in 0ms (Views: 0.1ms | ActiveRecord: 0.0ms | Allocations: 54)


Started GET "/health/live" for 127.0.0.1 at 2025-11-12 13:49:52 +0000
Processing by HealthController#live as */*
Completed 200 OK in 0ms (Views: 0.1ms | ActiveRecord: 0.0ms | Allocations: 53)


Started GET "/payments" for 172.217.215.207 at 2025-11-12 13:49:56 +0000
Processing by PaymentsController#index as */*
  [1m[36mPayment Load (0.4ms)[0m  [1m[34mSELECT "payments".* FROM "payments" ORDER BY "payments"."created_at" DESC LIMIT $1[0m  [["LIMIT", 50]]
  ↳ app/controllers/payments_controller.rb:4:in `map'
Completed 200 OK in 6ms (Views: 1.0ms | ActiveRecord: 0.4ms | Allocations: 689)


Started GET "/health/live" for 127.0.0.1 at 2025-11-12 13:49:57 +0000
Processing by HealthController#live as */*
Completed 200 OK in 0ms (Views: 0.1ms | ActiveRecord: 0.0ms | Allocations: 53)


Started GET "/health/live" for 127.0.0.1 at 2025-11-12 13:50:02 +0000
Processing by HealthController#live as */*
Completed 200 OK in 0ms (Views: 0.1ms | ActiveRecord: 0.0ms | Allocations: 53)


Started GET "/health/live" for 127.0.0.1 at 2025-11-12 13:50:07 +0000
Processing by HealthController#live as */*
Completed 200 OK in 0ms (Views: 0.1ms | ActiveRecord: 0.0ms | Allocations: 53)


Started GET "/health/live" for 127.0.0.1 at 2025-11-12 13:50:12 +0000
Processing by HealthController#live as */*
Completed 200 OK in 0ms (Views: 0.1ms | ActiveRecord: 0.0ms | Allocations: 53)


Started GET "/health/live" for 127.0.0.1 at 2025-11-12 13:50:17 +0000
Processing by HealthController#live as */*
Completed 200 OK in 0ms (Views: 0.1ms | ActiveRecord: 0.0ms | Allocations: 53)


Started GET "/health/live" for 127.0.0.1 at 2025-11-12 13:50:22 +0000
Processing by HealthController#live as */*
Completed 200 OK in 0ms (Views: 0.1ms | ActiveRecord: 0.0ms | Allocations: 53)


Started GET "/health/live" for 127.0.0.1 at 2025-11-12 13:50:27 +0000
Processing by HealthController#live as */*
Completed 200 OK in 0ms (Views: 0.1ms | ActiveRecord: 0.0ms | Allocations: 53)


Started GET "/health/live" for 127.0.0.1 at 2025-11-12 13:50:32 +0000
Processing by HealthController#live as */*
Completed 200 OK in 0ms (Views: 0.1ms | ActiveRecord: 0.0ms | Allocations: 53)


Started GET "/health/live" for 127.0.0.1 at 2025-11-12 13:50:38 +0000
Processing by HealthController#live as */*
Completed 200 OK in 0ms (Views: 0.1ms | ActiveRecord: 0.0ms | Allocations: 53)


Started GET "/health/live" for 127.0.0.1 at 2025-11-12 13:50:43 +0000
Processing by HealthController#live as */*
Completed 200 OK in 0ms (Views: 0.1ms | ActiveRecord: 0.0ms | Allocations: 54)


Started GET "/health/live" for 127.0.0.1 at 2025-11-12 13:50:48 +0000
Processing by HealthController#live as */*
Completed 200 OK in 0ms (Views: 0.1ms | ActiveRecord: 0.0ms | Allocations: 53)


Started GET "/health/live" for 127.0.0.1 at 2025-11-12 13:50:53 +0000
Processing by HealthController#live as */*
Completed 200 OK in 0ms (Views: 0.1ms | ActiveRecord: 0.0ms | Allocations: 53)


Started GET "/payments" for 172.217.215.207 at 2025-11-12 13:50:56 +0000
Processing by PaymentsController#index as */*
  [1m[36mPayment Load (0.5ms)[0m  [1m[34mSELECT "payments".* FROM "payments" ORDER BY "payments"."created_at" DESC LIMIT $1[0m  [["LIMIT", 50]]
  ↳ app/controllers/payments_controller.rb:4:in `map'
Completed 200 OK in 4ms (Views: 0.3ms | ActiveRecord: 0.5ms | Allocations: 689)


Started GET "/health/live" for 127.0.0.1 at 2025-11-12 13:50:58 +0000
Processing by HealthController#live as */*
Completed 200 OK in 0ms (Views: 0.1ms | ActiveRecord: 0.0ms | Allocations: 53)


Started GET "/health/live" for 127.0.0.1 at 2025-11-12 13:51:03 +0000
Processing by HealthController#live as */*
Completed 200 OK in 0ms (Views: 0.1ms | ActiveRecord: 0.0ms | Allocations: 53)


Started GET "/health/live" for 127.0.0.1 at 2025-11-12 13:51:08 +0000
Processing by HealthController#live as */*
Completed 200 OK in 0ms (Views: 0.1ms | ActiveRecord: 0.0ms | Allocations: 53)


Started GET "/health/live" for 127.0.0.1 at 2025-11-12 13:51:13 +0000
Processing by HealthController#live as */*
Completed 200 OK in 0ms (Views: 0.1ms | ActiveRecord: 0.0ms | Allocations: 53)


Started GET "/health/live" for 127.0.0.1 at 2025-11-12 13:51:18 +0000
Processing by HealthController#live as */*
Completed 200 OK in 0ms (Views: 0.1ms | ActiveRecord: 0.0ms | Allocations: 53)


Started GET "/health/live" for 127.0.0.1 at 2025-11-12 13:51:23 +0000
Processing by HealthController#live as */*
Completed 200 OK in 0ms (Views: 0.1ms | ActiveRecord: 0.0ms | Allocations: 53)


Started GET "/health/live" for 127.0.0.1 at 2025-11-12 13:51:28 +0000
Processing by HealthController#live as */*
Completed 200 OK in 0ms (Views: 0.1ms | ActiveRecord: 0.0ms | Allocations: 53)


Started GET "/health/live" for 127.0.0.1 at 2025-11-12 13:51:33 +0000
Processing by HealthController#live as */*
Completed 200 OK in 0ms (Views: 0.1ms | ActiveRecord: 0.0ms | Allocations: 53)


Started GET "/health/live" for 127.0.0.1 at 2025-11-12 13:51:38 +0000
Processing by HealthController#live as */*
Completed 200 OK in 0ms (Views: 0.1ms | ActiveRecord: 0.0ms | Allocations: 53)


Started GET "/health/live" for 127.0.0.1 at 2025-11-12 13:51:43 +0000
Processing by HealthController#live as */*
Completed 200 OK in 0ms (Views: 0.1ms | ActiveRecord: 0.0ms | Allocations: 53)


Started GET "/health/live" for 127.0.0.1 at 2025-11-12 13:51:48 +0000
Processing by HealthController#live as */*
Completed 200 OK in 0ms (Views: 0.1ms | ActiveRecord: 0.0ms | Allocations: 53)


Started GET "/health/live" for 127.0.0.1 at 2025-11-12 13:51:53 +0000
Processing by HealthController#live as */*
Completed 200 OK in 0ms (Views: 0.1ms | ActiveRecord: 0.0ms | Allocations: 53)


Started GET "/payments" for 172.217.215.207 at 2025-11-12 13:51:56 +0000
Processing by PaymentsController#index as */*
  [1m[36mPayment Load (0.3ms)[0m  [1m[34mSELECT "payments".* FROM "payments" ORDER BY "payments"."created_at" DESC LIMIT $1[0m  [["LIMIT", 50]]
  ↳ app/controllers/payments_controller.rb:4:in `map'
Completed 200 OK in 3ms (Views: 0.3ms | ActiveRecord: 0.3ms | Allocations: 690)


Started GET "/health/live" for 127.0.0.1 at 2025-11-12 13:51:59 +0000
Processing by HealthController#live as */*
Completed 200 OK in 0ms (Views: 0.1ms | ActiveRecord: 0.0ms | Allocations: 53)


Started GET "/health/live" for 127.0.0.1 at 2025-11-12 13:52:04 +0000
Processing by HealthController#live as */*
Completed 200 OK in 0ms (Views: 0.1ms | ActiveRecord: 0.0ms | Allocations: 53)


Started GET "/health/live" for 127.0.0.1 at 2025-11-12 13:52:09 +0000
Processing by HealthController#live as */*
Completed 200 OK in 0ms (Views: 0.1ms | ActiveRecord: 0.0ms | Allocations: 53)


Started GET "/health/live" for 127.0.0.1 at 2025-11-12 13:52:14 +0000
Processing by HealthController#live as */*
Completed 200 OK in 0ms (Views: 0.1ms | ActiveRecord: 0.0ms | Allocations: 53)


Started GET "/health/live" for 127.0.0.1 at 2025-11-12 13:52:19 +0000
Processing by HealthController#live as */*
Completed 200 OK in 0ms (Views: 0.1ms | ActiveRecord: 0.0ms | Allocations: 53)


Started GET "/health/live" for 127.0.0.1 at 2025-11-12 13:52:24 +0000
Processing by HealthController#live as */*
Completed 200 OK in 0ms (Views: 0.1ms | ActiveRecord: 0.0ms | Allocations: 53)


Started GET "/health/live" for 127.0.0.1 at 2025-11-12 13:52:29 +0000
Processing by HealthController#live as */*
Completed 200 OK in 0ms (Views: 0.1ms | ActiveRecord: 0.0ms | Allocations: 53)


Started GET "/health/live" for 127.0.0.1 at 2025-11-12 13:52:34 +0000
Processing by HealthController#live as */*
Completed 200 OK in 0ms (Views: 0.2ms | ActiveRecord: 0.0ms | Allocations: 53)


Started GET "/health/live" for 127.0.0.1 at 2025-11-12 13:52:39 +0000
Processing by HealthController#live as */*
Completed 200 OK in 0ms (Views: 0.1ms | ActiveRecord: 0.0ms | Allocations: 53)


Started GET "/health/live" for 127.0.0.1 at 2025-11-12 13:52:44 +0000
Processing by HealthController#live as */*
Completed 200 OK in 0ms (Views: 0.1ms | ActiveRecord: 0.0ms | Allocations: 53)


Started GET "/health/live" for 127.0.0.1 at 2025-11-12 13:52:49 +0000
Processing by HealthController#live as */*
Completed 200 OK in 0ms (Views: 0.1ms | ActiveRecord: 0.0ms | Allocations: 53)


Started GET "/health/live" for 127.0.0.1 at 2025-11-12 13:52:54 +0000
Processing by HealthController#live as */*
Completed 200 OK in 0ms (Views: 0.1ms | ActiveRecord: 0.0ms | Allocations: 53)


Started GET "/payments" for 172.217.215.207 at 2025-11-12 13:52:56 +0000
Processing by PaymentsController#index as */*
  [1m[36mPayment Load (0.5ms)[0m  [1m[34mSELECT "payments".* FROM "payments" ORDER BY "payments"."created_at" DESC LIMIT $1[0m  [["LIMIT", 50]]
  ↳ app/controllers/payments_controller.rb:4:in `map'
Completed 200 OK in 4ms (Views: 0.3ms | ActiveRecord: 0.5ms | Allocations: 689)


Started GET "/health/live" for 127.0.0.1 at 2025-11-12 13:52:59 +0000
Processing by HealthController#live as */*
Completed 200 OK in 0ms (Views: 0.1ms | ActiveRecord: 0.0ms | Allocations: 54)


Started GET "/health/live" for 127.0.0.1 at 2025-11-12 13:53:04 +0000
Processing by HealthController#live as */*
Completed 200 OK in 0ms (Views: 0.1ms | ActiveRecord: 0.0ms | Allocations: 53)


  [1m[35m (30.9ms)[0m  [1m[35mCREATE DATABASE "interview_practice" ENCODING = 'unicode'[0m
  [1m[35m (31.3ms)[0m  [1m[35mCREATE DATABASE "interview_practice" ENCODING = 'unicode'[0m
  [1m[35mSQL (4.2ms)[0m  [1m[35mCREATE EXTENSION IF NOT EXISTS "pgcrypto"[0m
  [1m[35mSQL (0.1ms)[0m  [1m[35mCREATE EXTENSION IF NOT EXISTS "plpgsql"[0m
  [1m[35m (0.2ms)[0m  [1m[35mDROP TABLE IF EXISTS "payments" CASCADE[0m
  [1m[35m (5.4ms)[0m  [1m[35mCREATE TABLE "payments" ("id" uuid DEFAULT gen_random_uuid() NOT NULL PRIMARY KEY, "amount_cents" integer NOT NULL, "currency" character varying DEFAULT 'USD' NOT NULL, "email" character varying NOT NULL, "name" character varying NOT NULL, "status" integer DEFAULT 0 NOT NULL, "idempotency_key" character varying NOT NULL, "metadata" jsonb DEFAULT '{}' NOT NULL, "created_at" timestamp(6) NOT NULL, "updated_at" timestamp(6) NOT NULL)[0m
  [1m[35m (1.9ms)[0m  [1m[35mCREATE INDEX "index_payments_on_created_at" ON "payments" ("created_at")[0m
  [1m[35m (1.8ms)[0m  [1m[35mCREATE UNIQUE INDEX "index_payments_on_idempotency_key" ON "payments" ("idempotency_key")[0m
  [1m[35m (1.7ms)[0m  [1m[35mCREATE INDEX "index_payments_on_status" ON "payments" ("status")[0m
  [1m[35m (3.1ms)[0m  [1m[35mCREATE TABLE "schema_migrations" ("version" character varying NOT NULL PRIMARY KEY)[0m
  [1m[36mActiveRecord::SchemaMigration Load (0.5ms)[0m  [1m[34mSELECT "schema_migrations"."version" FROM "schema_migrations" ORDER BY "schema_migrations"."version" ASC[0m
  [1m[35m (0.7ms)[0m  [1m[32mINSERT INTO "schema_migrations" (version) VALUES (20251030000001)[0m
  [1m[35m (0.4ms)[0m  [1m[32mINSERT INTO "schema_migrations" (version) VALUES
(20251030000000);[0m
  [1m[35m (3.1ms)[0m  [1m[35mCREATE TABLE "ar_internal_metadata" ("key" character varying NOT NULL PRIMARY KEY, "value" character varying, "created_at" timestamp(6) NOT NULL, "updated_at" timestamp(6) NOT NULL)[0m
  [1m[36mActiveRecord::InternalMetadata Load (1.0ms)[0m  [1m[34mSELECT * FROM "ar_internal_metadata" WHERE "ar_internal_metadata"."key" = $1 ORDER BY "ar_internal_metadata"."key" ASC LIMIT 1[0m  [[nil, "environment"]]
  [1m[36mActiveRecord::InternalMetadata Create (13.1ms)[0m  [1m[32mINSERT INTO "ar_internal_metadata" ("key", "value", "created_at", "updated_at") VALUES ('environment', 'development', '2025-11-12 16:26:53.582812', '2025-11-12 16:26:53.582816') RETURNING "key"[0m
  [1m[36mActiveRecord::InternalMetadata Load (0.3ms)[0m  [1m[34mSELECT * FROM "ar_internal_metadata" WHERE "ar_internal_metadata"."key" = $1 ORDER BY "ar_internal_metadata"."key" ASC LIMIT 1[0m  [[nil, "environment"]]
  [1m[36mActiveRecord::InternalMetadata Load (0.2ms)[0m  [1m[34mSELECT * FROM "ar_internal_metadata" WHERE "ar_internal_metadata"."key" = $1 ORDER BY "ar_internal_metadata"."key" ASC LIMIT 1[0m  [[nil, "schema_sha1"]]
  [1m[36mActiveRecord::InternalMetadata Create (0.6ms)[0m  [1m[32mINSERT INTO "ar_internal_metadata" ("key", "value", "created_at", "updated_at") VALUES ('schema_sha1', '4cf43570600a94ec3505e769829416b99f8b4f57', '2025-11-12 16:26:53.601503', '2025-11-12 16:26:53.601505') RETURNING "key"[0m
  [1m[35m (0.2ms)[0m  [1m[34mSELECT pg_try_advisory_lock(762905499855913785)[0m
  [1m[36mActiveRecord::SchemaMigration Load (0.3ms)[0m  [1m[34mSELECT "schema_migrations"."version" FROM "schema_migrations" ORDER BY "schema_migrations"."version" ASC[0m
  [1m[36mActiveRecord::InternalMetadata Load (0.3ms)[0m  [1m[34mSELECT * FROM "ar_internal_metadata" WHERE "ar_internal_metadata"."key" = $1 ORDER BY "ar_internal_metadata"."key" ASC LIMIT 1[0m  [[nil, "environment"]]
  [1m[35m (0.2ms)[0m  [1m[34mSELECT pg_advisory_unlock(762905499855913785)[0m
  [1m[36mActiveRecord::SchemaMigration Load (0.3ms)[0m  [1m[34mSELECT "schema_migrations"."version" FROM "schema_migrations" ORDER BY "schema_migrations"."version" ASC[0m
  [1m[36mTRANSACTION (0.2ms)[0m  [1m[35mBEGIN[0m
  [1m[36mPayment Exists? (1.4ms)[0m  [1m[34mSELECT 1 AS one FROM "payments" WHERE "payments"."idempotency_key" = $1 LIMIT $2[0m  [["idempotency_key", "f55fbd46-4b74-4404-91a7-51ac068b15b7"], ["LIMIT", 1]]
  [1m[36mPayment Create (0.4ms)[0m  [1m[32mINSERT INTO "payments" ("amount_cents", "currency", "email", "name", "status", "idempotency_key", "metadata", "created_at", "updated_at") VALUES ($1, $2, $3, $4, $5, $6, $7, $8, $9) RETURNING "id"[0m  [["amount_cents", 500], ["currency", "USD"], ["email", "demo0@example.com"], ["name", "Donor 0"], ["status", 2], ["idempotency_key", "f55fbd46-4b74-4404-91a7-51ac068b15b7"], ["metadata", "{}"], ["created_at", "2025-11-12 16:26:53.654123"], ["updated_at", "2025-11-12 16:26:53.654123"]]
  [1m[36mTRANSACTION (1.9ms)[0m  [1m[35mCOMMIT[0m
  [1m[36mTRANSACTION (0.2ms)[0m  [1m[35mBEGIN[0m
  [1m[36mPayment Exists? (1.1ms)[0m  [1m[34mSELECT 1 AS one FROM "payments" WHERE "payments"."idempotency_key" = $1 LIMIT $2[0m  [["idempotency_key", "a4f0b818-8afc-49b7-9d1d-e873da87d0e7"], ["LIMIT", 1]]
  [1m[36mPayment Create (0.3ms)[0m  [1m[32mINSERT INTO "payments" ("amount_cents", "currency", "email", "name", "status", "idempotency_key", "metadata", "created_at", "updated_at") VALUES ($1, $2, $3, $4, $5, $6, $7, $8, $9) RETURNING "id"[0m  [["amount_cents", 1000], ["currency", "USD"], ["email", "demo1@example.com"], ["name", "Donor 1"], ["status", 2], ["idempotency_key", "a4f0b818-8afc-49b7-9d1d-e873da87d0e7"], ["metadata", "{}"], ["created_at", "2025-11-12 16:26:53.661018"], ["updated_at", "2025-11-12 16:26:53.661018"]]
  [1m[36mTRANSACTION (0.4ms)[0m  [1m[35mCOMMIT[0m
  [1m[36mTRANSACTION (0.1ms)[0m  [1m[35mBEGIN[0m
  [1m[36mPayment Exists? (0.7ms)[0m  [1m[34mSELECT 1 AS one FROM "payments" WHERE "payments"."idempotency_key" = $1 LIMIT $2[0m  [["idempotency_key", "c903593d-8746-4879-b925-fa597b1c2f81"], ["LIMIT", 1]]
  [1m[36mPayment Create (0.2ms)[0m  [1m[32mINSERT INTO "payments" ("amount_cents", "currency", "email", "name", "status", "idempotency_key", "metadata", "created_at", "updated_at") VALUES ($1, $2, $3, $4, $5, $6, $7, $8, $9) RETURNING "id"[0m  [["amount_cents", 1500], ["currency", "USD"], ["email", "demo2@example.com"], ["name", "Donor 2"], ["status", 2], ["idempotency_key", "c903593d-8746-4879-b925-fa597b1c2f81"], ["metadata", "{}"], ["created_at", "2025-11-12 16:26:53.664792"], ["updated_at", "2025-11-12 16:26:53.664792"]]
  [1m[36mTRANSACTION (0.4ms)[0m  [1m[35mCOMMIT[0m
  [1m[36mTRANSACTION (0.2ms)[0m  [1m[35mBEGIN[0m
  [1m[36mPayment Exists? (1.2ms)[0m  [1m[34mSELECT 1 AS one FROM "payments" WHERE "payments"."idempotency_key" = $1 LIMIT $2[0m  [["idempotency_key", "47f9b829-d1be-4488-8520-a5a2a04bada8"], ["LIMIT", 1]]
  [1m[36mPayment Create (0.5ms)[0m  [1m[32mINSERT INTO "payments" ("amount_cents", "currency", "email", "name", "status", "idempotency_key", "metadata", "created_at", "updated_at") VALUES ($1, $2, $3, $4, $5, $6, $7, $8, $9) RETURNING "id"[0m  [["amount_cents", 2000], ["currency", "USD"], ["email", "demo3@example.com"], ["name", "Donor 3"], ["status", 2], ["idempotency_key", "47f9b829-d1be-4488-8520-a5a2a04bada8"], ["metadata", "{}"], ["created_at", "2025-11-12 16:26:53.669018"], ["updated_at", "2025-11-12 16:26:53.669018"]]
  [1m[36mTRANSACTION (0.3ms)[0m  [1m[35mCOMMIT[0m
  [1m[35m (0.1ms)[0m  [1m[34mSELECT pg_try_advisory_lock(762905499855913785)[0m
  [1m[36mActiveRecord::SchemaMigration Load (0.8ms)[0m  [1m[34mSELECT "schema_migrations"."version" FROM "schema_migrations" ORDER BY "schema_migrations"."version" ASC[0m
  [1m[36mActiveRecord::InternalMetadata Load (0.7ms)[0m  [1m[34mSELECT * FROM "ar_internal_metadata" WHERE "ar_internal_metadata"."key" = $1 ORDER BY "ar_internal_metadata"."key" ASC LIMIT 1[0m  [[nil, "environment"]]
  [1m[35m (0.2ms)[0m  [1m[34mSELECT pg_advisory_unlock(762905499855913785)[0m
  [1m[36mActiveRecord::SchemaMigration Load (0.1ms)[0m  [1m[34mSELECT "schema_migrations"."version" FROM "schema_migrations" ORDER BY "schema_migrations"."version" ASC[0m
Started GET "/health/live" for 127.0.0.1 at 2025-11-12 16:26:57 +0000
  [1m[36mActiveRecord::SchemaMigration Load (0.6ms)[0m  [1m[34mSELECT "schema_migrations"."version" FROM "schema_migrations" ORDER BY "schema_migrations"."version" ASC[0m
Processing by HealthController#live as */*
Completed 200 OK in 2ms (Views: 0.1ms | ActiveRecord: 0.0ms | Allocations: 2999)


Started GET "/health/live" for 127.0.0.1 at 2025-11-12 16:27:02 +0000
Processing by HealthController#live as */*
Completed 200 OK in 0ms (Views: 0.1ms | ActiveRecord: 0.0ms | Allocations: 56)


Started GET "/health/live" for 127.0.0.1 at 2025-11-12 16:27:07 +0000
Processing by HealthController#live as */*
Completed 200 OK in 0ms (Views: 0.1ms | ActiveRecord: 0.0ms | Allocations: 55)


Started GET "/health/live" for 127.0.0.1 at 2025-11-12 16:27:12 +0000
Processing by HealthController#live as */*
Completed 200 OK in 0ms (Views: 0.1ms | ActiveRecord: 0.0ms | Allocations: 55)


Started GET "/health/live" for 127.0.0.1 at 2025-11-12 16:27:17 +0000
Processing by HealthController#live as */*
Completed 200 OK in 0ms (Views: 0.1ms | ActiveRecord: 0.0ms | Allocations: 55)


Started GET "/health/live" for 127.0.0.1 at 2025-11-12 16:27:22 +0000
Processing by HealthController#live as */*
Completed 200 OK in 0ms (Views: 0.1ms | ActiveRecord: 0.0ms | Allocations: 53)


Started GET "/health/live" for 127.0.0.1 at 2025-11-12 16:27:27 +0000
Processing by HealthController#live as */*
Completed 200 OK in 0ms (Views: 0.1ms | ActiveRecord: 0.0ms | Allocations: 53)


Started GET "/health/live" for 127.0.0.1 at 2025-11-12 16:27:33 +0000
Processing by HealthController#live as */*
Completed 200 OK in 0ms (Views: 0.1ms | ActiveRecord: 0.0ms | Allocations: 53)


Started GET "/health/live" for 127.0.0.1 at 2025-11-12 16:27:38 +0000
Processing by HealthController#live as */*
Completed 200 OK in 0ms (Views: 0.2ms | ActiveRecord: 0.0ms | Allocations: 53)


Started GET "/health/live" for 127.0.0.1 at 2025-11-12 16:27:43 +0000
Processing by HealthController#live as */*
Completed 200 OK in 0ms (Views: 0.1ms | ActiveRecord: 0.0ms | Allocations: 53)


Started GET "/health/live" for 127.0.0.1 at 2025-11-12 16:27:48 +0000
Processing by HealthController#live as */*
Completed 200 OK in 0ms (Views: 0.1ms | ActiveRecord: 0.0ms | Allocations: 53)


Started GET "/health/live" for 127.0.0.1 at 2025-11-12 16:27:53 +0000
Processing by HealthController#live as */*
Completed 200 OK in 0ms (Views: 0.1ms | ActiveRecord: 0.0ms | Allocations: 53)


Started GET "/health/live" for 127.0.0.1 at 2025-11-12 16:27:58 +0000
Processing by HealthController#live as */*
Completed 200 OK in 0ms (Views: 0.1ms | ActiveRecord: 0.0ms | Allocations: 53)


Started GET "/health/live" for 127.0.0.1 at 2025-11-12 16:28:03 +0000
Processing by HealthController#live as */*
Completed 200 OK in 0ms (Views: 0.1ms | ActiveRecord: 0.0ms | Allocations: 53)


Started GET "/health/live" for 127.0.0.1 at 2025-11-12 16:28:08 +0000
Processing by HealthController#live as */*
Completed 200 OK in 0ms (Views: 0.1ms | ActiveRecord: 0.0ms | Allocations: 53)


Started GET "/health/live" for 127.0.0.1 at 2025-11-12 16:28:13 +0000
Processing by HealthController#live as */*
Completed 200 OK in 0ms (Views: 0.1ms | ActiveRecord: 0.0ms | Allocations: 53)


Started GET "/health/live" for 127.0.0.1 at 2025-11-12 16:28:18 +0000
Processing by HealthController#live as */*
Completed 200 OK in 0ms (Views: 0.1ms | ActiveRecord: 0.0ms | Allocations: 53)


Started GET "/health/live" for 127.0.0.1 at 2025-11-12 16:28:23 +0000
Processing by HealthController#live as */*
Completed 200 OK in 0ms (Views: 0.1ms | ActiveRecord: 0.0ms | Allocations: 53)


Started GET "/health/live" for 127.0.0.1 at 2025-11-12 16:28:28 +0000
Processing by HealthController#live as */*
Completed 200 OK in 0ms (Views: 0.1ms | ActiveRecord: 0.0ms | Allocations: 53)


Started GET "/health/live" for 127.0.0.1 at 2025-11-12 16:28:33 +0000
Processing by HealthController#live as */*
Completed 200 OK in 0ms (Views: 0.2ms | ActiveRecord: 0.0ms | Allocations: 53)


Started GET "/health/live" for 127.0.0.1 at 2025-11-12 16:28:38 +0000
Processing by HealthController#live as */*
Completed 200 OK in 0ms (Views: 0.1ms | ActiveRecord: 0.0ms | Allocations: 53)


Started GET "/health/live" for 127.0.0.1 at 2025-11-12 16:28:43 +0000
Processing by HealthController#live as */*
Completed 200 OK in 0ms (Views: 0.1ms | ActiveRecord: 0.0ms | Allocations: 53)


Started GET "/health/live" for 127.0.0.1 at 2025-11-12 16:28:48 +0000
Processing by HealthController#live as */*
Completed 200 OK in 0ms (Views: 0.1ms | ActiveRecord: 0.0ms | Allocations: 53)


Started GET "/health/live" for 127.0.0.1 at 2025-11-12 16:28:54 +0000
Processing by HealthController#live as */*
Completed 200 OK in 0ms (Views: 0.1ms | ActiveRecord: 0.0ms | Allocations: 53)


Started GET "/health/live" for 127.0.0.1 at 2025-11-12 16:28:59 +0000
Processing by HealthController#live as */*
Completed 200 OK in 0ms (Views: 0.1ms | ActiveRecord: 0.0ms | Allocations: 53)


Started GET "/health/live" for 127.0.0.1 at 2025-11-12 16:29:04 +0000
Processing by HealthController#live as */*
Completed 200 OK in 0ms (Views: 0.1ms | ActiveRecord: 0.0ms | Allocations: 53)


Started GET "/health/live" for 127.0.0.1 at 2025-11-12 16:29:09 +0000
Processing by HealthController#live as */*
Completed 200 OK in 0ms (Views: 0.1ms | ActiveRecord: 0.0ms | Allocations: 53)


Started GET "/health/live" for 127.0.0.1 at 2025-11-12 16:29:14 +0000
Processing by HealthController#live as */*
Completed 200 OK in 0ms (Views: 0.1ms | ActiveRecord: 0.0ms | Allocations: 53)


Started GET "/health/live" for 127.0.0.1 at 2025-11-12 16:29:19 +0000
Processing by HealthController#live as */*
Completed 200 OK in 0ms (Views: 0.1ms | ActiveRecord: 0.0ms | Allocations: 54)


Started GET "/health/live" for 127.0.0.1 at 2025-11-12 16:29:24 +0000
Processing by HealthController#live as */*
Completed 200 OK in 0ms (Views: 0.1ms | ActiveRecord: 0.0ms | Allocations: 53)


Started GET "/health/live" for 127.0.0.1 at 2025-11-12 16:29:29 +0000
Processing by HealthController#live as */*
Completed 200 OK in 0ms (Views: 0.1ms | ActiveRecord: 0.0ms | Allocations: 53)


Started GET "/health/live" for 127.0.0.1 at 2025-11-12 16:29:34 +0000
Processing by HealthController#live as */*
Completed 200 OK in 0ms (Views: 0.1ms | ActiveRecord: 0.0ms | Allocations: 53)


Started GET "/health/live" for 127.0.0.1 at 2025-11-12 16:29:39 +0000
Processing by HealthController#live as */*
Completed 200 OK in 0ms (Views: 0.1ms | ActiveRecord: 0.0ms | Allocations: 53)


Started GET "/health/live" for 127.0.0.1 at 2025-11-12 16:29:44 +0000
Processing by HealthController#live as */*
Completed 200 OK in 0ms (Views: 0.1ms | ActiveRecord: 0.0ms | Allocations: 53)


Started GET "/health/live" for 127.0.0.1 at 2025-11-12 16:29:49 +0000
Processing by HealthController#live as */*
Completed 200 OK in 0ms (Views: 0.1ms | ActiveRecord: 0.0ms | Allocations: 53)


Started GET "/health/live" for 127.0.0.1 at 2025-11-12 16:29:54 +0000
Processing by HealthController#live as */*
Completed 200 OK in 0ms (Views: 0.1ms | ActiveRecord: 0.0ms | Allocations: 53)


Started GET "/health/live" for 127.0.0.1 at 2025-11-12 16:29:59 +0000
Processing by HealthController#live as */*
Completed 200 OK in 0ms (Views: 0.1ms | ActiveRecord: 0.0ms | Allocations: 53)


Started GET "/health/live" for 127.0.0.1 at 2025-11-12 16:30:04 +0000
Processing by HealthController#live as */*
Completed 200 OK in 0ms (Views: 0.1ms | ActiveRecord: 0.0ms | Allocations: 53)


  [1m[35m (0.1ms)[0m  [1m[34mSELECT pg_try_advisory_lock(762905499855913785)[0m
  [1m[35m (0.1ms)[0m  [1m[34mSELECT pg_try_advisory_lock(762905499855913785)[0m
  [1m[36mActiveRecord::SchemaMigration Load (1.0ms)[0m  [1m[34mSELECT "schema_migrations"."version" FROM "schema_migrations" ORDER BY "schema_migrations"."version" ASC[0m
  [1m[36mActiveRecord::InternalMetadata Load (0.9ms)[0m  [1m[34mSELECT * FROM "ar_internal_metadata" WHERE "ar_internal_metadata"."key" = $1 ORDER BY "ar_internal_metadata"."key" ASC LIMIT 1[0m  [[nil, "environment"]]
  [1m[35m (0.3ms)[0m  [1m[34mSELECT pg_advisory_unlock(762905499855913785)[0m
  [1m[36mActiveRecord::SchemaMigration Load (0.2ms)[0m  [1m[34mSELECT "schema_migrations"."version" FROM "schema_migrations" ORDER BY "schema_migrations"."version" ASC[0m
  [1m[35m (0.2ms)[0m  [1m[34mSELECT pg_try_advisory_lock(762905499855913785)[0m
  [1m[36mActiveRecord::SchemaMigration Load (0.9ms)[0m  [1m[34mSELECT "schema_migrations"."version" FROM "schema_migrations" ORDER BY "schema_migrations"."version" ASC[0m
  [1m[36mActiveRecord::InternalMetadata Load (0.8ms)[0m  [1m[34mSELECT * FROM "ar_internal_metadata" WHERE "ar_internal_metadata"."key" = $1 ORDER BY "ar_internal_metadata"."key" ASC LIMIT 1[0m  [[nil, "environment"]]
  [1m[35m (0.3ms)[0m  [1m[34mSELECT pg_advisory_unlock(762905499855913785)[0m
  [1m[36mActiveRecord::SchemaMigration Load (0.2ms)[0m  [1m[34mSELECT "schema_migrations"."version" FROM "schema_migrations" ORDER BY "schema_migrations"."version" ASC[0m
Started GET "/health/live" for 127.0.0.1 at 2025-11-12 16:30:24 +0000
  [1m[36mActiveRecord::SchemaMigration Load (0.7ms)[0m  [1m[34mSELECT "schema_migrations"."version" FROM "schema_migrations" ORDER BY "schema_migrations"."version" ASC[0m
Processing by HealthController#live as */*
Completed 200 OK in 2ms (Views: 0.1ms | ActiveRecord: 0.0ms | Allocations: 3012)


Started GET "/payments" for 172.217.215.207 at 2025-11-12 16:30:27 +0000
Processing by PaymentsController#index as */*
  [1m[36mPayment Load (0.6ms)[0m  [1m[34mSELECT "payments".* FROM "payments" ORDER BY "payments"."created_at" DESC LIMIT $1[0m  [["LIMIT", 50]]
  ↳ app/controllers/payments_controller.rb:4:in `map'
Completed 200 OK in 36ms (Views: 0.2ms | ActiveRecord: 7.8ms | Allocations: 24493)


Started GET "/payments" for 172.217.215.207 at 2025-11-12 16:30:29 +0000
Processing by PaymentsController#index as */*
  [1m[36mPayment Load (0.3ms)[0m  [1m[34mSELECT "payments".* FROM "payments" ORDER BY "payments"."created_at" DESC LIMIT $1[0m  [["LIMIT", 50]]
  ↳ app/controllers/payments_controller.rb:4:in `map'
Completed 200 OK in 2ms (Views: 0.1ms | ActiveRecord: 0.3ms | Allocations: 704)


Started GET "/health/live" for 127.0.0.1 at 2025-11-12 16:30:30 +0000
Processing by HealthController#live as */*
Completed 200 OK in 0ms (Views: 0.1ms | ActiveRecord: 0.0ms | Allocations: 55)


Started GET "/payments" for 172.217.215.207 at 2025-11-12 16:30:30 +0000
Processing by PaymentsController#index as */*
  [1m[36mPayment Load (0.6ms)[0m  [1m[34mSELECT "payments".* FROM "payments" ORDER BY "payments"."created_at" DESC LIMIT $1[0m  [["LIMIT", 50]]
  ↳ app/controllers/payments_controller.rb:4:in `map'
Completed 200 OK in 3ms (Views: 0.3ms | ActiveRecord: 0.6ms | Allocations: 703)


Started GET "/payments" for 172.217.215.207 at 2025-11-12 16:30:32 +0000
Processing by PaymentsController#index as */*
  [1m[36mPayment Load (0.6ms)[0m  [1m[34mSELECT "payments".* FROM "payments" ORDER BY "payments"."created_at" DESC LIMIT $1[0m  [["LIMIT", 50]]
  ↳ app/controllers/payments_controller.rb:4:in `map'
Completed 200 OK in 3ms (Views: 0.3ms | ActiveRecord: 0.6ms | Allocations: 693)


Started GET "/payments" for 172.217.215.207 at 2025-11-12 16:30:33 +0000
Processing by PaymentsController#index as */*
  [1m[36mPayment Load (0.6ms)[0m  [1m[34mSELECT "payments".* FROM "payments" ORDER BY "payments"."created_at" DESC LIMIT $1[0m  [["LIMIT", 50]]
  ↳ app/controllers/payments_controller.rb:4:in `map'
Completed 200 OK in 3ms (Views: 0.2ms | ActiveRecord: 0.5ms | Allocations: 690)


Started GET "/health/live" for 127.0.0.1 at 2025-11-12 16:30:35 +0000
Processing by HealthController#live as */*
Completed 200 OK in 0ms (Views: 0.1ms | ActiveRecord: 0.0ms | Allocations: 53)


Started GET "/payments" for 172.217.215.207 at 2025-11-12 16:30:35 +0000
Processing by PaymentsController#index as */*
  [1m[36mPayment Load (0.5ms)[0m  [1m[34mSELECT "payments".* FROM "payments" ORDER BY "payments"."created_at" DESC LIMIT $1[0m  [["LIMIT", 50]]
  ↳ app/controllers/payments_controller.rb:4:in `map'
Completed 200 OK in 3ms (Views: 0.3ms | ActiveRecord: 0.4ms | Allocations: 701)


Started GET "/payments" for 172.217.215.207 at 2025-11-12 16:30:36 +0000
Processing by PaymentsController#index as */*
  [1m[36mPayment Load (0.3ms)[0m  [1m[34mSELECT "payments".* FROM "payments" ORDER BY "payments"."created_at" DESC LIMIT $1[0m  [["LIMIT", 50]]
  ↳ app/controllers/payments_controller.rb:4:in `map'
Completed 200 OK in 2ms (Views: 0.2ms | ActiveRecord: 0.3ms | Allocations: 689)


Started GET "/payments" for 172.217.215.207 at 2025-11-12 16:30:38 +0000
Processing by PaymentsController#index as */*
  [1m[36mPayment Load (0.4ms)[0m  [1m[34mSELECT "payments".* FROM "payments" ORDER BY "payments"."created_at" DESC LIMIT $1[0m  [["LIMIT", 50]]
  ↳ app/controllers/payments_controller.rb:4:in `map'
Completed 200 OK in 3ms (Views: 0.2ms | ActiveRecord: 0.4ms | Allocations: 689)


Started GET "/health/live" for 127.0.0.1 at 2025-11-12 16:30:40 +0000
Processing by HealthController#live as */*
Completed 200 OK in 0ms (Views: 0.1ms | ActiveRecord: 0.0ms | Allocations: 53)


Started GET "/payments" for 172.217.215.207 at 2025-11-12 16:30:40 +0000
Processing by PaymentsController#index as */*
  [1m[36mPayment Load (0.5ms)[0m  [1m[34mSELECT "payments".* FROM "payments" ORDER BY "payments"."created_at" DESC LIMIT $1[0m  [["LIMIT", 50]]
  ↳ app/controllers/payments_controller.rb:4:in `map'
Completed 200 OK in 3ms (Views: 0.3ms | ActiveRecord: 0.4ms | Allocations: 689)


Started GET "/payments" for 172.217.215.207 at 2025-11-12 16:30:41 +0000
Processing by PaymentsController#index as */*
  [1m[36mPayment Load (0.2ms)[0m  [1m[34mSELECT "payments".* FROM "payments" ORDER BY "payments"."created_at" DESC LIMIT $1[0m  [["LIMIT", 50]]
  ↳ app/controllers/payments_controller.rb:4:in `map'
Completed 200 OK in 2ms (Views: 0.1ms | ActiveRecord: 0.2ms | Allocations: 689)


Started GET "/payments" for 172.217.215.207 at 2025-11-12 16:30:43 +0000
Processing by PaymentsController#index as */*
  [1m[36mPayment Load (0.4ms)[0m  [1m[34mSELECT "payments".* FROM "payments" ORDER BY "payments"."created_at" DESC LIMIT $1[0m  [["LIMIT", 50]]
  ↳ app/controllers/payments_controller.rb:4:in `map'
Completed 200 OK in 3ms (Views: 0.3ms | ActiveRecord: 0.4ms | Allocations: 689)


Started GET "/payments" for 172.217.215.207 at 2025-11-12 16:30:44 +0000
Processing by PaymentsController#index as */*
  [1m[36mPayment Load (0.3ms)[0m  [1m[34mSELECT "payments".* FROM "payments" ORDER BY "payments"."created_at" DESC LIMIT $1[0m  [["LIMIT", 50]]
  ↳ app/controllers/payments_controller.rb:4:in `map'
Completed 200 OK in 2ms (Views: 0.2ms | ActiveRecord: 0.3ms | Allocations: 689)


Started GET "/health/live" for 127.0.0.1 at 2025-11-12 16:30:45 +0000
Processing by HealthController#live as */*
Completed 200 OK in 0ms (Views: 0.1ms | ActiveRecord: 0.0ms | Allocations: 53)


Started GET "/payments" for 172.217.215.207 at 2025-11-12 16:30:46 +0000
Processing by PaymentsController#index as */*
  [1m[36mPayment Load (0.6ms)[0m  [1m[34mSELECT "payments".* FROM "payments" ORDER BY "payments"."created_at" DESC LIMIT $1[0m  [["LIMIT", 50]]
  ↳ app/controllers/payments_controller.rb:4:in `map'
Completed 200 OK in 4ms (Views: 0.3ms | ActiveRecord: 0.6ms | Allocations: 689)


Started GET "/payments" for 172.217.215.207 at 2025-11-12 16:30:47 +0000
Processing by PaymentsController#index as */*
  [1m[36mPayment Load (0.4ms)[0m  [1m[34mSELECT "payments".* FROM "payments" ORDER BY "payments"."created_at" DESC LIMIT $1[0m  [["LIMIT", 50]]
  ↳ app/controllers/payments_controller.rb:4:in `map'
Completed 200 OK in 3ms (Views: 0.3ms | ActiveRecord: 0.4ms | Allocations: 689)


Started GET "/payments" for 172.217.215.207 at 2025-11-12 16:30:49 +0000
Processing by PaymentsController#index as */*
  [1m[36mPayment Load (0.4ms)[0m  [1m[34mSELECT "payments".* FROM "payments" ORDER BY "payments"."created_at" DESC LIMIT $1[0m  [["LIMIT", 50]]
  ↳ app/controllers/payments_controller.rb:4:in `map'
Completed 200 OK in 3ms (Views: 0.3ms | ActiveRecord: 0.4ms | Allocations: 689)


Started GET "/health/live" for 127.0.0.1 at 2025-11-12 16:30:50 +0000
Processing by HealthController#live as */*
Completed 200 OK in 0ms (Views: 0.1ms | ActiveRecord: 0.0ms | Allocations: 53)


Started GET "/payments" for 172.217.215.207 at 2025-11-12 16:30:50 +0000
Processing by PaymentsController#index as */*
  [1m[36mPayment Load (0.4ms)[0m  [1m[34mSELECT "payments".* FROM "payments" ORDER BY "payments"."created_at" DESC LIMIT $1[0m  [["LIMIT", 50]]
  ↳ app/controllers/payments_controller.rb:4:in `map'
Completed 200 OK in 3ms (Views: 0.3ms | ActiveRecord: 0.4ms | Allocations: 690)


Started GET "/payments" for 172.217.215.207 at 2025-11-12 16:30:52 +0000
Processing by PaymentsController#index as */*
  [1m[36mPayment Load (0.3ms)[0m  [1m[34mSELECT "payments".* FROM "payments" ORDER BY "payments"."created_at" DESC LIMIT $1[0m  [["LIMIT", 50]]
  ↳ app/controllers/payments_controller.rb:4:in `map'
Completed 200 OK in 2ms (Views: 0.2ms | ActiveRecord: 0.3ms | Allocations: 689)


Started GET "/payments" for 172.217.215.207 at 2025-11-12 16:30:53 +0000
Processing by PaymentsController#index as */*
  [1m[36mPayment Load (0.2ms)[0m  [1m[34mSELECT "payments".* FROM "payments" ORDER BY "payments"."created_at" DESC LIMIT $1[0m  [["LIMIT", 50]]
  ↳ app/controllers/payments_controller.rb:4:in `map'
Completed 200 OK in 2ms (Views: 0.2ms | ActiveRecord: 0.2ms | Allocations: 689)


Started GET "/health/live" for 127.0.0.1 at 2025-11-12 16:30:55 +0000
Processing by HealthController#live as */*
Completed 200 OK in 0ms (Views: 0.1ms | ActiveRecord: 0.0ms | Allocations: 53)


Started GET "/payments" for 172.217.215.207 at 2025-11-12 16:30:55 +0000
Processing by PaymentsController#index as */*
  [1m[36mPayment Load (0.3ms)[0m  [1m[34mSELECT "payments".* FROM "payments" ORDER BY "payments"."created_at" DESC LIMIT $1[0m  [["LIMIT", 50]]
  ↳ app/controllers/payments_controller.rb:4:in `map'
Completed 200 OK in 2ms (Views: 0.2ms | ActiveRecord: 0.3ms | Allocations: 689)


Started GET "/payments" for 172.217.215.207 at 2025-11-12 16:30:56 +0000
Processing by PaymentsController#index as */*
  [1m[36mPayment Load (0.4ms)[0m  [1m[34mSELECT "payments".* FROM "payments" ORDER BY "payments"."created_at" DESC LIMIT $1[0m  [["LIMIT", 50]]
  ↳ app/controllers/payments_controller.rb:4:in `map'
Completed 200 OK in 4ms (Views: 0.3ms | ActiveRecord: 0.4ms | Allocations: 689)


Started GET "/payments" for 172.217.215.207 at 2025-11-12 16:30:58 +0000
Processing by PaymentsController#index as */*
  [1m[36mPayment Load (0.2ms)[0m  [1m[34mSELECT "payments".* FROM "payments" ORDER BY "payments"."created_at" DESC LIMIT $1[0m  [["LIMIT", 50]]
  ↳ app/controllers/payments_controller.rb:4:in `map'
Completed 200 OK in 2ms (Views: 0.1ms | ActiveRecord: 0.2ms | Allocations: 689)


Started GET "/payments" for 172.217.215.207 at 2025-11-12 16:30:59 +0000
Processing by PaymentsController#index as */*
  [1m[36mPayment Load (0.4ms)[0m  [1m[34mSELECT "payments".* FROM "payments" ORDER BY "payments"."created_at" DESC LIMIT $1[0m  [["LIMIT", 50]]
  ↳ app/controllers/payments_controller.rb:4:in `map'
Completed 200 OK in 3ms (Views: 0.3ms | ActiveRecord: 0.4ms | Allocations: 689)


Started GET "/health/live" for 127.0.0.1 at 2025-11-12 16:31:00 +0000
Processing by HealthController#live as */*
Completed 200 OK in 0ms (Views: 0.1ms | ActiveRecord: 0.0ms | Allocations: 53)


Started GET "/payments" for 172.217.215.207 at 2025-11-12 16:31:01 +0000
Processing by PaymentsController#index as */*
  [1m[36mPayment Load (0.5ms)[0m  [1m[34mSELECT "payments".* FROM "payments" ORDER BY "payments"."created_at" DESC LIMIT $1[0m  [["LIMIT", 50]]
  ↳ app/controllers/payments_controller.rb:4:in `map'
Completed 200 OK in 4ms (Views: 0.2ms | ActiveRecord: 1.2ms | Allocations: 689)


Started GET "/payments" for 172.217.215.207 at 2025-11-12 16:31:02 +0000
Processing by PaymentsController#index as */*
  [1m[36mPayment Load (0.3ms)[0m  [1m[34mSELECT "payments".* FROM "payments" ORDER BY "payments"."created_at" DESC LIMIT $1[0m  [["LIMIT", 50]]
  ↳ app/controllers/payments_controller.rb:4:in `map'
Completed 200 OK in 5ms (Views: 0.3ms | ActiveRecord: 0.3ms | Allocations: 689)


Started GET "/payments" for 172.217.215.207 at 2025-11-12 16:31:04 +0000
Processing by PaymentsController#index as */*
  [1m[36mPayment Load (0.4ms)[0m  [1m[34mSELECT "payments".* FROM "payments" ORDER BY "payments"."created_at" DESC LIMIT $1[0m  [["LIMIT", 50]]
  ↳ app/controllers/payments_controller.rb:4:in `map'
Completed 200 OK in 3ms (Views: 0.3ms | ActiveRecord: 0.4ms | Allocations: 689)


Started GET "/health/live" for 127.0.0.1 at 2025-11-12 16:31:05 +0000
Processing by HealthController#live as */*
Completed 200 OK in 0ms (Views: 0.1ms | ActiveRecord: 0.0ms | Allocations: 53)


Started GET "/payments" for 172.217.215.207 at 2025-11-12 16:31:05 +0000
Processing by PaymentsController#index as */*
  [1m[36mPayment Load (0.3ms)[0m  [1m[34mSELECT "payments".* FROM "payments" ORDER BY "payments"."created_at" DESC LIMIT $1[0m  [["LIMIT", 50]]
  ↳ app/controllers/payments_controller.rb:4:in `map'
Completed 200 OK in 2ms (Views: 0.2ms | ActiveRecord: 0.3ms | Allocations: 689)


Started GET "/payments" for 172.217.215.207 at 2025-11-12 16:31:07 +0000
Processing by PaymentsController#index as */*
  [1m[36mPayment Load (0.5ms)[0m  [1m[34mSELECT "payments".* FROM "payments" ORDER BY "payments"."created_at" DESC LIMIT $1[0m  [["LIMIT", 50]]
  ↳ app/controllers/payments_controller.rb:4:in `map'
Completed 200 OK in 4ms (Views: 0.3ms | ActiveRecord: 0.5ms | Allocations: 689)


Started GET "/payments" for 172.217.215.207 at 2025-11-12 16:31:08 +0000
Processing by PaymentsController#index as */*
  [1m[36mPayment Load (0.3ms)[0m  [1m[34mSELECT "payments".* FROM "payments" ORDER BY "payments"."created_at" DESC LIMIT $1[0m  [["LIMIT", 50]]
  ↳ app/controllers/payments_controller.rb:4:in `map'
Completed 200 OK in 3ms (Views: 0.3ms | ActiveRecord: 0.3ms | Allocations: 689)


Started GET "/payments" for 172.217.215.207 at 2025-11-12 16:31:10 +0000
Processing by PaymentsController#index as */*
  [1m[36mPayment Load (0.2ms)[0m  [1m[34mSELECT "payments".* FROM "payments" ORDER BY "payments"."created_at" DESC LIMIT $1[0m  [["LIMIT", 50]]
  ↳ app/controllers/payments_controller.rb:4:in `map'
Completed 200 OK in 2ms (Views: 0.1ms | ActiveRecord: 0.2ms | Allocations: 740)


Started GET "/health/live" for 127.0.0.1 at 2025-11-12 16:31:10 +0000
Processing by HealthController#live as */*
Completed 200 OK in 0ms (Views: 0.0ms | ActiveRecord: 0.0ms | Allocations: 53)


Started GET "/payments" for 172.217.215.207 at 2025-11-12 16:31:11 +0000
Processing by PaymentsController#index as */*
  [1m[36mPayment Load (0.2ms)[0m  [1m[34mSELECT "payments".* FROM "payments" ORDER BY "payments"."created_at" DESC LIMIT $1[0m  [["LIMIT", 50]]
  ↳ app/controllers/payments_controller.rb:4:in `map'
Completed 200 OK in 1ms (Views: 0.2ms | ActiveRecord: 0.2ms | Allocations: 690)


Started GET "/payments" for 172.217.215.207 at 2025-11-12 16:31:13 +0000
Processing by PaymentsController#index as */*
  [1m[36mPayment Load (0.3ms)[0m  [1m[34mSELECT "payments".* FROM "payments" ORDER BY "payments"."created_at" DESC LIMIT $1[0m  [["LIMIT", 50]]
  ↳ app/controllers/payments_controller.rb:4:in `map'
Completed 200 OK in 3ms (Views: 0.4ms | ActiveRecord: 0.3ms | Allocations: 689)


Started GET "/payments" for 172.217.215.207 at 2025-11-12 16:31:14 +0000
Processing by PaymentsController#index as */*
  [1m[36mPayment Load (0.4ms)[0m  [1m[34mSELECT "payments".* FROM "payments" ORDER BY "payments"."created_at" DESC LIMIT $1[0m  [["LIMIT", 50]]
  ↳ app/controllers/payments_controller.rb:4:in `map'
Completed 200 OK in 3ms (Views: 0.3ms | ActiveRecord: 0.4ms | Allocations: 689)


Started GET "/health/live" for 127.0.0.1 at 2025-11-12 16:31:15 +0000
Processing by HealthController#live as */*
Completed 200 OK in 0ms (Views: 0.1ms | ActiveRecord: 0.0ms | Allocations: 53)


Started GET "/payments" for 172.217.215.207 at 2025-11-12 16:31:16 +0000
Processing by PaymentsController#index as */*
  [1m[36mPayment Load (0.4ms)[0m  [1m[34mSELECT "payments".* FROM "payments" ORDER BY "payments"."created_at" DESC LIMIT $1[0m  [["LIMIT", 50]]
  ↳ app/controllers/payments_controller.rb:4:in `map'
Completed 200 OK in 3ms (Views: 0.3ms | ActiveRecord: 0.4ms | Allocations: 689)


Started GET "/payments" for 172.217.215.207 at 2025-11-12 16:31:17 +0000
Processing by PaymentsController#index as */*
  [1m[36mPayment Load (0.4ms)[0m  [1m[34mSELECT "payments".* FROM "payments" ORDER BY "payments"."created_at" DESC LIMIT $1[0m  [["LIMIT", 50]]
  ↳ app/controllers/payments_controller.rb:4:in `map'
Completed 200 OK in 3ms (Views: 0.3ms | ActiveRecord: 0.4ms | Allocations: 689)


Started GET "/payments" for 172.217.215.207 at 2025-11-12 16:31:19 +0000
Processing by PaymentsController#index as */*
  [1m[36mPayment Load (0.4ms)[0m  [1m[34mSELECT "payments".* FROM "payments" ORDER BY "payments"."created_at" DESC LIMIT $1[0m  [["LIMIT", 50]]
  ↳ app/controllers/payments_controller.rb:4:in `map'
Completed 200 OK in 3ms (Views: 0.3ms | ActiveRecord: 0.4ms | Allocations: 689)


Started GET "/payments" for 172.217.215.207 at 2025-11-12 16:31:20 +0000
Processing by PaymentsController#index as */*
  [1m[36mPayment Load (0.4ms)[0m  [1m[34mSELECT "payments".* FROM "payments" ORDER BY "payments"."created_at" DESC LIMIT $1[0m  [["LIMIT", 50]]
  ↳ app/controllers/payments_controller.rb:4:in `map'
Completed 200 OK in 4ms (Views: 0.3ms | ActiveRecord: 0.4ms | Allocations: 690)


Started GET "/health/live" for 127.0.0.1 at 2025-11-12 16:31:20 +0000
Processing by HealthController#live as */*
Completed 200 OK in 0ms (Views: 0.1ms | ActiveRecord: 0.0ms | Allocations: 53)


Started GET "/payments" for 172.217.215.207 at 2025-11-12 16:31:22 +0000
Processing by PaymentsController#index as */*
  [1m[36mPayment Load (0.4ms)[0m  [1m[34mSELECT "payments".* FROM "payments" ORDER BY "payments"."created_at" DESC LIMIT $1[0m  [["LIMIT", 50]]
  ↳ app/controllers/payments_controller.rb:4:in `map'
Completed 200 OK in 4ms (Views: 0.3ms | ActiveRecord: 0.4ms | Allocations: 689)


Started GET "/payments" for 172.217.215.207 at 2025-11-12 16:31:23 +0000
Processing by PaymentsController#index as */*
  [1m[36mPayment Load (0.5ms)[0m  [1m[34mSELECT "payments".* FROM "payments" ORDER BY "payments"."created_at" DESC LIMIT $1[0m  [["LIMIT", 50]]
  ↳ app/controllers/payments_controller.rb:4:in `map'
Completed 200 OK in 3ms (Views: 0.3ms | ActiveRecord: 0.5ms | Allocations: 689)


Started GET "/payments" for 172.217.215.207 at 2025-11-12 16:31:25 +0000
Processing by PaymentsController#index as */*
  [1m[36mPayment Load (0.5ms)[0m  [1m[34mSELECT "payments".* FROM "payments" ORDER BY "payments"."created_at" DESC LIMIT $1[0m  [["LIMIT", 50]]
  ↳ app/controllers/payments_controller.rb:4:in `map'
Completed 200 OK in 3ms (Views: 0.2ms | ActiveRecord: 0.5ms | Allocations: 689)


Started GET "/health/live" for 127.0.0.1 at 2025-11-12 16:31:25 +0000
Processing by HealthController#live as */*
Completed 200 OK in 0ms (Views: 0.1ms | ActiveRecord: 0.0ms | Allocations: 53)


Started GET "/payments" for 172.217.215.207 at 2025-11-12 16:31:26 +0000
Processing by PaymentsController#index as */*
  [1m[36mPayment Load (0.5ms)[0m  [1m[34mSELECT "payments".* FROM "payments" ORDER BY "payments"."created_at" DESC LIMIT $1[0m  [["LIMIT", 50]]
  ↳ app/controllers/payments_controller.rb:4:in `map'
Completed 200 OK in 3ms (Views: 0.3ms | ActiveRecord: 0.4ms | Allocations: 689)


Started GET "/payments" for 172.217.215.207 at 2025-11-12 16:31:28 +0000
Processing by PaymentsController#index as */*
  [1m[36mPayment Load (0.3ms)[0m  [1m[34mSELECT "payments".* FROM "payments" ORDER BY "payments"."created_at" DESC LIMIT $1[0m  [["LIMIT", 50]]
  ↳ app/controllers/payments_controller.rb:4:in `map'
Completed 200 OK in 2ms (Views: 0.1ms | ActiveRecord: 0.2ms | Allocations: 690)


Started GET "/payments" for 172.217.215.207 at 2025-11-12 16:31:29 +0000
Processing by PaymentsController#index as */*
  [1m[36mPayment Load (0.3ms)[0m  [1m[34mSELECT "payments".* FROM "payments" ORDER BY "payments"."created_at" DESC LIMIT $1[0m  [["LIMIT", 50]]
  ↳ app/controllers/payments_controller.rb:4:in `map'
Completed 200 OK in 2ms (Views: 0.2ms | ActiveRecord: 0.3ms | Allocations: 689)


Started GET "/health/live" for 127.0.0.1 at 2025-11-12 16:31:30 +0000
Processing by HealthController#live as */*
Completed 200 OK in 0ms (Views: 0.1ms | ActiveRecord: 0.0ms | Allocations: 53)


Started GET "/payments" for 172.217.215.207 at 2025-11-12 16:31:31 +0000
Processing by PaymentsController#index as */*
  [1m[36mPayment Load (0.2ms)[0m  [1m[34mSELECT "payments".* FROM "payments" ORDER BY "payments"."created_at" DESC LIMIT $1[0m  [["LIMIT", 50]]
  ↳ app/controllers/payments_controller.rb:4:in `map'
Completed 200 OK in 2ms (Views: 0.1ms | ActiveRecord: 0.2ms | Allocations: 689)


Started GET "/payments" for 172.217.215.207 at 2025-11-12 16:31:32 +0000
Processing by PaymentsController#index as */*
  [1m[36mPayment Load (0.3ms)[0m  [1m[34mSELECT "payments".* FROM "payments" ORDER BY "payments"."created_at" DESC LIMIT $1[0m  [["LIMIT", 50]]
  ↳ app/controllers/payments_controller.rb:4:in `map'
Completed 200 OK in 3ms (Views: 0.3ms | ActiveRecord: 0.3ms | Allocations: 689)


Started GET "/payments" for 172.217.215.207 at 2025-11-12 16:31:34 +0000
Processing by PaymentsController#index as */*
  [1m[36mPayment Load (0.4ms)[0m  [1m[34mSELECT "payments".* FROM "payments" ORDER BY "payments"."created_at" DESC LIMIT $1[0m  [["LIMIT", 50]]
  ↳ app/controllers/payments_controller.rb:4:in `map'
Completed 200 OK in 3ms (Views: 0.2ms | ActiveRecord: 0.4ms | Allocations: 689)


Started GET "/payments" for 172.217.215.207 at 2025-11-12 16:31:35 +0000
Processing by PaymentsController#index as */*
  [1m[36mPayment Load (0.2ms)[0m  [1m[34mSELECT "payments".* FROM "payments" ORDER BY "payments"."created_at" DESC LIMIT $1[0m  [["LIMIT", 50]]
  ↳ app/controllers/payments_controller.rb:4:in `map'
Completed 200 OK in 1ms (Views: 0.1ms | ActiveRecord: 0.2ms | Allocations: 689)


Started GET "/health/live" for 127.0.0.1 at 2025-11-12 16:31:35 +0000
Processing by HealthController#live as */*
Completed 200 OK in 0ms (Views: 0.1ms | ActiveRecord: 0.0ms | Allocations: 53)


Started GET "/payments" for 172.217.215.207 at 2025-11-12 16:31:37 +0000
Processing by PaymentsController#index as */*
  [1m[36mPayment Load (0.5ms)[0m  [1m[34mSELECT "payments".* FROM "payments" ORDER BY "payments"."created_at" DESC LIMIT $1[0m  [["LIMIT", 50]]
  ↳ app/controllers/payments_controller.rb:4:in `map'
Completed 200 OK in 3ms (Views: 0.3ms | ActiveRecord: 0.5ms | Allocations: 689)


Started GET "/health/live" for 127.0.0.1 at 2025-11-12 16:31:40 +0000
Processing by HealthController#live as */*
Completed 200 OK in 0ms (Views: 0.1ms | ActiveRecord: 0.0ms | Allocations: 53)


Started GET "/payments" for 172.217.215.207 at 2025-11-12 16:31:42 +0000
Processing by PaymentsController#index as */*
  [1m[36mPayment Load (0.4ms)[0m  [1m[34mSELECT "payments".* FROM "payments" ORDER BY "payments"."created_at" DESC LIMIT $1[0m  [["LIMIT", 50]]
  ↳ app/controllers/payments_controller.rb:4:in `map'
Completed 200 OK in 4ms (Views: 1.1ms | ActiveRecord: 0.4ms | Allocations: 689)


Started GET "/health/live" for 127.0.0.1 at 2025-11-12 16:31:45 +0000
Processing by HealthController#live as */*
Completed 200 OK in 0ms (Views: 0.1ms | ActiveRecord: 0.0ms | Allocations: 53)


Started GET "/health/live" for 127.0.0.1 at 2025-11-12 16:31:50 +0000
Processing by HealthController#live as */*
Completed 200 OK in 0ms (Views: 0.1ms | ActiveRecord: 0.0ms | Allocations: 53)


Started GET "/health/live" for 127.0.0.1 at 2025-11-12 16:31:56 +0000
Processing by HealthController#live as */*
Completed 200 OK in 0ms (Views: 0.1ms | ActiveRecord: 0.0ms | Allocations: 53)


Started GET "/health/live" for 127.0.0.1 at 2025-11-12 16:32:01 +0000
Processing by HealthController#live as */*
Completed 200 OK in 0ms (Views: 0.1ms | ActiveRecord: 0.0ms | Allocations: 53)


Started GET "/health/live" for 127.0.0.1 at 2025-11-12 16:32:06 +0000
Processing by HealthController#live as */*
Completed 200 OK in 0ms (Views: 0.1ms | ActiveRecord: 0.0ms | Allocations: 53)


Started GET "/health/live" for 127.0.0.1 at 2025-11-12 16:32:11 +0000
Processing by HealthController#live as */*
Completed 200 OK in 0ms (Views: 0.1ms | ActiveRecord: 0.0ms | Allocations: 53)


Started GET "/health/live" for 127.0.0.1 at 2025-11-12 16:32:16 +0000
Processing by HealthController#live as */*
Completed 200 OK in 0ms (Views: 0.1ms | ActiveRecord: 0.0ms | Allocations: 53)


Started GET "/health/live" for 127.0.0.1 at 2025-11-12 16:32:21 +0000
Processing by HealthController#live as */*
Completed 200 OK in 0ms (Views: 0.1ms | ActiveRecord: 0.0ms | Allocations: 53)


Started GET "/health/live" for 127.0.0.1 at 2025-11-12 16:32:26 +0000
Processing by HealthController#live as */*
Completed 200 OK in 0ms (Views: 0.1ms | ActiveRecord: 0.0ms | Allocations: 53)


Started GET "/health/live" for 127.0.0.1 at 2025-11-12 16:32:31 +0000
Processing by HealthController#live as */*
Completed 200 OK in 0ms (Views: 0.1ms | ActiveRecord: 0.0ms | Allocations: 53)


Started GET "/health/live" for 127.0.0.1 at 2025-11-12 16:32:36 +0000
Processing by HealthController#live as */*
Completed 200 OK in 0ms (Views: 0.1ms | ActiveRecord: 0.0ms | Allocations: 53)


Started GET "/health/live" for 127.0.0.1 at 2025-11-12 16:32:41 +0000
Processing by HealthController#live as */*
Completed 200 OK in 0ms (Views: 0.1ms | ActiveRecord: 0.0ms | Allocations: 53)


Started GET "/payments" for 172.217.215.207 at 2025-11-12 16:32:42 +0000
Processing by PaymentsController#index as */*
  [1m[36mPayment Load (0.3ms)[0m  [1m[34mSELECT "payments".* FROM "payments" ORDER BY "payments"."created_at" DESC LIMIT $1[0m  [["LIMIT", 50]]
  ↳ app/controllers/payments_controller.rb:4:in `map'
Completed 200 OK in 3ms (Views: 0.3ms | ActiveRecord: 0.3ms | Allocations: 690)


Started GET "/health/live" for 127.0.0.1 at 2025-11-12 16:32:46 +0000
Processing by HealthController#live as */*
Completed 200 OK in 0ms (Views: 0.1ms | ActiveRecord: 0.0ms | Allocations: 53)


Started GET "/health/live" for 127.0.0.1 at 2025-11-12 16:32:51 +0000
Processing by HealthController#live as */*
Completed 200 OK in 0ms (Views: 0.4ms | ActiveRecord: 0.0ms | Allocations: 53)


Started GET "/health/live" for 127.0.0.1 at 2025-11-12 16:32:56 +0000
Processing by HealthController#live as */*
Completed 200 OK in 0ms (Views: 0.1ms | ActiveRecord: 0.0ms | Allocations: 53)


Started GET "/health/live" for 127.0.0.1 at 2025-11-12 16:33:01 +0000
Processing by HealthController#live as */*
Completed 200 OK in 0ms (Views: 0.1ms | ActiveRecord: 0.0ms | Allocations: 53)


Started GET "/health/live" for 127.0.0.1 at 2025-11-12 16:33:06 +0000
Processing by HealthController#live as */*
Completed 200 OK in 0ms (Views: 0.1ms | ActiveRecord: 0.0ms | Allocations: 53)


Started GET "/health/live" for 127.0.0.1 at 2025-11-12 16:33:11 +0000
Processing by HealthController#live as */*
Completed 200 OK in 0ms (Views: 0.1ms | ActiveRecord: 0.0ms | Allocations: 53)


Started GET "/health/live" for 127.0.0.1 at 2025-11-12 16:33:16 +0000
Processing by HealthController#live as */*
Completed 200 OK in 0ms (Views: 0.1ms | ActiveRecord: 0.0ms | Allocations: 53)


Started GET "/health/live" for 127.0.0.1 at 2025-11-12 16:33:22 +0000
Processing by HealthController#live as */*
Completed 200 OK in 0ms (Views: 0.1ms | ActiveRecord: 0.0ms | Allocations: 53)


Started GET "/health/live" for 127.0.0.1 at 2025-11-12 16:33:27 +0000
Processing by HealthController#live as */*
Completed 200 OK in 0ms (Views: 0.1ms | ActiveRecord: 0.0ms | Allocations: 53)


Started GET "/health/live" for 127.0.0.1 at 2025-11-12 16:33:32 +0000
Processing by HealthController#live as */*
Completed 200 OK in 0ms (Views: 0.1ms | ActiveRecord: 0.0ms | Allocations: 53)


Started GET "/health/live" for 127.0.0.1 at 2025-11-12 16:33:37 +0000
Processing by HealthController#live as */*
Completed 200 OK in 0ms (Views: 0.1ms | ActiveRecord: 0.0ms | Allocations: 53)


Started GET "/health/live" for 127.0.0.1 at 2025-11-12 16:33:42 +0000
Processing by HealthController#live as */*
Completed 200 OK in 0ms (Views: 0.1ms | ActiveRecord: 0.0ms | Allocations: 53)


Started GET "/payments" for 172.217.215.207 at 2025-11-12 16:33:42 +0000
Processing by PaymentsController#index as */*
  [1m[36mPayment Load (0.5ms)[0m  [1m[34mSELECT "payments".* FROM "payments" ORDER BY "payments"."created_at" DESC LIMIT $1[0m  [["LIMIT", 50]]
  ↳ app/controllers/payments_controller.rb:4:in `map'
Completed 200 OK in 3ms (Views: 0.3ms | ActiveRecord: 0.5ms | Allocations: 689)


Started GET "/health/live" for 127.0.0.1 at 2025-11-12 16:33:47 +0000
Processing by HealthController#live as */*
Completed 200 OK in 0ms (Views: 0.1ms | ActiveRecord: 0.0ms | Allocations: 53)


Started GET "/health/live" for 127.0.0.1 at 2025-11-12 16:33:52 +0000
Processing by HealthController#live as */*
Completed 200 OK in 0ms (Views: 0.1ms | ActiveRecord: 0.0ms | Allocations: 53)


Started GET "/health/live" for 127.0.0.1 at 2025-11-12 16:33:57 +0000
Processing by HealthController#live as */*
Completed 200 OK in 0ms (Views: 0.1ms | ActiveRecord: 0.0ms | Allocations: 53)


Started GET "/health/live" for 127.0.0.1 at 2025-11-12 16:34:02 +0000
Processing by HealthController#live as */*
Completed 200 OK in 0ms (Views: 0.1ms | ActiveRecord: 0.0ms | Allocations: 53)


Started GET "/health/live" for 127.0.0.1 at 2025-11-12 16:34:07 +0000
Processing by HealthController#live as */*
Completed 200 OK in 0ms (Views: 0.1ms | ActiveRecord: 0.0ms | Allocations: 53)


Started GET "/health/live" for 127.0.0.1 at 2025-11-12 16:34:12 +0000
Processing by HealthController#live as */*
Completed 200 OK in 0ms (Views: 0.1ms | ActiveRecord: 0.0ms | Allocations: 53)


Started GET "/health/live" for 127.0.0.1 at 2025-11-12 16:34:17 +0000
Processing by HealthController#live as */*
Completed 200 OK in 0ms (Views: 0.1ms | ActiveRecord: 0.0ms | Allocations: 53)


Started GET "/health/live" for 127.0.0.1 at 2025-11-12 16:34:22 +0000
Processing by HealthController#live as */*
Completed 200 OK in 0ms (Views: 0.1ms | ActiveRecord: 0.0ms | Allocations: 53)


Started GET "/health/live" for 127.0.0.1 at 2025-11-12 16:34:27 +0000
Processing by HealthController#live as */*
Completed 200 OK in 0ms (Views: 0.1ms | ActiveRecord: 0.0ms | Allocations: 54)


Started GET "/health/live" for 127.0.0.1 at 2025-11-12 16:34:32 +0000
Processing by HealthController#live as */*
Completed 200 OK in 0ms (Views: 0.1ms | ActiveRecord: 0.0ms | Allocations: 53)


Started GET "/health/live" for 127.0.0.1 at 2025-11-12 16:34:37 +0000
Processing by HealthController#live as */*
Completed 200 OK in 0ms (Views: 0.1ms | ActiveRecord: 0.0ms | Allocations: 53)


Started GET "/payments" for 172.217.215.207 at 2025-11-12 16:34:42 +0000
Processing by PaymentsController#index as */*
  [1m[36mPayment Load (0.4ms)[0m  [1m[34mSELECT "payments".* FROM "payments" ORDER BY "payments"."created_at" DESC LIMIT $1[0m  [["LIMIT", 50]]
  ↳ app/controllers/payments_controller.rb:4:in `map'
Completed 200 OK in 3ms (Views: 0.3ms | ActiveRecord: 0.4ms | Allocations: 689)


Started GET "/health/live" for 127.0.0.1 at 2025-11-12 16:34:43 +0000
Processing by HealthController#live as */*
Completed 200 OK in 0ms (Views: 0.2ms | ActiveRecord: 0.0ms | Allocations: 53)


Started GET "/health/live" for 127.0.0.1 at 2025-11-12 16:34:48 +0000
Processing by HealthController#live as */*
Completed 200 OK in 0ms (Views: 0.1ms | ActiveRecord: 0.0ms | Allocations: 53)


Started GET "/health/live" for 127.0.0.1 at 2025-11-12 16:34:53 +0000
Processing by HealthController#live as */*
Completed 200 OK in 0ms (Views: 0.1ms | ActiveRecord: 0.0ms | Allocations: 53)


Started GET "/health/live" for 127.0.0.1 at 2025-11-12 16:34:58 +0000
Processing by HealthController#live as */*
Completed 200 OK in 0ms (Views: 0.1ms | ActiveRecord: 0.0ms | Allocations: 53)


Started GET "/health/live" for 127.0.0.1 at 2025-11-12 16:35:03 +0000
Processing by HealthController#live as */*
Completed 200 OK in 0ms (Views: 0.1ms | ActiveRecord: 0.0ms | Allocations: 53)


Started GET "/health/live" for 127.0.0.1 at 2025-11-12 16:35:08 +0000
Processing by HealthController#live as */*
Completed 200 OK in 0ms (Views: 0.1ms | ActiveRecord: 0.0ms | Allocations: 53)


Started GET "/health/live" for 127.0.0.1 at 2025-11-12 16:35:13 +0000
Processing by HealthController#live as */*
Completed 200 OK in 0ms (Views: 0.1ms | ActiveRecord: 0.0ms | Allocations: 53)


Started GET "/health/live" for 127.0.0.1 at 2025-11-12 16:35:18 +0000
Processing by HealthController#live as */*
Completed 200 OK in 0ms (Views: 0.1ms | ActiveRecord: 0.0ms | Allocations: 53)


Started GET "/health/live" for 127.0.0.1 at 2025-11-12 16:35:23 +0000
Processing by HealthController#live as */*
Completed 200 OK in 0ms (Views: 0.1ms | ActiveRecord: 0.0ms | Allocations: 53)


Started GET "/health/live" for 127.0.0.1 at 2025-11-12 16:35:28 +0000
Processing by HealthController#live as */*
Completed 200 OK in 0ms (Views: 0.1ms | ActiveRecord: 0.0ms | Allocations: 53)


Started GET "/health/live" for 127.0.0.1 at 2025-11-12 16:35:33 +0000
Processing by HealthController#live as */*
Completed 200 OK in 0ms (Views: 0.1ms | ActiveRecord: 0.0ms | Allocations: 53)


Started GET "/health/live" for 127.0.0.1 at 2025-11-12 16:35:38 +0000
Processing by HealthController#live as */*
Completed 200 OK in 0ms (Views: 0.1ms | ActiveRecord: 0.0ms | Allocations: 53)


Started GET "/payments" for 172.217.215.207 at 2025-11-12 16:35:42 +0000
Processing by PaymentsController#index as */*
  [1m[36mPayment Load (0.4ms)[0m  [1m[34mSELECT "payments".* FROM "payments" ORDER BY "payments"."created_at" DESC LIMIT $1[0m  [["LIMIT", 50]]
  ↳ app/controllers/payments_controller.rb:4:in `map'
Completed 200 OK in 2ms (Views: 0.2ms | ActiveRecord: 0.3ms | Allocations: 689)


Started GET "/health/live" for 127.0.0.1 at 2025-11-12 16:35:43 +0000
Processing by HealthController#live as */*
Completed 200 OK in 0ms (Views: 0.1ms | ActiveRecord: 0.0ms | Allocations: 53)


Started GET "/health/live" for 127.0.0.1 at 2025-11-12 16:35:48 +0000
Processing by HealthController#live as */*
Completed 200 OK in 0ms (Views: 0.1ms | ActiveRecord: 0.0ms | Allocations: 53)


Started GET "/health/live" for 127.0.0.1 at 2025-11-12 16:35:53 +0000
Processing by HealthController#live as */*
Completed 200 OK in 0ms (Views: 0.1ms | ActiveRecord: 0.0ms | Allocations: 53)


Started GET "/health/live" for 127.0.0.1 at 2025-11-12 16:35:58 +0000
Processing by HealthController#live as */*
Completed 200 OK in 0ms (Views: 0.1ms | ActiveRecord: 0.0ms | Allocations: 53)


Started GET "/health/live" for 127.0.0.1 at 2025-11-12 16:36:04 +0000
Processing by HealthController#live as */*
Completed 200 OK in 0ms (Views: 0.1ms | ActiveRecord: 0.0ms | Allocations: 53)


Started GET "/health/live" for 127.0.0.1 at 2025-11-12 16:36:09 +0000
Processing by HealthController#live as */*
Completed 200 OK in 0ms (Views: 0.1ms | ActiveRecord: 0.0ms | Allocations: 53)


Started GET "/health/live" for 127.0.0.1 at 2025-11-12 16:36:14 +0000
  [1m[36mActiveRecord::SchemaMigration Load (0.7ms)[0m  [1m[34mSELECT "schema_migrations"."version" FROM "schema_migrations" ORDER BY "schema_migrations"."version" ASC[0m
  
ActiveRecord::PendingMigrationError (

Migrations are pending. To resolve this issue, run:

        bin/rails db:migrate

You have 1 pending migration:

db/migrate/20251112163611_add_refunds.rb


):
  
activerecord (7.1.3) lib/active_record/migration.rb:755:in `check_pending_migrations'
activerecord (7.1.3) lib/active_record/migration.rb:644:in `block (2 levels) in call'
activesupport (7.1.3) lib/active_support/file_update_checker.rb:85:in `execute'
activesupport (7.1.3) lib/active_support/file_update_checker.rb:95:in `execute_if_updated'
activerecord (7.1.3) lib/active_record/migration.rb:651:in `block in call'
activerecord (7.1.3) lib/active_record/migration.rb:641:in `synchronize'
activerecord (7.1.3) lib/active_record/migration.rb:641:in `call'
actionpack (7.1.3) lib/action_dispatch/middleware/callbacks.rb:29:in `block in call'
activesupport (7.1.3) lib/active_support/callbacks.rb:101:in `run_callbacks'
actionpack (7.1.3) lib/action_dispatch/middleware/callbacks.rb:28:in `call'
actionpack (7.1.3) lib/action_dispatch/middleware/executor.rb:14:in `call'
actionpack (7.1.3) lib/action_dispatch/middleware/actionable_exceptions.rb:16:in `call'
actionpack (7.1.3) lib/action_dispatch/middleware/debug_exceptions.rb:29:in `call'
actionpack (7.1.3) lib/action_dispatch/middleware/show_exceptions.rb:31:in `call'
railties (7.1.3) lib/rails/rack/logger.rb:37:in `call_app'
railties (7.1.3) lib/rails/rack/logger.rb:24:in `block in call'
activesupport (7.1.3) lib/active_support/tagged_logging.rb:135:in `block in tagged'
activesupport (7.1.3) lib/active_support/tagged_logging.rb:39:in `tagged'
activesupport (7.1.3) lib/active_support/tagged_logging.rb:135:in `tagged'
activesupport (7.1.3) lib/active_support/broadcast_logger.rb:240:in `method_missing'
railties (7.1.3) lib/rails/rack/logger.rb:24:in `call'
actionpack (7.1.3) lib/action_dispatch/middleware/remote_ip.rb:92:in `call'
actionpack (7.1.3) lib/action_dispatch/middleware/request_id.rb:28:in `call'
rack (3.2.3) lib/rack/runtime.rb:24:in `call'
actionpack (7.1.3) lib/action_dispatch/middleware/server_timing.rb:59:in `block in call'
actionpack (7.1.3) lib/action_dispatch/middleware/server_timing.rb:24:in `collect_events'
actionpack (7.1.3) lib/action_dispatch/middleware/server_timing.rb:58:in `call'
actionpack (7.1.3) lib/action_dispatch/middleware/executor.rb:14:in `call'
actionpack (7.1.3) lib/action_dispatch/middleware/static.rb:25:in `call'
rack (3.2.3) lib/rack/sendfile.rb:131:in `call'
actionpack (7.1.3) lib/action_dispatch/middleware/host_authorization.rb:141:in `call'
rack-cors (3.0.0) lib/rack/cors.rb:102:in `call'
railties (7.1.3) lib/rails/engine.rb:536:in `call'
puma (7.1.0) lib/puma/configuration.rb:300:in `call'
puma (7.1.0) lib/puma/request.rb:101:in `block in handle_request'
puma (7.1.0) lib/puma/thread_pool.rb:355:in `with_force_shutdown'
puma (7.1.0) lib/puma/request.rb:100:in `handle_request'
puma (7.1.0) lib/puma/server.rb:503:in `process_client'
puma (7.1.0) lib/puma/server.rb:262:in `block in run'
puma (7.1.0) lib/puma/thread_pool.rb:182:in `block in spawn_thread'
Started GET "/health/live" for 127.0.0.1 at 2025-11-12 16:36:19 +0000
  [1m[36mActiveRecord::SchemaMigration Load (0.6ms)[0m  [1m[34mSELECT "schema_migrations"."version" FROM "schema_migrations" ORDER BY "schema_migrations"."version" ASC[0m
  
ActiveRecord::PendingMigrationError (

Migrations are pending. To resolve this issue, run:

        bin/rails db:migrate

You have 1 pending migration:

db/migrate/20251112163611_add_refunds.rb


):
  
activerecord (7.1.3) lib/active_record/migration.rb:755:in `check_pending_migrations'
activerecord (7.1.3) lib/active_record/migration.rb:644:in `block (2 levels) in call'
activesupport (7.1.3) lib/active_support/file_update_checker.rb:85:in `execute'
activerecord (7.1.3) lib/active_record/migration.rb:649:in `block in call'
activerecord (7.1.3) lib/active_record/migration.rb:641:in `synchronize'
activerecord (7.1.3) lib/active_record/migration.rb:641:in `call'
actionpack (7.1.3) lib/action_dispatch/middleware/callbacks.rb:29:in `block in call'
activesupport (7.1.3) lib/active_support/callbacks.rb:101:in `run_callbacks'
actionpack (7.1.3) lib/action_dispatch/middleware/callbacks.rb:28:in `call'
actionpack (7.1.3) lib/action_dispatch/middleware/executor.rb:14:in `call'
actionpack (7.1.3) lib/action_dispatch/middleware/actionable_exceptions.rb:16:in `call'
actionpack (7.1.3) lib/action_dispatch/middleware/debug_exceptions.rb:29:in `call'
actionpack (7.1.3) lib/action_dispatch/middleware/show_exceptions.rb:31:in `call'
railties (7.1.3) lib/rails/rack/logger.rb:37:in `call_app'
railties (7.1.3) lib/rails/rack/logger.rb:24:in `block in call'
activesupport (7.1.3) lib/active_support/tagged_logging.rb:135:in `block in tagged'
activesupport (7.1.3) lib/active_support/tagged_logging.rb:39:in `tagged'
activesupport (7.1.3) lib/active_support/tagged_logging.rb:135:in `tagged'
activesupport (7.1.3) lib/active_support/broadcast_logger.rb:240:in `method_missing'
railties (7.1.3) lib/rails/rack/logger.rb:24:in `call'
actionpack (7.1.3) lib/action_dispatch/middleware/remote_ip.rb:92:in `call'
actionpack (7.1.3) lib/action_dispatch/middleware/request_id.rb:28:in `call'
rack (3.2.3) lib/rack/runtime.rb:24:in `call'
actionpack (7.1.3) lib/action_dispatch/middleware/server_timing.rb:59:in `block in call'
actionpack (7.1.3) lib/action_dispatch/middleware/server_timing.rb:24:in `collect_events'
actionpack (7.1.3) lib/action_dispatch/middleware/server_timing.rb:58:in `call'
actionpack (7.1.3) lib/action_dispatch/middleware/executor.rb:14:in `call'
actionpack (7.1.3) lib/action_dispatch/middleware/static.rb:25:in `call'
rack (3.2.3) lib/rack/sendfile.rb:131:in `call'
actionpack (7.1.3) lib/action_dispatch/middleware/host_authorization.rb:141:in `call'
rack-cors (3.0.0) lib/rack/cors.rb:102:in `call'
railties (7.1.3) lib/rails/engine.rb:536:in `call'
puma (7.1.0) lib/puma/configuration.rb:300:in `call'
puma (7.1.0) lib/puma/request.rb:101:in `block in handle_request'
puma (7.1.0) lib/puma/thread_pool.rb:355:in `with_force_shutdown'
puma (7.1.0) lib/puma/request.rb:100:in `handle_request'
puma (7.1.0) lib/puma/server.rb:503:in `process_client'
puma (7.1.0) lib/puma/server.rb:262:in `block in run'
puma (7.1.0) lib/puma/thread_pool.rb:182:in `block in spawn_thread'
Started GET "/health/live" for 127.0.0.1 at 2025-11-12 16:36:24 +0000
  [1m[36mActiveRecord::SchemaMigration Load (0.7ms)[0m  [1m[34mSELECT "schema_migrations"."version" FROM "schema_migrations" ORDER BY "schema_migrations"."version" ASC[0m
  
ActiveRecord::PendingMigrationError (

Migrations are pending. To resolve this issue, run:

        bin/rails db:migrate

You have 1 pending migration:

db/migrate/20251112163611_add_refunds.rb


):
  
activerecord (7.1.3) lib/active_record/migration.rb:755:in `check_pending_migrations'
activerecord (7.1.3) lib/active_record/migration.rb:644:in `block (2 levels) in call'
activesupport (7.1.3) lib/active_support/file_update_checker.rb:85:in `execute'
activerecord (7.1.3) lib/active_record/migration.rb:649:in `block in call'
activerecord (7.1.3) lib/active_record/migration.rb:641:in `synchronize'
activerecord (7.1.3) lib/active_record/migration.rb:641:in `call'
actionpack (7.1.3) lib/action_dispatch/middleware/callbacks.rb:29:in `block in call'
activesupport (7.1.3) lib/active_support/callbacks.rb:101:in `run_callbacks'
actionpack (7.1.3) lib/action_dispatch/middleware/callbacks.rb:28:in `call'
actionpack (7.1.3) lib/action_dispatch/middleware/executor.rb:14:in `call'
actionpack (7.1.3) lib/action_dispatch/middleware/actionable_exceptions.rb:16:in `call'
actionpack (7.1.3) lib/action_dispatch/middleware/debug_exceptions.rb:29:in `call'
actionpack (7.1.3) lib/action_dispatch/middleware/show_exceptions.rb:31:in `call'
railties (7.1.3) lib/rails/rack/logger.rb:37:in `call_app'
railties (7.1.3) lib/rails/rack/logger.rb:24:in `block in call'
activesupport (7.1.3) lib/active_support/tagged_logging.rb:135:in `block in tagged'
activesupport (7.1.3) lib/active_support/tagged_logging.rb:39:in `tagged'
activesupport (7.1.3) lib/active_support/tagged_logging.rb:135:in `tagged'
activesupport (7.1.3) lib/active_support/broadcast_logger.rb:240:in `method_missing'
railties (7.1.3) lib/rails/rack/logger.rb:24:in `call'
actionpack (7.1.3) lib/action_dispatch/middleware/remote_ip.rb:92:in `call'
actionpack (7.1.3) lib/action_dispatch/middleware/request_id.rb:28:in `call'
rack (3.2.3) lib/rack/runtime.rb:24:in `call'
actionpack (7.1.3) lib/action_dispatch/middleware/server_timing.rb:59:in `block in call'
actionpack (7.1.3) lib/action_dispatch/middleware/server_timing.rb:24:in `collect_events'
actionpack (7.1.3) lib/action_dispatch/middleware/server_timing.rb:58:in `call'
actionpack (7.1.3) lib/action_dispatch/middleware/executor.rb:14:in `call'
actionpack (7.1.3) lib/action_dispatch/middleware/static.rb:25:in `call'
rack (3.2.3) lib/rack/sendfile.rb:131:in `call'
actionpack (7.1.3) lib/action_dispatch/middleware/host_authorization.rb:141:in `call'
rack-cors (3.0.0) lib/rack/cors.rb:102:in `call'
railties (7.1.3) lib/rails/engine.rb:536:in `call'
puma (7.1.0) lib/puma/configuration.rb:300:in `call'
puma (7.1.0) lib/puma/request.rb:101:in `block in handle_request'
puma (7.1.0) lib/puma/thread_pool.rb:355:in `with_force_shutdown'
puma (7.1.0) lib/puma/request.rb:100:in `handle_request'
puma (7.1.0) lib/puma/server.rb:503:in `process_client'
puma (7.1.0) lib/puma/server.rb:262:in `block in run'
puma (7.1.0) lib/puma/thread_pool.rb:182:in `block in spawn_thread'
Started GET "/health/live" for 127.0.0.1 at 2025-11-12 16:36:29 +0000
  [1m[36mActiveRecord::SchemaMigration Load (0.6ms)[0m  [1m[34mSELECT "schema_migrations"."version" FROM "schema_migrations" ORDER BY "schema_migrations"."version" ASC[0m
  
ActiveRecord::PendingMigrationError (

Migrations are pending. To resolve this issue, run:

        bin/rails db:migrate

You have 1 pending migration:

db/migrate/20251112163611_add_refunds.rb


):
  
activerecord (7.1.3) lib/active_record/migration.rb:755:in `check_pending_migrations'
activerecord (7.1.3) lib/active_record/migration.rb:644:in `block (2 levels) in call'
activesupport (7.1.3) lib/active_support/file_update_checker.rb:85:in `execute'
activerecord (7.1.3) lib/active_record/migration.rb:649:in `block in call'
activerecord (7.1.3) lib/active_record/migration.rb:641:in `synchronize'
activerecord (7.1.3) lib/active_record/migration.rb:641:in `call'
actionpack (7.1.3) lib/action_dispatch/middleware/callbacks.rb:29:in `block in call'
activesupport (7.1.3) lib/active_support/callbacks.rb:101:in `run_callbacks'
actionpack (7.1.3) lib/action_dispatch/middleware/callbacks.rb:28:in `call'
actionpack (7.1.3) lib/action_dispatch/middleware/executor.rb:14:in `call'
actionpack (7.1.3) lib/action_dispatch/middleware/actionable_exceptions.rb:16:in `call'
actionpack (7.1.3) lib/action_dispatch/middleware/debug_exceptions.rb:29:in `call'
actionpack (7.1.3) lib/action_dispatch/middleware/show_exceptions.rb:31:in `call'
railties (7.1.3) lib/rails/rack/logger.rb:37:in `call_app'
railties (7.1.3) lib/rails/rack/logger.rb:24:in `block in call'
activesupport (7.1.3) lib/active_support/tagged_logging.rb:135:in `block in tagged'
activesupport (7.1.3) lib/active_support/tagged_logging.rb:39:in `tagged'
activesupport (7.1.3) lib/active_support/tagged_logging.rb:135:in `tagged'
activesupport (7.1.3) lib/active_support/broadcast_logger.rb:240:in `method_missing'
railties (7.1.3) lib/rails/rack/logger.rb:24:in `call'
actionpack (7.1.3) lib/action_dispatch/middleware/remote_ip.rb:92:in `call'
actionpack (7.1.3) lib/action_dispatch/middleware/request_id.rb:28:in `call'
rack (3.2.3) lib/rack/runtime.rb:24:in `call'
actionpack (7.1.3) lib/action_dispatch/middleware/server_timing.rb:59:in `block in call'
actionpack (7.1.3) lib/action_dispatch/middleware/server_timing.rb:24:in `collect_events'
actionpack (7.1.3) lib/action_dispatch/middleware/server_timing.rb:58:in `call'
actionpack (7.1.3) lib/action_dispatch/middleware/executor.rb:14:in `call'
actionpack (7.1.3) lib/action_dispatch/middleware/static.rb:25:in `call'
rack (3.2.3) lib/rack/sendfile.rb:131:in `call'
actionpack (7.1.3) lib/action_dispatch/middleware/host_authorization.rb:141:in `call'
rack-cors (3.0.0) lib/rack/cors.rb:102:in `call'
railties (7.1.3) lib/rails/engine.rb:536:in `call'
puma (7.1.0) lib/puma/configuration.rb:300:in `call'
puma (7.1.0) lib/puma/request.rb:101:in `block in handle_request'
puma (7.1.0) lib/puma/thread_pool.rb:355:in `with_force_shutdown'
puma (7.1.0) lib/puma/request.rb:100:in `handle_request'
puma (7.1.0) lib/puma/server.rb:503:in `process_client'
puma (7.1.0) lib/puma/server.rb:262:in `block in run'
puma (7.1.0) lib/puma/thread_pool.rb:182:in `block in spawn_thread'
Started GET "/health/live" for 127.0.0.1 at 2025-11-12 16:36:34 +0000
  [1m[36mActiveRecord::SchemaMigration Load (0.6ms)[0m  [1m[34mSELECT "schema_migrations"."version" FROM "schema_migrations" ORDER BY "schema_migrations"."version" ASC[0m
  
ActiveRecord::PendingMigrationError (

Migrations are pending. To resolve this issue, run:

        bin/rails db:migrate

You have 1 pending migration:

db/migrate/20251112163611_add_refunds.rb


):
  
activerecord (7.1.3) lib/active_record/migration.rb:755:in `check_pending_migrations'
activerecord (7.1.3) lib/active_record/migration.rb:644:in `block (2 levels) in call'
activesupport (7.1.3) lib/active_support/file_update_checker.rb:85:in `execute'
activerecord (7.1.3) lib/active_record/migration.rb:649:in `block in call'
activerecord (7.1.3) lib/active_record/migration.rb:641:in `synchronize'
activerecord (7.1.3) lib/active_record/migration.rb:641:in `call'
actionpack (7.1.3) lib/action_dispatch/middleware/callbacks.rb:29:in `block in call'
activesupport (7.1.3) lib/active_support/callbacks.rb:101:in `run_callbacks'
actionpack (7.1.3) lib/action_dispatch/middleware/callbacks.rb:28:in `call'
actionpack (7.1.3) lib/action_dispatch/middleware/executor.rb:14:in `call'
actionpack (7.1.3) lib/action_dispatch/middleware/actionable_exceptions.rb:16:in `call'
actionpack (7.1.3) lib/action_dispatch/middleware/debug_exceptions.rb:29:in `call'
actionpack (7.1.3) lib/action_dispatch/middleware/show_exceptions.rb:31:in `call'
railties (7.1.3) lib/rails/rack/logger.rb:37:in `call_app'
railties (7.1.3) lib/rails/rack/logger.rb:24:in `block in call'
activesupport (7.1.3) lib/active_support/tagged_logging.rb:135:in `block in tagged'
activesupport (7.1.3) lib/active_support/tagged_logging.rb:39:in `tagged'
activesupport (7.1.3) lib/active_support/tagged_logging.rb:135:in `tagged'
activesupport (7.1.3) lib/active_support/broadcast_logger.rb:240:in `method_missing'
railties (7.1.3) lib/rails/rack/logger.rb:24:in `call'
actionpack (7.1.3) lib/action_dispatch/middleware/remote_ip.rb:92:in `call'
actionpack (7.1.3) lib/action_dispatch/middleware/request_id.rb:28:in `call'
rack (3.2.3) lib/rack/runtime.rb:24:in `call'
actionpack (7.1.3) lib/action_dispatch/middleware/server_timing.rb:59:in `block in call'
actionpack (7.1.3) lib/action_dispatch/middleware/server_timing.rb:24:in `collect_events'
actionpack (7.1.3) lib/action_dispatch/middleware/server_timing.rb:58:in `call'
actionpack (7.1.3) lib/action_dispatch/middleware/executor.rb:14:in `call'
actionpack (7.1.3) lib/action_dispatch/middleware/static.rb:25:in `call'
rack (3.2.3) lib/rack/sendfile.rb:131:in `call'
actionpack (7.1.3) lib/action_dispatch/middleware/host_authorization.rb:141:in `call'
rack-cors (3.0.0) lib/rack/cors.rb:102:in `call'
railties (7.1.3) lib/rails/engine.rb:536:in `call'
puma (7.1.0) lib/puma/configuration.rb:300:in `call'
puma (7.1.0) lib/puma/request.rb:101:in `block in handle_request'
puma (7.1.0) lib/puma/thread_pool.rb:355:in `with_force_shutdown'
puma (7.1.0) lib/puma/request.rb:100:in `handle_request'
puma (7.1.0) lib/puma/server.rb:503:in `process_client'
puma (7.1.0) lib/puma/server.rb:262:in `block in run'
puma (7.1.0) lib/puma/thread_pool.rb:182:in `block in spawn_thread'
Started GET "/health/live" for 127.0.0.1 at 2025-11-12 16:36:39 +0000
  [1m[36mActiveRecord::SchemaMigration Load (0.6ms)[0m  [1m[34mSELECT "schema_migrations"."version" FROM "schema_migrations" ORDER BY "schema_migrations"."version" ASC[0m
  
ActiveRecord::PendingMigrationError (

Migrations are pending. To resolve this issue, run:

        bin/rails db:migrate

You have 1 pending migration:

db/migrate/20251112163611_add_refunds.rb


):
  
activerecord (7.1.3) lib/active_record/migration.rb:755:in `check_pending_migrations'
activerecord (7.1.3) lib/active_record/migration.rb:644:in `block (2 levels) in call'
activesupport (7.1.3) lib/active_support/file_update_checker.rb:85:in `execute'
activerecord (7.1.3) lib/active_record/migration.rb:649:in `block in call'
activerecord (7.1.3) lib/active_record/migration.rb:641:in `synchronize'
activerecord (7.1.3) lib/active_record/migration.rb:641:in `call'
actionpack (7.1.3) lib/action_dispatch/middleware/callbacks.rb:29:in `block in call'
activesupport (7.1.3) lib/active_support/callbacks.rb:101:in `run_callbacks'
actionpack (7.1.3) lib/action_dispatch/middleware/callbacks.rb:28:in `call'
actionpack (7.1.3) lib/action_dispatch/middleware/executor.rb:14:in `call'
actionpack (7.1.3) lib/action_dispatch/middleware/actionable_exceptions.rb:16:in `call'
actionpack (7.1.3) lib/action_dispatch/middleware/debug_exceptions.rb:29:in `call'
actionpack (7.1.3) lib/action_dispatch/middleware/show_exceptions.rb:31:in `call'
railties (7.1.3) lib/rails/rack/logger.rb:37:in `call_app'
railties (7.1.3) lib/rails/rack/logger.rb:24:in `block in call'
activesupport (7.1.3) lib/active_support/tagged_logging.rb:135:in `block in tagged'
activesupport (7.1.3) lib/active_support/tagged_logging.rb:39:in `tagged'
activesupport (7.1.3) lib/active_support/tagged_logging.rb:135:in `tagged'
activesupport (7.1.3) lib/active_support/broadcast_logger.rb:240:in `method_missing'
railties (7.1.3) lib/rails/rack/logger.rb:24:in `call'
actionpack (7.1.3) lib/action_dispatch/middleware/remote_ip.rb:92:in `call'
actionpack (7.1.3) lib/action_dispatch/middleware/request_id.rb:28:in `call'
rack (3.2.3) lib/rack/runtime.rb:24:in `call'
actionpack (7.1.3) lib/action_dispatch/middleware/server_timing.rb:59:in `block in call'
actionpack (7.1.3) lib/action_dispatch/middleware/server_timing.rb:24:in `collect_events'
actionpack (7.1.3) lib/action_dispatch/middleware/server_timing.rb:58:in `call'
actionpack (7.1.3) lib/action_dispatch/middleware/executor.rb:14:in `call'
actionpack (7.1.3) lib/action_dispatch/middleware/static.rb:25:in `call'
rack (3.2.3) lib/rack/sendfile.rb:131:in `call'
actionpack (7.1.3) lib/action_dispatch/middleware/host_authorization.rb:141:in `call'
rack-cors (3.0.0) lib/rack/cors.rb:102:in `call'
railties (7.1.3) lib/rails/engine.rb:536:in `call'
puma (7.1.0) lib/puma/configuration.rb:300:in `call'
puma (7.1.0) lib/puma/request.rb:101:in `block in handle_request'
puma (7.1.0) lib/puma/thread_pool.rb:355:in `with_force_shutdown'
puma (7.1.0) lib/puma/request.rb:100:in `handle_request'
puma (7.1.0) lib/puma/server.rb:503:in `process_client'
puma (7.1.0) lib/puma/server.rb:262:in `block in run'
puma (7.1.0) lib/puma/thread_pool.rb:182:in `block in spawn_thread'
Started GET "/payments" for 172.217.215.207 at 2025-11-12 16:36:42 +0000
  [1m[36mActiveRecord::SchemaMigration Load (0.8ms)[0m  [1m[34mSELECT "schema_migrations"."version" FROM "schema_migrations" ORDER BY "schema_migrations"."version" ASC[0m
  
ActiveRecord::PendingMigrationError (

Migrations are pending. To resolve this issue, run:

        bin/rails db:migrate

You have 1 pending migration:

db/migrate/20251112163611_add_refunds.rb


):
  
activerecord (7.1.3) lib/active_record/migration.rb:755:in `check_pending_migrations'
activerecord (7.1.3) lib/active_record/migration.rb:644:in `block (2 levels) in call'
activesupport (7.1.3) lib/active_support/file_update_checker.rb:85:in `execute'
activerecord (7.1.3) lib/active_record/migration.rb:649:in `block in call'
activerecord (7.1.3) lib/active_record/migration.rb:641:in `synchronize'
activerecord (7.1.3) lib/active_record/migration.rb:641:in `call'
actionpack (7.1.3) lib/action_dispatch/middleware/callbacks.rb:29:in `block in call'
activesupport (7.1.3) lib/active_support/callbacks.rb:101:in `run_callbacks'
actionpack (7.1.3) lib/action_dispatch/middleware/callbacks.rb:28:in `call'
actionpack (7.1.3) lib/action_dispatch/middleware/executor.rb:14:in `call'
actionpack (7.1.3) lib/action_dispatch/middleware/actionable_exceptions.rb:16:in `call'
actionpack (7.1.3) lib/action_dispatch/middleware/debug_exceptions.rb:29:in `call'
actionpack (7.1.3) lib/action_dispatch/middleware/show_exceptions.rb:31:in `call'
railties (7.1.3) lib/rails/rack/logger.rb:37:in `call_app'
railties (7.1.3) lib/rails/rack/logger.rb:24:in `block in call'
activesupport (7.1.3) lib/active_support/tagged_logging.rb:135:in `block in tagged'
activesupport (7.1.3) lib/active_support/tagged_logging.rb:39:in `tagged'
activesupport (7.1.3) lib/active_support/tagged_logging.rb:135:in `tagged'
activesupport (7.1.3) lib/active_support/broadcast_logger.rb:240:in `method_missing'
railties (7.1.3) lib/rails/rack/logger.rb:24:in `call'
actionpack (7.1.3) lib/action_dispatch/middleware/remote_ip.rb:92:in `call'
actionpack (7.1.3) lib/action_dispatch/middleware/request_id.rb:28:in `call'
rack (3.2.3) lib/rack/runtime.rb:24:in `call'
actionpack (7.1.3) lib/action_dispatch/middleware/server_timing.rb:59:in `block in call'
actionpack (7.1.3) lib/action_dispatch/middleware/server_timing.rb:24:in `collect_events'
actionpack (7.1.3) lib/action_dispatch/middleware/server_timing.rb:58:in `call'
actionpack (7.1.3) lib/action_dispatch/middleware/executor.rb:14:in `call'
actionpack (7.1.3) lib/action_dispatch/middleware/static.rb:25:in `call'
rack (3.2.3) lib/rack/sendfile.rb:131:in `call'
actionpack (7.1.3) lib/action_dispatch/middleware/host_authorization.rb:141:in `call'
rack-cors (3.0.0) lib/rack/cors.rb:102:in `call'
railties (7.1.3) lib/rails/engine.rb:536:in `call'
puma (7.1.0) lib/puma/configuration.rb:300:in `call'
puma (7.1.0) lib/puma/request.rb:101:in `block in handle_request'
puma (7.1.0) lib/puma/thread_pool.rb:355:in `with_force_shutdown'
puma (7.1.0) lib/puma/request.rb:100:in `handle_request'
puma (7.1.0) lib/puma/server.rb:503:in `process_client'
puma (7.1.0) lib/puma/server.rb:262:in `block in run'
puma (7.1.0) lib/puma/thread_pool.rb:182:in `block in spawn_thread'
Started GET "/health/live" for 127.0.0.1 at 2025-11-12 16:36:44 +0000
  [1m[36mActiveRecord::SchemaMigration Load (0.7ms)[0m  [1m[34mSELECT "schema_migrations"."version" FROM "schema_migrations" ORDER BY "schema_migrations"."version" ASC[0m
  
ActiveRecord::PendingMigrationError (

Migrations are pending. To resolve this issue, run:

        bin/rails db:migrate

You have 1 pending migration:

db/migrate/20251112163611_add_refunds.rb


):
  
activerecord (7.1.3) lib/active_record/migration.rb:755:in `check_pending_migrations'
activerecord (7.1.3) lib/active_record/migration.rb:644:in `block (2 levels) in call'
activesupport (7.1.3) lib/active_support/file_update_checker.rb:85:in `execute'
activerecord (7.1.3) lib/active_record/migration.rb:649:in `block in call'
activerecord (7.1.3) lib/active_record/migration.rb:641:in `synchronize'
activerecord (7.1.3) lib/active_record/migration.rb:641:in `call'
actionpack (7.1.3) lib/action_dispatch/middleware/callbacks.rb:29:in `block in call'
activesupport (7.1.3) lib/active_support/callbacks.rb:101:in `run_callbacks'
actionpack (7.1.3) lib/action_dispatch/middleware/callbacks.rb:28:in `call'
actionpack (7.1.3) lib/action_dispatch/middleware/executor.rb:14:in `call'
actionpack (7.1.3) lib/action_dispatch/middleware/actionable_exceptions.rb:16:in `call'
actionpack (7.1.3) lib/action_dispatch/middleware/debug_exceptions.rb:29:in `call'
actionpack (7.1.3) lib/action_dispatch/middleware/show_exceptions.rb:31:in `call'
railties (7.1.3) lib/rails/rack/logger.rb:37:in `call_app'
railties (7.1.3) lib/rails/rack/logger.rb:24:in `block in call'
activesupport (7.1.3) lib/active_support/tagged_logging.rb:135:in `block in tagged'
activesupport (7.1.3) lib/active_support/tagged_logging.rb:39:in `tagged'
activesupport (7.1.3) lib/active_support/tagged_logging.rb:135:in `tagged'
activesupport (7.1.3) lib/active_support/broadcast_logger.rb:240:in `method_missing'
railties (7.1.3) lib/rails/rack/logger.rb:24:in `call'
actionpack (7.1.3) lib/action_dispatch/middleware/remote_ip.rb:92:in `call'
actionpack (7.1.3) lib/action_dispatch/middleware/request_id.rb:28:in `call'
rack (3.2.3) lib/rack/runtime.rb:24:in `call'
actionpack (7.1.3) lib/action_dispatch/middleware/server_timing.rb:59:in `block in call'
actionpack (7.1.3) lib/action_dispatch/middleware/server_timing.rb:24:in `collect_events'
actionpack (7.1.3) lib/action_dispatch/middleware/server_timing.rb:58:in `call'
actionpack (7.1.3) lib/action_dispatch/middleware/executor.rb:14:in `call'
actionpack (7.1.3) lib/action_dispatch/middleware/static.rb:25:in `call'
rack (3.2.3) lib/rack/sendfile.rb:131:in `call'
actionpack (7.1.3) lib/action_dispatch/middleware/host_authorization.rb:141:in `call'
rack-cors (3.0.0) lib/rack/cors.rb:102:in `call'
railties (7.1.3) lib/rails/engine.rb:536:in `call'
puma (7.1.0) lib/puma/configuration.rb:300:in `call'
puma (7.1.0) lib/puma/request.rb:101:in `block in handle_request'
puma (7.1.0) lib/puma/thread_pool.rb:355:in `with_force_shutdown'
puma (7.1.0) lib/puma/request.rb:100:in `handle_request'
puma (7.1.0) lib/puma/server.rb:503:in `process_client'
puma (7.1.0) lib/puma/server.rb:262:in `block in run'
puma (7.1.0) lib/puma/thread_pool.rb:182:in `block in spawn_thread'
Started GET "/health/live" for 127.0.0.1 at 2025-11-12 16:36:49 +0000
  [1m[36mActiveRecord::SchemaMigration Load (0.6ms)[0m  [1m[34mSELECT "schema_migrations"."version" FROM "schema_migrations" ORDER BY "schema_migrations"."version" ASC[0m
  
ActiveRecord::PendingMigrationError (

Migrations are pending. To resolve this issue, run:

        bin/rails db:migrate

You have 1 pending migration:

db/migrate/20251112163611_add_refunds.rb


):
  
activerecord (7.1.3) lib/active_record/migration.rb:755:in `check_pending_migrations'
activerecord (7.1.3) lib/active_record/migration.rb:644:in `block (2 levels) in call'
activesupport (7.1.3) lib/active_support/file_update_checker.rb:85:in `execute'
activerecord (7.1.3) lib/active_record/migration.rb:649:in `block in call'
activerecord (7.1.3) lib/active_record/migration.rb:641:in `synchronize'
activerecord (7.1.3) lib/active_record/migration.rb:641:in `call'
actionpack (7.1.3) lib/action_dispatch/middleware/callbacks.rb:29:in `block in call'
activesupport (7.1.3) lib/active_support/callbacks.rb:101:in `run_callbacks'
actionpack (7.1.3) lib/action_dispatch/middleware/callbacks.rb:28:in `call'
actionpack (7.1.3) lib/action_dispatch/middleware/executor.rb:14:in `call'
actionpack (7.1.3) lib/action_dispatch/middleware/actionable_exceptions.rb:16:in `call'
actionpack (7.1.3) lib/action_dispatch/middleware/debug_exceptions.rb:29:in `call'
actionpack (7.1.3) lib/action_dispatch/middleware/show_exceptions.rb:31:in `call'
railties (7.1.3) lib/rails/rack/logger.rb:37:in `call_app'
railties (7.1.3) lib/rails/rack/logger.rb:24:in `block in call'
activesupport (7.1.3) lib/active_support/tagged_logging.rb:135:in `block in tagged'
activesupport (7.1.3) lib/active_support/tagged_logging.rb:39:in `tagged'
activesupport (7.1.3) lib/active_support/tagged_logging.rb:135:in `tagged'
activesupport (7.1.3) lib/active_support/broadcast_logger.rb:240:in `method_missing'
railties (7.1.3) lib/rails/rack/logger.rb:24:in `call'
actionpack (7.1.3) lib/action_dispatch/middleware/remote_ip.rb:92:in `call'
actionpack (7.1.3) lib/action_dispatch/middleware/request_id.rb:28:in `call'
rack (3.2.3) lib/rack/runtime.rb:24:in `call'
actionpack (7.1.3) lib/action_dispatch/middleware/server_timing.rb:59:in `block in call'
actionpack (7.1.3) lib/action_dispatch/middleware/server_timing.rb:24:in `collect_events'
actionpack (7.1.3) lib/action_dispatch/middleware/server_timing.rb:58:in `call'
actionpack (7.1.3) lib/action_dispatch/middleware/executor.rb:14:in `call'
actionpack (7.1.3) lib/action_dispatch/middleware/static.rb:25:in `call'
rack (3.2.3) lib/rack/sendfile.rb:131:in `call'
actionpack (7.1.3) lib/action_dispatch/middleware/host_authorization.rb:141:in `call'
rack-cors (3.0.0) lib/rack/cors.rb:102:in `call'
railties (7.1.3) lib/rails/engine.rb:536:in `call'
puma (7.1.0) lib/puma/configuration.rb:300:in `call'
puma (7.1.0) lib/puma/request.rb:101:in `block in handle_request'
puma (7.1.0) lib/puma/thread_pool.rb:355:in `with_force_shutdown'
puma (7.1.0) lib/puma/request.rb:100:in `handle_request'
puma (7.1.0) lib/puma/server.rb:503:in `process_client'
puma (7.1.0) lib/puma/server.rb:262:in `block in run'
puma (7.1.0) lib/puma/thread_pool.rb:182:in `block in spawn_thread'
Started GET "/health/live" for 127.0.0.1 at 2025-11-12 16:36:54 +0000
  [1m[36mActiveRecord::SchemaMigration Load (0.6ms)[0m  [1m[34mSELECT "schema_migrations"."version" FROM "schema_migrations" ORDER BY "schema_migrations"."version" ASC[0m
  
ActiveRecord::PendingMigrationError (

Migrations are pending. To resolve this issue, run:

        bin/rails db:migrate

You have 1 pending migration:

db/migrate/20251112163611_add_refunds.rb


):
  
activerecord (7.1.3) lib/active_record/migration.rb:755:in `check_pending_migrations'
activerecord (7.1.3) lib/active_record/migration.rb:644:in `block (2 levels) in call'
activesupport (7.1.3) lib/active_support/file_update_checker.rb:85:in `execute'
activerecord (7.1.3) lib/active_record/migration.rb:649:in `block in call'
activerecord (7.1.3) lib/active_record/migration.rb:641:in `synchronize'
activerecord (7.1.3) lib/active_record/migration.rb:641:in `call'
actionpack (7.1.3) lib/action_dispatch/middleware/callbacks.rb:29:in `block in call'
activesupport (7.1.3) lib/active_support/callbacks.rb:101:in `run_callbacks'
actionpack (7.1.3) lib/action_dispatch/middleware/callbacks.rb:28:in `call'
actionpack (7.1.3) lib/action_dispatch/middleware/executor.rb:14:in `call'
actionpack (7.1.3) lib/action_dispatch/middleware/actionable_exceptions.rb:16:in `call'
actionpack (7.1.3) lib/action_dispatch/middleware/debug_exceptions.rb:29:in `call'
actionpack (7.1.3) lib/action_dispatch/middleware/show_exceptions.rb:31:in `call'
railties (7.1.3) lib/rails/rack/logger.rb:37:in `call_app'
railties (7.1.3) lib/rails/rack/logger.rb:24:in `block in call'
activesupport (7.1.3) lib/active_support/tagged_logging.rb:135:in `block in tagged'
activesupport (7.1.3) lib/active_support/tagged_logging.rb:39:in `tagged'
activesupport (7.1.3) lib/active_support/tagged_logging.rb:135:in `tagged'
activesupport (7.1.3) lib/active_support/broadcast_logger.rb:240:in `method_missing'
railties (7.1.3) lib/rails/rack/logger.rb:24:in `call'
actionpack (7.1.3) lib/action_dispatch/middleware/remote_ip.rb:92:in `call'
actionpack (7.1.3) lib/action_dispatch/middleware/request_id.rb:28:in `call'
rack (3.2.3) lib/rack/runtime.rb:24:in `call'
actionpack (7.1.3) lib/action_dispatch/middleware/server_timing.rb:59:in `block in call'
actionpack (7.1.3) lib/action_dispatch/middleware/server_timing.rb:24:in `collect_events'
actionpack (7.1.3) lib/action_dispatch/middleware/server_timing.rb:58:in `call'
actionpack (7.1.3) lib/action_dispatch/middleware/executor.rb:14:in `call'
actionpack (7.1.3) lib/action_dispatch/middleware/static.rb:25:in `call'
rack (3.2.3) lib/rack/sendfile.rb:131:in `call'
actionpack (7.1.3) lib/action_dispatch/middleware/host_authorization.rb:141:in `call'
rack-cors (3.0.0) lib/rack/cors.rb:102:in `call'
railties (7.1.3) lib/rails/engine.rb:536:in `call'
puma (7.1.0) lib/puma/configuration.rb:300:in `call'
puma (7.1.0) lib/puma/request.rb:101:in `block in handle_request'
puma (7.1.0) lib/puma/thread_pool.rb:355:in `with_force_shutdown'
puma (7.1.0) lib/puma/request.rb:100:in `handle_request'
puma (7.1.0) lib/puma/server.rb:503:in `process_client'
puma (7.1.0) lib/puma/server.rb:262:in `block in run'
puma (7.1.0) lib/puma/thread_pool.rb:182:in `block in spawn_thread'
Started GET "/health/live" for 127.0.0.1 at 2025-11-12 16:36:59 +0000
  [1m[36mActiveRecord::SchemaMigration Load (0.6ms)[0m  [1m[34mSELECT "schema_migrations"."version" FROM "schema_migrations" ORDER BY "schema_migrations"."version" ASC[0m
  
ActiveRecord::PendingMigrationError (

Migrations are pending. To resolve this issue, run:

        bin/rails db:migrate

You have 1 pending migration:

db/migrate/20251112163611_add_refunds.rb


):
  
activerecord (7.1.3) lib/active_record/migration.rb:755:in `check_pending_migrations'
activerecord (7.1.3) lib/active_record/migration.rb:644:in `block (2 levels) in call'
activesupport (7.1.3) lib/active_support/file_update_checker.rb:85:in `execute'
activerecord (7.1.3) lib/active_record/migration.rb:649:in `block in call'
activerecord (7.1.3) lib/active_record/migration.rb:641:in `synchronize'
activerecord (7.1.3) lib/active_record/migration.rb:641:in `call'
actionpack (7.1.3) lib/action_dispatch/middleware/callbacks.rb:29:in `block in call'
activesupport (7.1.3) lib/active_support/callbacks.rb:101:in `run_callbacks'
actionpack (7.1.3) lib/action_dispatch/middleware/callbacks.rb:28:in `call'
actionpack (7.1.3) lib/action_dispatch/middleware/executor.rb:14:in `call'
actionpack (7.1.3) lib/action_dispatch/middleware/actionable_exceptions.rb:16:in `call'
actionpack (7.1.3) lib/action_dispatch/middleware/debug_exceptions.rb:29:in `call'
actionpack (7.1.3) lib/action_dispatch/middleware/show_exceptions.rb:31:in `call'
railties (7.1.3) lib/rails/rack/logger.rb:37:in `call_app'
railties (7.1.3) lib/rails/rack/logger.rb:24:in `block in call'
activesupport (7.1.3) lib/active_support/tagged_logging.rb:135:in `block in tagged'
activesupport (7.1.3) lib/active_support/tagged_logging.rb:39:in `tagged'
activesupport (7.1.3) lib/active_support/tagged_logging.rb:135:in `tagged'
activesupport (7.1.3) lib/active_support/broadcast_logger.rb:240:in `method_missing'
railties (7.1.3) lib/rails/rack/logger.rb:24:in `call'
actionpack (7.1.3) lib/action_dispatch/middleware/remote_ip.rb:92:in `call'
actionpack (7.1.3) lib/action_dispatch/middleware/request_id.rb:28:in `call'
rack (3.2.3) lib/rack/runtime.rb:24:in `call'
actionpack (7.1.3) lib/action_dispatch/middleware/server_timing.rb:59:in `block in call'
actionpack (7.1.3) lib/action_dispatch/middleware/server_timing.rb:24:in `collect_events'
actionpack (7.1.3) lib/action_dispatch/middleware/server_timing.rb:58:in `call'
actionpack (7.1.3) lib/action_dispatch/middleware/executor.rb:14:in `call'
actionpack (7.1.3) lib/action_dispatch/middleware/static.rb:25:in `call'
rack (3.2.3) lib/rack/sendfile.rb:131:in `call'
actionpack (7.1.3) lib/action_dispatch/middleware/host_authorization.rb:141:in `call'
rack-cors (3.0.0) lib/rack/cors.rb:102:in `call'
railties (7.1.3) lib/rails/engine.rb:536:in `call'
puma (7.1.0) lib/puma/configuration.rb:300:in `call'
puma (7.1.0) lib/puma/request.rb:101:in `block in handle_request'
puma (7.1.0) lib/puma/thread_pool.rb:355:in `with_force_shutdown'
puma (7.1.0) lib/puma/request.rb:100:in `handle_request'
puma (7.1.0) lib/puma/server.rb:503:in `process_client'
puma (7.1.0) lib/puma/server.rb:262:in `block in run'
puma (7.1.0) lib/puma/thread_pool.rb:182:in `block in spawn_thread'
Started GET "/health/live" for 127.0.0.1 at 2025-11-12 16:37:05 +0000
  [1m[36mActiveRecord::SchemaMigration Load (0.6ms)[0m  [1m[34mSELECT "schema_migrations"."version" FROM "schema_migrations" ORDER BY "schema_migrations"."version" ASC[0m
  
ActiveRecord::PendingMigrationError (

Migrations are pending. To resolve this issue, run:

        bin/rails db:migrate

You have 1 pending migration:

db/migrate/20251112163611_add_refunds.rb


):
  
activerecord (7.1.3) lib/active_record/migration.rb:755:in `check_pending_migrations'
activerecord (7.1.3) lib/active_record/migration.rb:644:in `block (2 levels) in call'
activesupport (7.1.3) lib/active_support/file_update_checker.rb:85:in `execute'
activerecord (7.1.3) lib/active_record/migration.rb:649:in `block in call'
activerecord (7.1.3) lib/active_record/migration.rb:641:in `synchronize'
activerecord (7.1.3) lib/active_record/migration.rb:641:in `call'
actionpack (7.1.3) lib/action_dispatch/middleware/callbacks.rb:29:in `block in call'
activesupport (7.1.3) lib/active_support/callbacks.rb:101:in `run_callbacks'
actionpack (7.1.3) lib/action_dispatch/middleware/callbacks.rb:28:in `call'
actionpack (7.1.3) lib/action_dispatch/middleware/executor.rb:14:in `call'
actionpack (7.1.3) lib/action_dispatch/middleware/actionable_exceptions.rb:16:in `call'
actionpack (7.1.3) lib/action_dispatch/middleware/debug_exceptions.rb:29:in `call'
actionpack (7.1.3) lib/action_dispatch/middleware/show_exceptions.rb:31:in `call'
railties (7.1.3) lib/rails/rack/logger.rb:37:in `call_app'
railties (7.1.3) lib/rails/rack/logger.rb:24:in `block in call'
activesupport (7.1.3) lib/active_support/tagged_logging.rb:135:in `block in tagged'
activesupport (7.1.3) lib/active_support/tagged_logging.rb:39:in `tagged'
activesupport (7.1.3) lib/active_support/tagged_logging.rb:135:in `tagged'
activesupport (7.1.3) lib/active_support/broadcast_logger.rb:240:in `method_missing'
railties (7.1.3) lib/rails/rack/logger.rb:24:in `call'
actionpack (7.1.3) lib/action_dispatch/middleware/remote_ip.rb:92:in `call'
actionpack (7.1.3) lib/action_dispatch/middleware/request_id.rb:28:in `call'
rack (3.2.3) lib/rack/runtime.rb:24:in `call'
actionpack (7.1.3) lib/action_dispatch/middleware/server_timing.rb:59:in `block in call'
actionpack (7.1.3) lib/action_dispatch/middleware/server_timing.rb:24:in `collect_events'
actionpack (7.1.3) lib/action_dispatch/middleware/server_timing.rb:58:in `call'
actionpack (7.1.3) lib/action_dispatch/middleware/executor.rb:14:in `call'
actionpack (7.1.3) lib/action_dispatch/middleware/static.rb:25:in `call'
rack (3.2.3) lib/rack/sendfile.rb:131:in `call'
actionpack (7.1.3) lib/action_dispatch/middleware/host_authorization.rb:141:in `call'
rack-cors (3.0.0) lib/rack/cors.rb:102:in `call'
railties (7.1.3) lib/rails/engine.rb:536:in `call'
puma (7.1.0) lib/puma/configuration.rb:300:in `call'
puma (7.1.0) lib/puma/request.rb:101:in `block in handle_request'
puma (7.1.0) lib/puma/thread_pool.rb:355:in `with_force_shutdown'
puma (7.1.0) lib/puma/request.rb:100:in `handle_request'
puma (7.1.0) lib/puma/server.rb:503:in `process_client'
puma (7.1.0) lib/puma/server.rb:262:in `block in run'
puma (7.1.0) lib/puma/thread_pool.rb:182:in `block in spawn_thread'
Started GET "/health/live" for 127.0.0.1 at 2025-11-12 16:37:10 +0000
  [1m[36mActiveRecord::SchemaMigration Load (0.6ms)[0m  [1m[34mSELECT "schema_migrations"."version" FROM "schema_migrations" ORDER BY "schema_migrations"."version" ASC[0m
  
ActiveRecord::PendingMigrationError (

Migrations are pending. To resolve this issue, run:

        bin/rails db:migrate

You have 1 pending migration:

db/migrate/20251112163611_add_refunds.rb


):
  
activerecord (7.1.3) lib/active_record/migration.rb:755:in `check_pending_migrations'
activerecord (7.1.3) lib/active_record/migration.rb:644:in `block (2 levels) in call'
activesupport (7.1.3) lib/active_support/file_update_checker.rb:85:in `execute'
activerecord (7.1.3) lib/active_record/migration.rb:649:in `block in call'
activerecord (7.1.3) lib/active_record/migration.rb:641:in `synchronize'
activerecord (7.1.3) lib/active_record/migration.rb:641:in `call'
actionpack (7.1.3) lib/action_dispatch/middleware/callbacks.rb:29:in `block in call'
activesupport (7.1.3) lib/active_support/callbacks.rb:101:in `run_callbacks'
actionpack (7.1.3) lib/action_dispatch/middleware/callbacks.rb:28:in `call'
actionpack (7.1.3) lib/action_dispatch/middleware/executor.rb:14:in `call'
actionpack (7.1.3) lib/action_dispatch/middleware/actionable_exceptions.rb:16:in `call'
actionpack (7.1.3) lib/action_dispatch/middleware/debug_exceptions.rb:29:in `call'
actionpack (7.1.3) lib/action_dispatch/middleware/show_exceptions.rb:31:in `call'
railties (7.1.3) lib/rails/rack/logger.rb:37:in `call_app'
railties (7.1.3) lib/rails/rack/logger.rb:24:in `block in call'
activesupport (7.1.3) lib/active_support/tagged_logging.rb:135:in `block in tagged'
activesupport (7.1.3) lib/active_support/tagged_logging.rb:39:in `tagged'
activesupport (7.1.3) lib/active_support/tagged_logging.rb:135:in `tagged'
activesupport (7.1.3) lib/active_support/broadcast_logger.rb:240:in `method_missing'
railties (7.1.3) lib/rails/rack/logger.rb:24:in `call'
actionpack (7.1.3) lib/action_dispatch/middleware/remote_ip.rb:92:in `call'
actionpack (7.1.3) lib/action_dispatch/middleware/request_id.rb:28:in `call'
rack (3.2.3) lib/rack/runtime.rb:24:in `call'
actionpack (7.1.3) lib/action_dispatch/middleware/server_timing.rb:59:in `block in call'
actionpack (7.1.3) lib/action_dispatch/middleware/server_timing.rb:24:in `collect_events'
actionpack (7.1.3) lib/action_dispatch/middleware/server_timing.rb:58:in `call'
actionpack (7.1.3) lib/action_dispatch/middleware/executor.rb:14:in `call'
actionpack (7.1.3) lib/action_dispatch/middleware/static.rb:25:in `call'
rack (3.2.3) lib/rack/sendfile.rb:131:in `call'
actionpack (7.1.3) lib/action_dispatch/middleware/host_authorization.rb:141:in `call'
rack-cors (3.0.0) lib/rack/cors.rb:102:in `call'
railties (7.1.3) lib/rails/engine.rb:536:in `call'
puma (7.1.0) lib/puma/configuration.rb:300:in `call'
puma (7.1.0) lib/puma/request.rb:101:in `block in handle_request'
puma (7.1.0) lib/puma/thread_pool.rb:355:in `with_force_shutdown'
puma (7.1.0) lib/puma/request.rb:100:in `handle_request'
puma (7.1.0) lib/puma/server.rb:503:in `process_client'
puma (7.1.0) lib/puma/server.rb:262:in `block in run'
puma (7.1.0) lib/puma/thread_pool.rb:182:in `block in spawn_thread'
Started GET "/health/live" for 127.0.0.1 at 2025-11-12 16:37:15 +0000
  [1m[36mActiveRecord::SchemaMigration Load (0.6ms)[0m  [1m[34mSELECT "schema_migrations"."version" FROM "schema_migrations" ORDER BY "schema_migrations"."version" ASC[0m
  
ActiveRecord::PendingMigrationError (

Migrations are pending. To resolve this issue, run:

        bin/rails db:migrate

You have 1 pending migration:

db/migrate/20251112163611_add_refunds.rb


):
  
activerecord (7.1.3) lib/active_record/migration.rb:755:in `check_pending_migrations'
activerecord (7.1.3) lib/active_record/migration.rb:644:in `block (2 levels) in call'
activesupport (7.1.3) lib/active_support/file_update_checker.rb:85:in `execute'
activerecord (7.1.3) lib/active_record/migration.rb:649:in `block in call'
activerecord (7.1.3) lib/active_record/migration.rb:641:in `synchronize'
activerecord (7.1.3) lib/active_record/migration.rb:641:in `call'
actionpack (7.1.3) lib/action_dispatch/middleware/callbacks.rb:29:in `block in call'
activesupport (7.1.3) lib/active_support/callbacks.rb:101:in `run_callbacks'
actionpack (7.1.3) lib/action_dispatch/middleware/callbacks.rb:28:in `call'
actionpack (7.1.3) lib/action_dispatch/middleware/executor.rb:14:in `call'
actionpack (7.1.3) lib/action_dispatch/middleware/actionable_exceptions.rb:16:in `call'
actionpack (7.1.3) lib/action_dispatch/middleware/debug_exceptions.rb:29:in `call'
actionpack (7.1.3) lib/action_dispatch/middleware/show_exceptions.rb:31:in `call'
railties (7.1.3) lib/rails/rack/logger.rb:37:in `call_app'
railties (7.1.3) lib/rails/rack/logger.rb:24:in `block in call'
activesupport (7.1.3) lib/active_support/tagged_logging.rb:135:in `block in tagged'
activesupport (7.1.3) lib/active_support/tagged_logging.rb:39:in `tagged'
activesupport (7.1.3) lib/active_support/tagged_logging.rb:135:in `tagged'
activesupport (7.1.3) lib/active_support/broadcast_logger.rb:240:in `method_missing'
railties (7.1.3) lib/rails/rack/logger.rb:24:in `call'
actionpack (7.1.3) lib/action_dispatch/middleware/remote_ip.rb:92:in `call'
actionpack (7.1.3) lib/action_dispatch/middleware/request_id.rb:28:in `call'
rack (3.2.3) lib/rack/runtime.rb:24:in `call'
actionpack (7.1.3) lib/action_dispatch/middleware/server_timing.rb:59:in `block in call'
actionpack (7.1.3) lib/action_dispatch/middleware/server_timing.rb:24:in `collect_events'
actionpack (7.1.3) lib/action_dispatch/middleware/server_timing.rb:58:in `call'
actionpack (7.1.3) lib/action_dispatch/middleware/executor.rb:14:in `call'
actionpack (7.1.3) lib/action_dispatch/middleware/static.rb:25:in `call'
rack (3.2.3) lib/rack/sendfile.rb:131:in `call'
actionpack (7.1.3) lib/action_dispatch/middleware/host_authorization.rb:141:in `call'
rack-cors (3.0.0) lib/rack/cors.rb:102:in `call'
railties (7.1.3) lib/rails/engine.rb:536:in `call'
puma (7.1.0) lib/puma/configuration.rb:300:in `call'
puma (7.1.0) lib/puma/request.rb:101:in `block in handle_request'
puma (7.1.0) lib/puma/thread_pool.rb:355:in `with_force_shutdown'
puma (7.1.0) lib/puma/request.rb:100:in `handle_request'
puma (7.1.0) lib/puma/server.rb:503:in `process_client'
puma (7.1.0) lib/puma/server.rb:262:in `block in run'
puma (7.1.0) lib/puma/thread_pool.rb:182:in `block in spawn_thread'
Started GET "/health/live" for 127.0.0.1 at 2025-11-12 16:37:20 +0000
  [1m[36mActiveRecord::SchemaMigration Load (0.6ms)[0m  [1m[34mSELECT "schema_migrations"."version" FROM "schema_migrations" ORDER BY "schema_migrations"."version" ASC[0m
  
ActiveRecord::PendingMigrationError (

Migrations are pending. To resolve this issue, run:

        bin/rails db:migrate

You have 1 pending migration:

db/migrate/20251112163611_add_refunds.rb


):
  
activerecord (7.1.3) lib/active_record/migration.rb:755:in `check_pending_migrations'
activerecord (7.1.3) lib/active_record/migration.rb:644:in `block (2 levels) in call'
activesupport (7.1.3) lib/active_support/file_update_checker.rb:85:in `execute'
activerecord (7.1.3) lib/active_record/migration.rb:649:in `block in call'
activerecord (7.1.3) lib/active_record/migration.rb:641:in `synchronize'
activerecord (7.1.3) lib/active_record/migration.rb:641:in `call'
actionpack (7.1.3) lib/action_dispatch/middleware/callbacks.rb:29:in `block in call'
activesupport (7.1.3) lib/active_support/callbacks.rb:101:in `run_callbacks'
actionpack (7.1.3) lib/action_dispatch/middleware/callbacks.rb:28:in `call'
actionpack (7.1.3) lib/action_dispatch/middleware/executor.rb:14:in `call'
actionpack (7.1.3) lib/action_dispatch/middleware/actionable_exceptions.rb:16:in `call'
actionpack (7.1.3) lib/action_dispatch/middleware/debug_exceptions.rb:29:in `call'
actionpack (7.1.3) lib/action_dispatch/middleware/show_exceptions.rb:31:in `call'
railties (7.1.3) lib/rails/rack/logger.rb:37:in `call_app'
railties (7.1.3) lib/rails/rack/logger.rb:24:in `block in call'
activesupport (7.1.3) lib/active_support/tagged_logging.rb:135:in `block in tagged'
activesupport (7.1.3) lib/active_support/tagged_logging.rb:39:in `tagged'
activesupport (7.1.3) lib/active_support/tagged_logging.rb:135:in `tagged'
activesupport (7.1.3) lib/active_support/broadcast_logger.rb:240:in `method_missing'
railties (7.1.3) lib/rails/rack/logger.rb:24:in `call'
actionpack (7.1.3) lib/action_dispatch/middleware/remote_ip.rb:92:in `call'
actionpack (7.1.3) lib/action_dispatch/middleware/request_id.rb:28:in `call'
rack (3.2.3) lib/rack/runtime.rb:24:in `call'
actionpack (7.1.3) lib/action_dispatch/middleware/server_timing.rb:59:in `block in call'
actionpack (7.1.3) lib/action_dispatch/middleware/server_timing.rb:24:in `collect_events'
actionpack (7.1.3) lib/action_dispatch/middleware/server_timing.rb:58:in `call'
actionpack (7.1.3) lib/action_dispatch/middleware/executor.rb:14:in `call'
actionpack (7.1.3) lib/action_dispatch/middleware/static.rb:25:in `call'
rack (3.2.3) lib/rack/sendfile.rb:131:in `call'
actionpack (7.1.3) lib/action_dispatch/middleware/host_authorization.rb:141:in `call'
rack-cors (3.0.0) lib/rack/cors.rb:102:in `call'
railties (7.1.3) lib/rails/engine.rb:536:in `call'
puma (7.1.0) lib/puma/configuration.rb:300:in `call'
puma (7.1.0) lib/puma/request.rb:101:in `block in handle_request'
puma (7.1.0) lib/puma/thread_pool.rb:355:in `with_force_shutdown'
puma (7.1.0) lib/puma/request.rb:100:in `handle_request'
puma (7.1.0) lib/puma/server.rb:503:in `process_client'
puma (7.1.0) lib/puma/server.rb:262:in `block in run'
puma (7.1.0) lib/puma/thread_pool.rb:182:in `block in spawn_thread'
Started GET "/health/live" for 127.0.0.1 at 2025-11-12 16:37:25 +0000
  [1m[36mActiveRecord::SchemaMigration Load (0.6ms)[0m  [1m[34mSELECT "schema_migrations"."version" FROM "schema_migrations" ORDER BY "schema_migrations"."version" ASC[0m
  
ActiveRecord::PendingMigrationError (

Migrations are pending. To resolve this issue, run:

        bin/rails db:migrate

You have 1 pending migration:

db/migrate/20251112163611_add_refunds.rb


):
  
activerecord (7.1.3) lib/active_record/migration.rb:755:in `check_pending_migrations'
activerecord (7.1.3) lib/active_record/migration.rb:644:in `block (2 levels) in call'
activesupport (7.1.3) lib/active_support/file_update_checker.rb:85:in `execute'
activerecord (7.1.3) lib/active_record/migration.rb:649:in `block in call'
activerecord (7.1.3) lib/active_record/migration.rb:641:in `synchronize'
activerecord (7.1.3) lib/active_record/migration.rb:641:in `call'
actionpack (7.1.3) lib/action_dispatch/middleware/callbacks.rb:29:in `block in call'
activesupport (7.1.3) lib/active_support/callbacks.rb:101:in `run_callbacks'
actionpack (7.1.3) lib/action_dispatch/middleware/callbacks.rb:28:in `call'
actionpack (7.1.3) lib/action_dispatch/middleware/executor.rb:14:in `call'
actionpack (7.1.3) lib/action_dispatch/middleware/actionable_exceptions.rb:16:in `call'
actionpack (7.1.3) lib/action_dispatch/middleware/debug_exceptions.rb:29:in `call'
actionpack (7.1.3) lib/action_dispatch/middleware/show_exceptions.rb:31:in `call'
railties (7.1.3) lib/rails/rack/logger.rb:37:in `call_app'
railties (7.1.3) lib/rails/rack/logger.rb:24:in `block in call'
activesupport (7.1.3) lib/active_support/tagged_logging.rb:135:in `block in tagged'
activesupport (7.1.3) lib/active_support/tagged_logging.rb:39:in `tagged'
activesupport (7.1.3) lib/active_support/tagged_logging.rb:135:in `tagged'
activesupport (7.1.3) lib/active_support/broadcast_logger.rb:240:in `method_missing'
railties (7.1.3) lib/rails/rack/logger.rb:24:in `call'
actionpack (7.1.3) lib/action_dispatch/middleware/remote_ip.rb:92:in `call'
actionpack (7.1.3) lib/action_dispatch/middleware/request_id.rb:28:in `call'
rack (3.2.3) lib/rack/runtime.rb:24:in `call'
actionpack (7.1.3) lib/action_dispatch/middleware/server_timing.rb:59:in `block in call'
actionpack (7.1.3) lib/action_dispatch/middleware/server_timing.rb:24:in `collect_events'
actionpack (7.1.3) lib/action_dispatch/middleware/server_timing.rb:58:in `call'
actionpack (7.1.3) lib/action_dispatch/middleware/executor.rb:14:in `call'
actionpack (7.1.3) lib/action_dispatch/middleware/static.rb:25:in `call'
rack (3.2.3) lib/rack/sendfile.rb:131:in `call'
actionpack (7.1.3) lib/action_dispatch/middleware/host_authorization.rb:141:in `call'
rack-cors (3.0.0) lib/rack/cors.rb:102:in `call'
railties (7.1.3) lib/rails/engine.rb:536:in `call'
puma (7.1.0) lib/puma/configuration.rb:300:in `call'
puma (7.1.0) lib/puma/request.rb:101:in `block in handle_request'
puma (7.1.0) lib/puma/thread_pool.rb:355:in `with_force_shutdown'
puma (7.1.0) lib/puma/request.rb:100:in `handle_request'
puma (7.1.0) lib/puma/server.rb:503:in `process_client'
puma (7.1.0) lib/puma/server.rb:262:in `block in run'
puma (7.1.0) lib/puma/thread_pool.rb:182:in `block in spawn_thread'
Started GET "/health/live" for 127.0.0.1 at 2025-11-12 16:37:30 +0000
  [1m[36mActiveRecord::SchemaMigration Load (0.7ms)[0m  [1m[34mSELECT "schema_migrations"."version" FROM "schema_migrations" ORDER BY "schema_migrations"."version" ASC[0m
  
ActiveRecord::PendingMigrationError (

Migrations are pending. To resolve this issue, run:

        bin/rails db:migrate

You have 1 pending migration:

db/migrate/20251112163611_add_refunds.rb


):
  
activerecord (7.1.3) lib/active_record/migration.rb:755:in `check_pending_migrations'
activerecord (7.1.3) lib/active_record/migration.rb:644:in `block (2 levels) in call'
activesupport (7.1.3) lib/active_support/file_update_checker.rb:85:in `execute'
activerecord (7.1.3) lib/active_record/migration.rb:649:in `block in call'
activerecord (7.1.3) lib/active_record/migration.rb:641:in `synchronize'
activerecord (7.1.3) lib/active_record/migration.rb:641:in `call'
actionpack (7.1.3) lib/action_dispatch/middleware/callbacks.rb:29:in `block in call'
activesupport (7.1.3) lib/active_support/callbacks.rb:101:in `run_callbacks'
actionpack (7.1.3) lib/action_dispatch/middleware/callbacks.rb:28:in `call'
actionpack (7.1.3) lib/action_dispatch/middleware/executor.rb:14:in `call'
actionpack (7.1.3) lib/action_dispatch/middleware/actionable_exceptions.rb:16:in `call'
actionpack (7.1.3) lib/action_dispatch/middleware/debug_exceptions.rb:29:in `call'
actionpack (7.1.3) lib/action_dispatch/middleware/show_exceptions.rb:31:in `call'
railties (7.1.3) lib/rails/rack/logger.rb:37:in `call_app'
railties (7.1.3) lib/rails/rack/logger.rb:24:in `block in call'
activesupport (7.1.3) lib/active_support/tagged_logging.rb:135:in `block in tagged'
activesupport (7.1.3) lib/active_support/tagged_logging.rb:39:in `tagged'
activesupport (7.1.3) lib/active_support/tagged_logging.rb:135:in `tagged'
activesupport (7.1.3) lib/active_support/broadcast_logger.rb:240:in `method_missing'
railties (7.1.3) lib/rails/rack/logger.rb:24:in `call'
actionpack (7.1.3) lib/action_dispatch/middleware/remote_ip.rb:92:in `call'
actionpack (7.1.3) lib/action_dispatch/middleware/request_id.rb:28:in `call'
rack (3.2.3) lib/rack/runtime.rb:24:in `call'
actionpack (7.1.3) lib/action_dispatch/middleware/server_timing.rb:59:in `block in call'
actionpack (7.1.3) lib/action_dispatch/middleware/server_timing.rb:24:in `collect_events'
actionpack (7.1.3) lib/action_dispatch/middleware/server_timing.rb:58:in `call'
actionpack (7.1.3) lib/action_dispatch/middleware/executor.rb:14:in `call'
actionpack (7.1.3) lib/action_dispatch/middleware/static.rb:25:in `call'
rack (3.2.3) lib/rack/sendfile.rb:131:in `call'
actionpack (7.1.3) lib/action_dispatch/middleware/host_authorization.rb:141:in `call'
rack-cors (3.0.0) lib/rack/cors.rb:102:in `call'
railties (7.1.3) lib/rails/engine.rb:536:in `call'
puma (7.1.0) lib/puma/configuration.rb:300:in `call'
puma (7.1.0) lib/puma/request.rb:101:in `block in handle_request'
puma (7.1.0) lib/puma/thread_pool.rb:355:in `with_force_shutdown'
puma (7.1.0) lib/puma/request.rb:100:in `handle_request'
puma (7.1.0) lib/puma/server.rb:503:in `process_client'
puma (7.1.0) lib/puma/server.rb:262:in `block in run'
puma (7.1.0) lib/puma/thread_pool.rb:182:in `block in spawn_thread'
Started GET "/health/live" for 127.0.0.1 at 2025-11-12 16:37:35 +0000
  [1m[36mActiveRecord::SchemaMigration Load (0.8ms)[0m  [1m[34mSELECT "schema_migrations"."version" FROM "schema_migrations" ORDER BY "schema_migrations"."version" ASC[0m
  
ActiveRecord::PendingMigrationError (

Migrations are pending. To resolve this issue, run:

        bin/rails db:migrate

You have 1 pending migration:

db/migrate/20251112163611_add_refunds.rb


):
  
activerecord (7.1.3) lib/active_record/migration.rb:755:in `check_pending_migrations'
activerecord (7.1.3) lib/active_record/migration.rb:644:in `block (2 levels) in call'
activesupport (7.1.3) lib/active_support/file_update_checker.rb:85:in `execute'
activerecord (7.1.3) lib/active_record/migration.rb:649:in `block in call'
activerecord (7.1.3) lib/active_record/migration.rb:641:in `synchronize'
activerecord (7.1.3) lib/active_record/migration.rb:641:in `call'
actionpack (7.1.3) lib/action_dispatch/middleware/callbacks.rb:29:in `block in call'
activesupport (7.1.3) lib/active_support/callbacks.rb:101:in `run_callbacks'
actionpack (7.1.3) lib/action_dispatch/middleware/callbacks.rb:28:in `call'
actionpack (7.1.3) lib/action_dispatch/middleware/executor.rb:14:in `call'
actionpack (7.1.3) lib/action_dispatch/middleware/actionable_exceptions.rb:16:in `call'
actionpack (7.1.3) lib/action_dispatch/middleware/debug_exceptions.rb:29:in `call'
actionpack (7.1.3) lib/action_dispatch/middleware/show_exceptions.rb:31:in `call'
railties (7.1.3) lib/rails/rack/logger.rb:37:in `call_app'
railties (7.1.3) lib/rails/rack/logger.rb:24:in `block in call'
activesupport (7.1.3) lib/active_support/tagged_logging.rb:135:in `block in tagged'
activesupport (7.1.3) lib/active_support/tagged_logging.rb:39:in `tagged'
activesupport (7.1.3) lib/active_support/tagged_logging.rb:135:in `tagged'
activesupport (7.1.3) lib/active_support/broadcast_logger.rb:240:in `method_missing'
railties (7.1.3) lib/rails/rack/logger.rb:24:in `call'
actionpack (7.1.3) lib/action_dispatch/middleware/remote_ip.rb:92:in `call'
actionpack (7.1.3) lib/action_dispatch/middleware/request_id.rb:28:in `call'
rack (3.2.3) lib/rack/runtime.rb:24:in `call'
actionpack (7.1.3) lib/action_dispatch/middleware/server_timing.rb:59:in `block in call'
actionpack (7.1.3) lib/action_dispatch/middleware/server_timing.rb:24:in `collect_events'
actionpack (7.1.3) lib/action_dispatch/middleware/server_timing.rb:58:in `call'
actionpack (7.1.3) lib/action_dispatch/middleware/executor.rb:14:in `call'
actionpack (7.1.3) lib/action_dispatch/middleware/static.rb:25:in `call'
rack (3.2.3) lib/rack/sendfile.rb:131:in `call'
actionpack (7.1.3) lib/action_dispatch/middleware/host_authorization.rb:141:in `call'
rack-cors (3.0.0) lib/rack/cors.rb:102:in `call'
railties (7.1.3) lib/rails/engine.rb:536:in `call'
puma (7.1.0) lib/puma/configuration.rb:300:in `call'
puma (7.1.0) lib/puma/request.rb:101:in `block in handle_request'
puma (7.1.0) lib/puma/thread_pool.rb:355:in `with_force_shutdown'
puma (7.1.0) lib/puma/request.rb:100:in `handle_request'
puma (7.1.0) lib/puma/server.rb:503:in `process_client'
puma (7.1.0) lib/puma/server.rb:262:in `block in run'
puma (7.1.0) lib/puma/thread_pool.rb:182:in `block in spawn_thread'
Started GET "/health/live" for 127.0.0.1 at 2025-11-12 16:37:40 +0000
  [1m[36mActiveRecord::SchemaMigration Load (0.7ms)[0m  [1m[34mSELECT "schema_migrations"."version" FROM "schema_migrations" ORDER BY "schema_migrations"."version" ASC[0m
  
ActiveRecord::PendingMigrationError (

Migrations are pending. To resolve this issue, run:

        bin/rails db:migrate

You have 1 pending migration:

db/migrate/20251112163611_add_refunds.rb


):
  
activerecord (7.1.3) lib/active_record/migration.rb:755:in `check_pending_migrations'
activerecord (7.1.3) lib/active_record/migration.rb:644:in `block (2 levels) in call'
activesupport (7.1.3) lib/active_support/file_update_checker.rb:85:in `execute'
activerecord (7.1.3) lib/active_record/migration.rb:649:in `block in call'
activerecord (7.1.3) lib/active_record/migration.rb:641:in `synchronize'
activerecord (7.1.3) lib/active_record/migration.rb:641:in `call'
actionpack (7.1.3) lib/action_dispatch/middleware/callbacks.rb:29:in `block in call'
activesupport (7.1.3) lib/active_support/callbacks.rb:101:in `run_callbacks'
actionpack (7.1.3) lib/action_dispatch/middleware/callbacks.rb:28:in `call'
actionpack (7.1.3) lib/action_dispatch/middleware/executor.rb:14:in `call'
actionpack (7.1.3) lib/action_dispatch/middleware/actionable_exceptions.rb:16:in `call'
actionpack (7.1.3) lib/action_dispatch/middleware/debug_exceptions.rb:29:in `call'
actionpack (7.1.3) lib/action_dispatch/middleware/show_exceptions.rb:31:in `call'
railties (7.1.3) lib/rails/rack/logger.rb:37:in `call_app'
railties (7.1.3) lib/rails/rack/logger.rb:24:in `block in call'
activesupport (7.1.3) lib/active_support/tagged_logging.rb:135:in `block in tagged'
activesupport (7.1.3) lib/active_support/tagged_logging.rb:39:in `tagged'
activesupport (7.1.3) lib/active_support/tagged_logging.rb:135:in `tagged'
activesupport (7.1.3) lib/active_support/broadcast_logger.rb:240:in `method_missing'
railties (7.1.3) lib/rails/rack/logger.rb:24:in `call'
actionpack (7.1.3) lib/action_dispatch/middleware/remote_ip.rb:92:in `call'
actionpack (7.1.3) lib/action_dispatch/middleware/request_id.rb:28:in `call'
rack (3.2.3) lib/rack/runtime.rb:24:in `call'
actionpack (7.1.3) lib/action_dispatch/middleware/server_timing.rb:59:in `block in call'
actionpack (7.1.3) lib/action_dispatch/middleware/server_timing.rb:24:in `collect_events'
actionpack (7.1.3) lib/action_dispatch/middleware/server_timing.rb:58:in `call'
actionpack (7.1.3) lib/action_dispatch/middleware/executor.rb:14:in `call'
actionpack (7.1.3) lib/action_dispatch/middleware/static.rb:25:in `call'
rack (3.2.3) lib/rack/sendfile.rb:131:in `call'
actionpack (7.1.3) lib/action_dispatch/middleware/host_authorization.rb:141:in `call'
rack-cors (3.0.0) lib/rack/cors.rb:102:in `call'
railties (7.1.3) lib/rails/engine.rb:536:in `call'
puma (7.1.0) lib/puma/configuration.rb:300:in `call'
puma (7.1.0) lib/puma/request.rb:101:in `block in handle_request'
puma (7.1.0) lib/puma/thread_pool.rb:355:in `with_force_shutdown'
puma (7.1.0) lib/puma/request.rb:100:in `handle_request'
puma (7.1.0) lib/puma/server.rb:503:in `process_client'
puma (7.1.0) lib/puma/server.rb:262:in `block in run'
puma (7.1.0) lib/puma/thread_pool.rb:182:in `block in spawn_thread'
Started GET "/health/live" for 127.0.0.1 at 2025-11-12 16:37:45 +0000
  [1m[36mActiveRecord::SchemaMigration Load (0.6ms)[0m  [1m[34mSELECT "schema_migrations"."version" FROM "schema_migrations" ORDER BY "schema_migrations"."version" ASC[0m
  
ActiveRecord::PendingMigrationError (

Migrations are pending. To resolve this issue, run:

        bin/rails db:migrate

You have 1 pending migration:

db/migrate/20251112163611_add_refunds.rb


):
  
activerecord (7.1.3) lib/active_record/migration.rb:755:in `check_pending_migrations'
activerecord (7.1.3) lib/active_record/migration.rb:644:in `block (2 levels) in call'
activesupport (7.1.3) lib/active_support/file_update_checker.rb:85:in `execute'
activerecord (7.1.3) lib/active_record/migration.rb:649:in `block in call'
activerecord (7.1.3) lib/active_record/migration.rb:641:in `synchronize'
activerecord (7.1.3) lib/active_record/migration.rb:641:in `call'
actionpack (7.1.3) lib/action_dispatch/middleware/callbacks.rb:29:in `block in call'
activesupport (7.1.3) lib/active_support/callbacks.rb:101:in `run_callbacks'
actionpack (7.1.3) lib/action_dispatch/middleware/callbacks.rb:28:in `call'
actionpack (7.1.3) lib/action_dispatch/middleware/executor.rb:14:in `call'
actionpack (7.1.3) lib/action_dispatch/middleware/actionable_exceptions.rb:16:in `call'
actionpack (7.1.3) lib/action_dispatch/middleware/debug_exceptions.rb:29:in `call'
actionpack (7.1.3) lib/action_dispatch/middleware/show_exceptions.rb:31:in `call'
railties (7.1.3) lib/rails/rack/logger.rb:37:in `call_app'
railties (7.1.3) lib/rails/rack/logger.rb:24:in `block in call'
activesupport (7.1.3) lib/active_support/tagged_logging.rb:135:in `block in tagged'
activesupport (7.1.3) lib/active_support/tagged_logging.rb:39:in `tagged'
activesupport (7.1.3) lib/active_support/tagged_logging.rb:135:in `tagged'
activesupport (7.1.3) lib/active_support/broadcast_logger.rb:240:in `method_missing'
railties (7.1.3) lib/rails/rack/logger.rb:24:in `call'
actionpack (7.1.3) lib/action_dispatch/middleware/remote_ip.rb:92:in `call'
actionpack (7.1.3) lib/action_dispatch/middleware/request_id.rb:28:in `call'
rack (3.2.3) lib/rack/runtime.rb:24:in `call'
actionpack (7.1.3) lib/action_dispatch/middleware/server_timing.rb:59:in `block in call'
actionpack (7.1.3) lib/action_dispatch/middleware/server_timing.rb:24:in `collect_events'
actionpack (7.1.3) lib/action_dispatch/middleware/server_timing.rb:58:in `call'
actionpack (7.1.3) lib/action_dispatch/middleware/executor.rb:14:in `call'
actionpack (7.1.3) lib/action_dispatch/middleware/static.rb:25:in `call'
rack (3.2.3) lib/rack/sendfile.rb:131:in `call'
actionpack (7.1.3) lib/action_dispatch/middleware/host_authorization.rb:141:in `call'
rack-cors (3.0.0) lib/rack/cors.rb:102:in `call'
railties (7.1.3) lib/rails/engine.rb:536:in `call'
puma (7.1.0) lib/puma/configuration.rb:300:in `call'
puma (7.1.0) lib/puma/request.rb:101:in `block in handle_request'
puma (7.1.0) lib/puma/thread_pool.rb:355:in `with_force_shutdown'
puma (7.1.0) lib/puma/request.rb:100:in `handle_request'
puma (7.1.0) lib/puma/server.rb:503:in `process_client'
puma (7.1.0) lib/puma/server.rb:262:in `block in run'
puma (7.1.0) lib/puma/thread_pool.rb:182:in `block in spawn_thread'
Started GET "/health/live" for 127.0.0.1 at 2025-11-12 16:37:50 +0000
  [1m[36mActiveRecord::SchemaMigration Load (0.7ms)[0m  [1m[34mSELECT "schema_migrations"."version" FROM "schema_migrations" ORDER BY "schema_migrations"."version" ASC[0m
  
ActiveRecord::PendingMigrationError (

Migrations are pending. To resolve this issue, run:

        bin/rails db:migrate

You have 1 pending migration:

db/migrate/20251112163611_add_refunds.rb


):
  
activerecord (7.1.3) lib/active_record/migration.rb:755:in `check_pending_migrations'
activerecord (7.1.3) lib/active_record/migration.rb:644:in `block (2 levels) in call'
activesupport (7.1.3) lib/active_support/file_update_checker.rb:85:in `execute'
activerecord (7.1.3) lib/active_record/migration.rb:649:in `block in call'
activerecord (7.1.3) lib/active_record/migration.rb:641:in `synchronize'
activerecord (7.1.3) lib/active_record/migration.rb:641:in `call'
actionpack (7.1.3) lib/action_dispatch/middleware/callbacks.rb:29:in `block in call'
activesupport (7.1.3) lib/active_support/callbacks.rb:101:in `run_callbacks'
actionpack (7.1.3) lib/action_dispatch/middleware/callbacks.rb:28:in `call'
actionpack (7.1.3) lib/action_dispatch/middleware/executor.rb:14:in `call'
actionpack (7.1.3) lib/action_dispatch/middleware/actionable_exceptions.rb:16:in `call'
actionpack (7.1.3) lib/action_dispatch/middleware/debug_exceptions.rb:29:in `call'
actionpack (7.1.3) lib/action_dispatch/middleware/show_exceptions.rb:31:in `call'
railties (7.1.3) lib/rails/rack/logger.rb:37:in `call_app'
railties (7.1.3) lib/rails/rack/logger.rb:24:in `block in call'
activesupport (7.1.3) lib/active_support/tagged_logging.rb:135:in `block in tagged'
activesupport (7.1.3) lib/active_support/tagged_logging.rb:39:in `tagged'
activesupport (7.1.3) lib/active_support/tagged_logging.rb:135:in `tagged'
activesupport (7.1.3) lib/active_support/broadcast_logger.rb:240:in `method_missing'
railties (7.1.3) lib/rails/rack/logger.rb:24:in `call'
actionpack (7.1.3) lib/action_dispatch/middleware/remote_ip.rb:92:in `call'
actionpack (7.1.3) lib/action_dispatch/middleware/request_id.rb:28:in `call'
rack (3.2.3) lib/rack/runtime.rb:24:in `call'
actionpack (7.1.3) lib/action_dispatch/middleware/server_timing.rb:59:in `block in call'
actionpack (7.1.3) lib/action_dispatch/middleware/server_timing.rb:24:in `collect_events'
actionpack (7.1.3) lib/action_dispatch/middleware/server_timing.rb:58:in `call'
actionpack (7.1.3) lib/action_dispatch/middleware/executor.rb:14:in `call'
actionpack (7.1.3) lib/action_dispatch/middleware/static.rb:25:in `call'
rack (3.2.3) lib/rack/sendfile.rb:131:in `call'
actionpack (7.1.3) lib/action_dispatch/middleware/host_authorization.rb:141:in `call'
rack-cors (3.0.0) lib/rack/cors.rb:102:in `call'
railties (7.1.3) lib/rails/engine.rb:536:in `call'
puma (7.1.0) lib/puma/configuration.rb:300:in `call'
puma (7.1.0) lib/puma/request.rb:101:in `block in handle_request'
puma (7.1.0) lib/puma/thread_pool.rb:355:in `with_force_shutdown'
puma (7.1.0) lib/puma/request.rb:100:in `handle_request'
puma (7.1.0) lib/puma/server.rb:503:in `process_client'
puma (7.1.0) lib/puma/server.rb:262:in `block in run'
puma (7.1.0) lib/puma/thread_pool.rb:182:in `block in spawn_thread'
Started GET "/health/live" for 127.0.0.1 at 2025-11-12 16:37:55 +0000
  [1m[36mActiveRecord::SchemaMigration Load (0.6ms)[0m  [1m[34mSELECT "schema_migrations"."version" FROM "schema_migrations" ORDER BY "schema_migrations"."version" ASC[0m
  
ActiveRecord::PendingMigrationError (

Migrations are pending. To resolve this issue, run:

        bin/rails db:migrate

You have 1 pending migration:

db/migrate/20251112163611_add_refunds.rb


):
  
activerecord (7.1.3) lib/active_record/migration.rb:755:in `check_pending_migrations'
activerecord (7.1.3) lib/active_record/migration.rb:644:in `block (2 levels) in call'
activesupport (7.1.3) lib/active_support/file_update_checker.rb:85:in `execute'
activerecord (7.1.3) lib/active_record/migration.rb:649:in `block in call'
activerecord (7.1.3) lib/active_record/migration.rb:641:in `synchronize'
activerecord (7.1.3) lib/active_record/migration.rb:641:in `call'
actionpack (7.1.3) lib/action_dispatch/middleware/callbacks.rb:29:in `block in call'
activesupport (7.1.3) lib/active_support/callbacks.rb:101:in `run_callbacks'
actionpack (7.1.3) lib/action_dispatch/middleware/callbacks.rb:28:in `call'
actionpack (7.1.3) lib/action_dispatch/middleware/executor.rb:14:in `call'
actionpack (7.1.3) lib/action_dispatch/middleware/actionable_exceptions.rb:16:in `call'
actionpack (7.1.3) lib/action_dispatch/middleware/debug_exceptions.rb:29:in `call'
actionpack (7.1.3) lib/action_dispatch/middleware/show_exceptions.rb:31:in `call'
railties (7.1.3) lib/rails/rack/logger.rb:37:in `call_app'
railties (7.1.3) lib/rails/rack/logger.rb:24:in `block in call'
activesupport (7.1.3) lib/active_support/tagged_logging.rb:135:in `block in tagged'
activesupport (7.1.3) lib/active_support/tagged_logging.rb:39:in `tagged'
activesupport (7.1.3) lib/active_support/tagged_logging.rb:135:in `tagged'
activesupport (7.1.3) lib/active_support/broadcast_logger.rb:240:in `method_missing'
railties (7.1.3) lib/rails/rack/logger.rb:24:in `call'
actionpack (7.1.3) lib/action_dispatch/middleware/remote_ip.rb:92:in `call'
actionpack (7.1.3) lib/action_dispatch/middleware/request_id.rb:28:in `call'
rack (3.2.3) lib/rack/runtime.rb:24:in `call'
actionpack (7.1.3) lib/action_dispatch/middleware/server_timing.rb:59:in `block in call'
actionpack (7.1.3) lib/action_dispatch/middleware/server_timing.rb:24:in `collect_events'
actionpack (7.1.3) lib/action_dispatch/middleware/server_timing.rb:58:in `call'
actionpack (7.1.3) lib/action_dispatch/middleware/executor.rb:14:in `call'
actionpack (7.1.3) lib/action_dispatch/middleware/static.rb:25:in `call'
rack (3.2.3) lib/rack/sendfile.rb:131:in `call'
actionpack (7.1.3) lib/action_dispatch/middleware/host_authorization.rb:141:in `call'
rack-cors (3.0.0) lib/rack/cors.rb:102:in `call'
railties (7.1.3) lib/rails/engine.rb:536:in `call'
puma (7.1.0) lib/puma/configuration.rb:300:in `call'
puma (7.1.0) lib/puma/request.rb:101:in `block in handle_request'
puma (7.1.0) lib/puma/thread_pool.rb:355:in `with_force_shutdown'
puma (7.1.0) lib/puma/request.rb:100:in `handle_request'
puma (7.1.0) lib/puma/server.rb:503:in `process_client'
puma (7.1.0) lib/puma/server.rb:262:in `block in run'
puma (7.1.0) lib/puma/thread_pool.rb:182:in `block in spawn_thread'
Started GET "/health/live" for 127.0.0.1 at 2025-11-12 16:38:01 +0000
  [1m[36mActiveRecord::SchemaMigration Load (0.5ms)[0m  [1m[34mSELECT "schema_migrations"."version" FROM "schema_migrations" ORDER BY "schema_migrations"."version" ASC[0m
  
ActiveRecord::PendingMigrationError (

Migrations are pending. To resolve this issue, run:

        bin/rails db:migrate

You have 1 pending migration:

db/migrate/20251112163611_add_refunds.rb


):
  
activerecord (7.1.3) lib/active_record/migration.rb:755:in `check_pending_migrations'
activerecord (7.1.3) lib/active_record/migration.rb:644:in `block (2 levels) in call'
activesupport (7.1.3) lib/active_support/file_update_checker.rb:85:in `execute'
activerecord (7.1.3) lib/active_record/migration.rb:649:in `block in call'
activerecord (7.1.3) lib/active_record/migration.rb:641:in `synchronize'
activerecord (7.1.3) lib/active_record/migration.rb:641:in `call'
actionpack (7.1.3) lib/action_dispatch/middleware/callbacks.rb:29:in `block in call'
activesupport (7.1.3) lib/active_support/callbacks.rb:101:in `run_callbacks'
actionpack (7.1.3) lib/action_dispatch/middleware/callbacks.rb:28:in `call'
actionpack (7.1.3) lib/action_dispatch/middleware/executor.rb:14:in `call'
actionpack (7.1.3) lib/action_dispatch/middleware/actionable_exceptions.rb:16:in `call'
actionpack (7.1.3) lib/action_dispatch/middleware/debug_exceptions.rb:29:in `call'
actionpack (7.1.3) lib/action_dispatch/middleware/show_exceptions.rb:31:in `call'
railties (7.1.3) lib/rails/rack/logger.rb:37:in `call_app'
railties (7.1.3) lib/rails/rack/logger.rb:24:in `block in call'
activesupport (7.1.3) lib/active_support/tagged_logging.rb:135:in `block in tagged'
activesupport (7.1.3) lib/active_support/tagged_logging.rb:39:in `tagged'
activesupport (7.1.3) lib/active_support/tagged_logging.rb:135:in `tagged'
activesupport (7.1.3) lib/active_support/broadcast_logger.rb:240:in `method_missing'
railties (7.1.3) lib/rails/rack/logger.rb:24:in `call'
actionpack (7.1.3) lib/action_dispatch/middleware/remote_ip.rb:92:in `call'
actionpack (7.1.3) lib/action_dispatch/middleware/request_id.rb:28:in `call'
rack (3.2.3) lib/rack/runtime.rb:24:in `call'
actionpack (7.1.3) lib/action_dispatch/middleware/server_timing.rb:59:in `block in call'
actionpack (7.1.3) lib/action_dispatch/middleware/server_timing.rb:24:in `collect_events'
actionpack (7.1.3) lib/action_dispatch/middleware/server_timing.rb:58:in `call'
actionpack (7.1.3) lib/action_dispatch/middleware/executor.rb:14:in `call'
actionpack (7.1.3) lib/action_dispatch/middleware/static.rb:25:in `call'
rack (3.2.3) lib/rack/sendfile.rb:131:in `call'
actionpack (7.1.3) lib/action_dispatch/middleware/host_authorization.rb:141:in `call'
rack-cors (3.0.0) lib/rack/cors.rb:102:in `call'
railties (7.1.3) lib/rails/engine.rb:536:in `call'
puma (7.1.0) lib/puma/configuration.rb:300:in `call'
puma (7.1.0) lib/puma/request.rb:101:in `block in handle_request'
puma (7.1.0) lib/puma/thread_pool.rb:355:in `with_force_shutdown'
puma (7.1.0) lib/puma/request.rb:100:in `handle_request'
puma (7.1.0) lib/puma/server.rb:503:in `process_client'
puma (7.1.0) lib/puma/server.rb:262:in `block in run'
puma (7.1.0) lib/puma/thread_pool.rb:182:in `block in spawn_thread'
Started GET "/health/live" for 127.0.0.1 at 2025-11-12 16:38:06 +0000
  [1m[36mActiveRecord::SchemaMigration Load (0.6ms)[0m  [1m[34mSELECT "schema_migrations"."version" FROM "schema_migrations" ORDER BY "schema_migrations"."version" ASC[0m
  
ActiveRecord::PendingMigrationError (

Migrations are pending. To resolve this issue, run:

        bin/rails db:migrate

You have 1 pending migration:

db/migrate/20251112163611_add_refunds.rb


):
  
activerecord (7.1.3) lib/active_record/migration.rb:755:in `check_pending_migrations'
activerecord (7.1.3) lib/active_record/migration.rb:644:in `block (2 levels) in call'
activesupport (7.1.3) lib/active_support/file_update_checker.rb:85:in `execute'
activerecord (7.1.3) lib/active_record/migration.rb:649:in `block in call'
activerecord (7.1.3) lib/active_record/migration.rb:641:in `synchronize'
activerecord (7.1.3) lib/active_record/migration.rb:641:in `call'
actionpack (7.1.3) lib/action_dispatch/middleware/callbacks.rb:29:in `block in call'
activesupport (7.1.3) lib/active_support/callbacks.rb:101:in `run_callbacks'
actionpack (7.1.3) lib/action_dispatch/middleware/callbacks.rb:28:in `call'
actionpack (7.1.3) lib/action_dispatch/middleware/executor.rb:14:in `call'
actionpack (7.1.3) lib/action_dispatch/middleware/actionable_exceptions.rb:16:in `call'
actionpack (7.1.3) lib/action_dispatch/middleware/debug_exceptions.rb:29:in `call'
actionpack (7.1.3) lib/action_dispatch/middleware/show_exceptions.rb:31:in `call'
railties (7.1.3) lib/rails/rack/logger.rb:37:in `call_app'
railties (7.1.3) lib/rails/rack/logger.rb:24:in `block in call'
activesupport (7.1.3) lib/active_support/tagged_logging.rb:135:in `block in tagged'
activesupport (7.1.3) lib/active_support/tagged_logging.rb:39:in `tagged'
activesupport (7.1.3) lib/active_support/tagged_logging.rb:135:in `tagged'
activesupport (7.1.3) lib/active_support/broadcast_logger.rb:240:in `method_missing'
railties (7.1.3) lib/rails/rack/logger.rb:24:in `call'
actionpack (7.1.3) lib/action_dispatch/middleware/remote_ip.rb:92:in `call'
actionpack (7.1.3) lib/action_dispatch/middleware/request_id.rb:28:in `call'
rack (3.2.3) lib/rack/runtime.rb:24:in `call'
actionpack (7.1.3) lib/action_dispatch/middleware/server_timing.rb:59:in `block in call'
actionpack (7.1.3) lib/action_dispatch/middleware/server_timing.rb:24:in `collect_events'
actionpack (7.1.3) lib/action_dispatch/middleware/server_timing.rb:58:in `call'
actionpack (7.1.3) lib/action_dispatch/middleware/executor.rb:14:in `call'
actionpack (7.1.3) lib/action_dispatch/middleware/static.rb:25:in `call'
rack (3.2.3) lib/rack/sendfile.rb:131:in `call'
actionpack (7.1.3) lib/action_dispatch/middleware/host_authorization.rb:141:in `call'
rack-cors (3.0.0) lib/rack/cors.rb:102:in `call'
railties (7.1.3) lib/rails/engine.rb:536:in `call'
puma (7.1.0) lib/puma/configuration.rb:300:in `call'
puma (7.1.0) lib/puma/request.rb:101:in `block in handle_request'
puma (7.1.0) lib/puma/thread_pool.rb:355:in `with_force_shutdown'
puma (7.1.0) lib/puma/request.rb:100:in `handle_request'
puma (7.1.0) lib/puma/server.rb:503:in `process_client'
puma (7.1.0) lib/puma/server.rb:262:in `block in run'
puma (7.1.0) lib/puma/thread_pool.rb:182:in `block in spawn_thread'
Started GET "/health/live" for 127.0.0.1 at 2025-11-12 16:38:11 +0000
  [1m[36mActiveRecord::SchemaMigration Load (0.5ms)[0m  [1m[34mSELECT "schema_migrations"."version" FROM "schema_migrations" ORDER BY "schema_migrations"."version" ASC[0m
  
ActiveRecord::PendingMigrationError (

Migrations are pending. To resolve this issue, run:

        bin/rails db:migrate

You have 1 pending migration:

db/migrate/20251112163611_add_refunds.rb


):
  
activerecord (7.1.3) lib/active_record/migration.rb:755:in `check_pending_migrations'
activerecord (7.1.3) lib/active_record/migration.rb:644:in `block (2 levels) in call'
activesupport (7.1.3) lib/active_support/file_update_checker.rb:85:in `execute'
activerecord (7.1.3) lib/active_record/migration.rb:649:in `block in call'
activerecord (7.1.3) lib/active_record/migration.rb:641:in `synchronize'
activerecord (7.1.3) lib/active_record/migration.rb:641:in `call'
actionpack (7.1.3) lib/action_dispatch/middleware/callbacks.rb:29:in `block in call'
activesupport (7.1.3) lib/active_support/callbacks.rb:101:in `run_callbacks'
actionpack (7.1.3) lib/action_dispatch/middleware/callbacks.rb:28:in `call'
actionpack (7.1.3) lib/action_dispatch/middleware/executor.rb:14:in `call'
actionpack (7.1.3) lib/action_dispatch/middleware/actionable_exceptions.rb:16:in `call'
actionpack (7.1.3) lib/action_dispatch/middleware/debug_exceptions.rb:29:in `call'
actionpack (7.1.3) lib/action_dispatch/middleware/show_exceptions.rb:31:in `call'
railties (7.1.3) lib/rails/rack/logger.rb:37:in `call_app'
railties (7.1.3) lib/rails/rack/logger.rb:24:in `block in call'
activesupport (7.1.3) lib/active_support/tagged_logging.rb:135:in `block in tagged'
activesupport (7.1.3) lib/active_support/tagged_logging.rb:39:in `tagged'
activesupport (7.1.3) lib/active_support/tagged_logging.rb:135:in `tagged'
activesupport (7.1.3) lib/active_support/broadcast_logger.rb:240:in `method_missing'
railties (7.1.3) lib/rails/rack/logger.rb:24:in `call'
actionpack (7.1.3) lib/action_dispatch/middleware/remote_ip.rb:92:in `call'
actionpack (7.1.3) lib/action_dispatch/middleware/request_id.rb:28:in `call'
rack (3.2.3) lib/rack/runtime.rb:24:in `call'
actionpack (7.1.3) lib/action_dispatch/middleware/server_timing.rb:59:in `block in call'
actionpack (7.1.3) lib/action_dispatch/middleware/server_timing.rb:24:in `collect_events'
actionpack (7.1.3) lib/action_dispatch/middleware/server_timing.rb:58:in `call'
actionpack (7.1.3) lib/action_dispatch/middleware/executor.rb:14:in `call'
actionpack (7.1.3) lib/action_dispatch/middleware/static.rb:25:in `call'
rack (3.2.3) lib/rack/sendfile.rb:131:in `call'
actionpack (7.1.3) lib/action_dispatch/middleware/host_authorization.rb:141:in `call'
rack-cors (3.0.0) lib/rack/cors.rb:102:in `call'
railties (7.1.3) lib/rails/engine.rb:536:in `call'
puma (7.1.0) lib/puma/configuration.rb:300:in `call'
puma (7.1.0) lib/puma/request.rb:101:in `block in handle_request'
puma (7.1.0) lib/puma/thread_pool.rb:355:in `with_force_shutdown'
puma (7.1.0) lib/puma/request.rb:100:in `handle_request'
puma (7.1.0) lib/puma/server.rb:503:in `process_client'
puma (7.1.0) lib/puma/server.rb:262:in `block in run'
puma (7.1.0) lib/puma/thread_pool.rb:182:in `block in spawn_thread'
Started GET "/health/live" for 127.0.0.1 at 2025-11-12 16:38:16 +0000
  [1m[36mActiveRecord::SchemaMigration Load (0.6ms)[0m  [1m[34mSELECT "schema_migrations"."version" FROM "schema_migrations" ORDER BY "schema_migrations"."version" ASC[0m
  
ActiveRecord::PendingMigrationError (

Migrations are pending. To resolve this issue, run:

        bin/rails db:migrate

You have 1 pending migration:

db/migrate/20251112163611_add_refunds.rb


):
  
activerecord (7.1.3) lib/active_record/migration.rb:755:in `check_pending_migrations'
activerecord (7.1.3) lib/active_record/migration.rb:644:in `block (2 levels) in call'
activesupport (7.1.3) lib/active_support/file_update_checker.rb:85:in `execute'
activerecord (7.1.3) lib/active_record/migration.rb:649:in `block in call'
activerecord (7.1.3) lib/active_record/migration.rb:641:in `synchronize'
activerecord (7.1.3) lib/active_record/migration.rb:641:in `call'
actionpack (7.1.3) lib/action_dispatch/middleware/callbacks.rb:29:in `block in call'
activesupport (7.1.3) lib/active_support/callbacks.rb:101:in `run_callbacks'
actionpack (7.1.3) lib/action_dispatch/middleware/callbacks.rb:28:in `call'
actionpack (7.1.3) lib/action_dispatch/middleware/executor.rb:14:in `call'
actionpack (7.1.3) lib/action_dispatch/middleware/actionable_exceptions.rb:16:in `call'
actionpack (7.1.3) lib/action_dispatch/middleware/debug_exceptions.rb:29:in `call'
actionpack (7.1.3) lib/action_dispatch/middleware/show_exceptions.rb:31:in `call'
railties (7.1.3) lib/rails/rack/logger.rb:37:in `call_app'
railties (7.1.3) lib/rails/rack/logger.rb:24:in `block in call'
activesupport (7.1.3) lib/active_support/tagged_logging.rb:135:in `block in tagged'
activesupport (7.1.3) lib/active_support/tagged_logging.rb:39:in `tagged'
activesupport (7.1.3) lib/active_support/tagged_logging.rb:135:in `tagged'
activesupport (7.1.3) lib/active_support/broadcast_logger.rb:240:in `method_missing'
railties (7.1.3) lib/rails/rack/logger.rb:24:in `call'
actionpack (7.1.3) lib/action_dispatch/middleware/remote_ip.rb:92:in `call'
actionpack (7.1.3) lib/action_dispatch/middleware/request_id.rb:28:in `call'
rack (3.2.3) lib/rack/runtime.rb:24:in `call'
actionpack (7.1.3) lib/action_dispatch/middleware/server_timing.rb:59:in `block in call'
actionpack (7.1.3) lib/action_dispatch/middleware/server_timing.rb:24:in `collect_events'
actionpack (7.1.3) lib/action_dispatch/middleware/server_timing.rb:58:in `call'
actionpack (7.1.3) lib/action_dispatch/middleware/executor.rb:14:in `call'
actionpack (7.1.3) lib/action_dispatch/middleware/static.rb:25:in `call'
rack (3.2.3) lib/rack/sendfile.rb:131:in `call'
actionpack (7.1.3) lib/action_dispatch/middleware/host_authorization.rb:141:in `call'
rack-cors (3.0.0) lib/rack/cors.rb:102:in `call'
railties (7.1.3) lib/rails/engine.rb:536:in `call'
puma (7.1.0) lib/puma/configuration.rb:300:in `call'
puma (7.1.0) lib/puma/request.rb:101:in `block in handle_request'
puma (7.1.0) lib/puma/thread_pool.rb:355:in `with_force_shutdown'
puma (7.1.0) lib/puma/request.rb:100:in `handle_request'
puma (7.1.0) lib/puma/server.rb:503:in `process_client'
puma (7.1.0) lib/puma/server.rb:262:in `block in run'
puma (7.1.0) lib/puma/thread_pool.rb:182:in `block in spawn_thread'
Started GET "/health/live" for 127.0.0.1 at 2025-11-12 16:38:21 +0000
  [1m[36mActiveRecord::SchemaMigration Load (0.6ms)[0m  [1m[34mSELECT "schema_migrations"."version" FROM "schema_migrations" ORDER BY "schema_migrations"."version" ASC[0m
  
ActiveRecord::PendingMigrationError (

Migrations are pending. To resolve this issue, run:

        bin/rails db:migrate

You have 1 pending migration:

db/migrate/20251112163611_add_refunds.rb


):
  
activerecord (7.1.3) lib/active_record/migration.rb:755:in `check_pending_migrations'
activerecord (7.1.3) lib/active_record/migration.rb:644:in `block (2 levels) in call'
activesupport (7.1.3) lib/active_support/file_update_checker.rb:85:in `execute'
activerecord (7.1.3) lib/active_record/migration.rb:649:in `block in call'
activerecord (7.1.3) lib/active_record/migration.rb:641:in `synchronize'
activerecord (7.1.3) lib/active_record/migration.rb:641:in `call'
actionpack (7.1.3) lib/action_dispatch/middleware/callbacks.rb:29:in `block in call'
activesupport (7.1.3) lib/active_support/callbacks.rb:101:in `run_callbacks'
actionpack (7.1.3) lib/action_dispatch/middleware/callbacks.rb:28:in `call'
actionpack (7.1.3) lib/action_dispatch/middleware/executor.rb:14:in `call'
actionpack (7.1.3) lib/action_dispatch/middleware/actionable_exceptions.rb:16:in `call'
actionpack (7.1.3) lib/action_dispatch/middleware/debug_exceptions.rb:29:in `call'
actionpack (7.1.3) lib/action_dispatch/middleware/show_exceptions.rb:31:in `call'
railties (7.1.3) lib/rails/rack/logger.rb:37:in `call_app'
railties (7.1.3) lib/rails/rack/logger.rb:24:in `block in call'
activesupport (7.1.3) lib/active_support/tagged_logging.rb:135:in `block in tagged'
activesupport (7.1.3) lib/active_support/tagged_logging.rb:39:in `tagged'
activesupport (7.1.3) lib/active_support/tagged_logging.rb:135:in `tagged'
activesupport (7.1.3) lib/active_support/broadcast_logger.rb:240:in `method_missing'
railties (7.1.3) lib/rails/rack/logger.rb:24:in `call'
actionpack (7.1.3) lib/action_dispatch/middleware/remote_ip.rb:92:in `call'
actionpack (7.1.3) lib/action_dispatch/middleware/request_id.rb:28:in `call'
rack (3.2.3) lib/rack/runtime.rb:24:in `call'
actionpack (7.1.3) lib/action_dispatch/middleware/server_timing.rb:59:in `block in call'
actionpack (7.1.3) lib/action_dispatch/middleware/server_timing.rb:24:in `collect_events'
actionpack (7.1.3) lib/action_dispatch/middleware/server_timing.rb:58:in `call'
actionpack (7.1.3) lib/action_dispatch/middleware/executor.rb:14:in `call'
actionpack (7.1.3) lib/action_dispatch/middleware/static.rb:25:in `call'
rack (3.2.3) lib/rack/sendfile.rb:131:in `call'
actionpack (7.1.3) lib/action_dispatch/middleware/host_authorization.rb:141:in `call'
rack-cors (3.0.0) lib/rack/cors.rb:102:in `call'
railties (7.1.3) lib/rails/engine.rb:536:in `call'
puma (7.1.0) lib/puma/configuration.rb:300:in `call'
puma (7.1.0) lib/puma/request.rb:101:in `block in handle_request'
puma (7.1.0) lib/puma/thread_pool.rb:355:in `with_force_shutdown'
puma (7.1.0) lib/puma/request.rb:100:in `handle_request'
puma (7.1.0) lib/puma/server.rb:503:in `process_client'
puma (7.1.0) lib/puma/server.rb:262:in `block in run'
puma (7.1.0) lib/puma/thread_pool.rb:182:in `block in spawn_thread'
Started GET "/health/live" for 127.0.0.1 at 2025-11-12 16:38:26 +0000
  [1m[36mActiveRecord::SchemaMigration Load (0.6ms)[0m  [1m[34mSELECT "schema_migrations"."version" FROM "schema_migrations" ORDER BY "schema_migrations"."version" ASC[0m
  
ActiveRecord::PendingMigrationError (

Migrations are pending. To resolve this issue, run:

        bin/rails db:migrate

You have 1 pending migration:

db/migrate/20251112163611_add_refunds.rb


):
  
activerecord (7.1.3) lib/active_record/migration.rb:755:in `check_pending_migrations'
activerecord (7.1.3) lib/active_record/migration.rb:644:in `block (2 levels) in call'
activesupport (7.1.3) lib/active_support/file_update_checker.rb:85:in `execute'
activerecord (7.1.3) lib/active_record/migration.rb:649:in `block in call'
activerecord (7.1.3) lib/active_record/migration.rb:641:in `synchronize'
activerecord (7.1.3) lib/active_record/migration.rb:641:in `call'
actionpack (7.1.3) lib/action_dispatch/middleware/callbacks.rb:29:in `block in call'
activesupport (7.1.3) lib/active_support/callbacks.rb:101:in `run_callbacks'
actionpack (7.1.3) lib/action_dispatch/middleware/callbacks.rb:28:in `call'
actionpack (7.1.3) lib/action_dispatch/middleware/executor.rb:14:in `call'
actionpack (7.1.3) lib/action_dispatch/middleware/actionable_exceptions.rb:16:in `call'
actionpack (7.1.3) lib/action_dispatch/middleware/debug_exceptions.rb:29:in `call'
actionpack (7.1.3) lib/action_dispatch/middleware/show_exceptions.rb:31:in `call'
railties (7.1.3) lib/rails/rack/logger.rb:37:in `call_app'
railties (7.1.3) lib/rails/rack/logger.rb:24:in `block in call'
activesupport (7.1.3) lib/active_support/tagged_logging.rb:135:in `block in tagged'
activesupport (7.1.3) lib/active_support/tagged_logging.rb:39:in `tagged'
activesupport (7.1.3) lib/active_support/tagged_logging.rb:135:in `tagged'
activesupport (7.1.3) lib/active_support/broadcast_logger.rb:240:in `method_missing'
railties (7.1.3) lib/rails/rack/logger.rb:24:in `call'
actionpack (7.1.3) lib/action_dispatch/middleware/remote_ip.rb:92:in `call'
actionpack (7.1.3) lib/action_dispatch/middleware/request_id.rb:28:in `call'
rack (3.2.3) lib/rack/runtime.rb:24:in `call'
actionpack (7.1.3) lib/action_dispatch/middleware/server_timing.rb:59:in `block in call'
actionpack (7.1.3) lib/action_dispatch/middleware/server_timing.rb:24:in `collect_events'
actionpack (7.1.3) lib/action_dispatch/middleware/server_timing.rb:58:in `call'
actionpack (7.1.3) lib/action_dispatch/middleware/executor.rb:14:in `call'
actionpack (7.1.3) lib/action_dispatch/middleware/static.rb:25:in `call'
rack (3.2.3) lib/rack/sendfile.rb:131:in `call'
actionpack (7.1.3) lib/action_dispatch/middleware/host_authorization.rb:141:in `call'
rack-cors (3.0.0) lib/rack/cors.rb:102:in `call'
railties (7.1.3) lib/rails/engine.rb:536:in `call'
puma (7.1.0) lib/puma/configuration.rb:300:in `call'
puma (7.1.0) lib/puma/request.rb:101:in `block in handle_request'
puma (7.1.0) lib/puma/thread_pool.rb:355:in `with_force_shutdown'
puma (7.1.0) lib/puma/request.rb:100:in `handle_request'
puma (7.1.0) lib/puma/server.rb:503:in `process_client'
puma (7.1.0) lib/puma/server.rb:262:in `block in run'
puma (7.1.0) lib/puma/thread_pool.rb:182:in `block in spawn_thread'
Started GET "/health/live" for 127.0.0.1 at 2025-11-12 16:38:31 +0000
  [1m[36mActiveRecord::SchemaMigration Load (0.6ms)[0m  [1m[34mSELECT "schema_migrations"."version" FROM "schema_migrations" ORDER BY "schema_migrations"."version" ASC[0m
  
ActiveRecord::PendingMigrationError (

Migrations are pending. To resolve this issue, run:

        bin/rails db:migrate

You have 1 pending migration:

db/migrate/20251112163611_add_refunds.rb


):
  
activerecord (7.1.3) lib/active_record/migration.rb:755:in `check_pending_migrations'
activerecord (7.1.3) lib/active_record/migration.rb:644:in `block (2 levels) in call'
activesupport (7.1.3) lib/active_support/file_update_checker.rb:85:in `execute'
activerecord (7.1.3) lib/active_record/migration.rb:649:in `block in call'
activerecord (7.1.3) lib/active_record/migration.rb:641:in `synchronize'
activerecord (7.1.3) lib/active_record/migration.rb:641:in `call'
actionpack (7.1.3) lib/action_dispatch/middleware/callbacks.rb:29:in `block in call'
activesupport (7.1.3) lib/active_support/callbacks.rb:101:in `run_callbacks'
actionpack (7.1.3) lib/action_dispatch/middleware/callbacks.rb:28:in `call'
actionpack (7.1.3) lib/action_dispatch/middleware/executor.rb:14:in `call'
actionpack (7.1.3) lib/action_dispatch/middleware/actionable_exceptions.rb:16:in `call'
actionpack (7.1.3) lib/action_dispatch/middleware/debug_exceptions.rb:29:in `call'
actionpack (7.1.3) lib/action_dispatch/middleware/show_exceptions.rb:31:in `call'
railties (7.1.3) lib/rails/rack/logger.rb:37:in `call_app'
railties (7.1.3) lib/rails/rack/logger.rb:24:in `block in call'
activesupport (7.1.3) lib/active_support/tagged_logging.rb:135:in `block in tagged'
activesupport (7.1.3) lib/active_support/tagged_logging.rb:39:in `tagged'
activesupport (7.1.3) lib/active_support/tagged_logging.rb:135:in `tagged'
activesupport (7.1.3) lib/active_support/broadcast_logger.rb:240:in `method_missing'
railties (7.1.3) lib/rails/rack/logger.rb:24:in `call'
actionpack (7.1.3) lib/action_dispatch/middleware/remote_ip.rb:92:in `call'
actionpack (7.1.3) lib/action_dispatch/middleware/request_id.rb:28:in `call'
rack (3.2.3) lib/rack/runtime.rb:24:in `call'
actionpack (7.1.3) lib/action_dispatch/middleware/server_timing.rb:59:in `block in call'
actionpack (7.1.3) lib/action_dispatch/middleware/server_timing.rb:24:in `collect_events'
actionpack (7.1.3) lib/action_dispatch/middleware/server_timing.rb:58:in `call'
actionpack (7.1.3) lib/action_dispatch/middleware/executor.rb:14:in `call'
actionpack (7.1.3) lib/action_dispatch/middleware/static.rb:25:in `call'
rack (3.2.3) lib/rack/sendfile.rb:131:in `call'
actionpack (7.1.3) lib/action_dispatch/middleware/host_authorization.rb:141:in `call'
rack-cors (3.0.0) lib/rack/cors.rb:102:in `call'
railties (7.1.3) lib/rails/engine.rb:536:in `call'
puma (7.1.0) lib/puma/configuration.rb:300:in `call'
puma (7.1.0) lib/puma/request.rb:101:in `block in handle_request'
puma (7.1.0) lib/puma/thread_pool.rb:355:in `with_force_shutdown'
puma (7.1.0) lib/puma/request.rb:100:in `handle_request'
puma (7.1.0) lib/puma/server.rb:503:in `process_client'
puma (7.1.0) lib/puma/server.rb:262:in `block in run'
puma (7.1.0) lib/puma/thread_pool.rb:182:in `block in spawn_thread'
Started GET "/health/live" for 127.0.0.1 at 2025-11-12 16:38:36 +0000
  [1m[36mActiveRecord::SchemaMigration Load (0.6ms)[0m  [1m[34mSELECT "schema_migrations"."version" FROM "schema_migrations" ORDER BY "schema_migrations"."version" ASC[0m
  
ActiveRecord::PendingMigrationError (

Migrations are pending. To resolve this issue, run:

        bin/rails db:migrate

You have 1 pending migration:

db/migrate/20251112163611_add_refunds.rb


):
  
activerecord (7.1.3) lib/active_record/migration.rb:755:in `check_pending_migrations'
activerecord (7.1.3) lib/active_record/migration.rb:644:in `block (2 levels) in call'
activesupport (7.1.3) lib/active_support/file_update_checker.rb:85:in `execute'
activerecord (7.1.3) lib/active_record/migration.rb:649:in `block in call'
activerecord (7.1.3) lib/active_record/migration.rb:641:in `synchronize'
activerecord (7.1.3) lib/active_record/migration.rb:641:in `call'
actionpack (7.1.3) lib/action_dispatch/middleware/callbacks.rb:29:in `block in call'
activesupport (7.1.3) lib/active_support/callbacks.rb:101:in `run_callbacks'
actionpack (7.1.3) lib/action_dispatch/middleware/callbacks.rb:28:in `call'
actionpack (7.1.3) lib/action_dispatch/middleware/executor.rb:14:in `call'
actionpack (7.1.3) lib/action_dispatch/middleware/actionable_exceptions.rb:16:in `call'
actionpack (7.1.3) lib/action_dispatch/middleware/debug_exceptions.rb:29:in `call'
actionpack (7.1.3) lib/action_dispatch/middleware/show_exceptions.rb:31:in `call'
railties (7.1.3) lib/rails/rack/logger.rb:37:in `call_app'
railties (7.1.3) lib/rails/rack/logger.rb:24:in `block in call'
activesupport (7.1.3) lib/active_support/tagged_logging.rb:135:in `block in tagged'
activesupport (7.1.3) lib/active_support/tagged_logging.rb:39:in `tagged'
activesupport (7.1.3) lib/active_support/tagged_logging.rb:135:in `tagged'
activesupport (7.1.3) lib/active_support/broadcast_logger.rb:240:in `method_missing'
railties (7.1.3) lib/rails/rack/logger.rb:24:in `call'
actionpack (7.1.3) lib/action_dispatch/middleware/remote_ip.rb:92:in `call'
actionpack (7.1.3) lib/action_dispatch/middleware/request_id.rb:28:in `call'
rack (3.2.3) lib/rack/runtime.rb:24:in `call'
actionpack (7.1.3) lib/action_dispatch/middleware/server_timing.rb:59:in `block in call'
actionpack (7.1.3) lib/action_dispatch/middleware/server_timing.rb:24:in `collect_events'
actionpack (7.1.3) lib/action_dispatch/middleware/server_timing.rb:58:in `call'
actionpack (7.1.3) lib/action_dispatch/middleware/executor.rb:14:in `call'
actionpack (7.1.3) lib/action_dispatch/middleware/static.rb:25:in `call'
rack (3.2.3) lib/rack/sendfile.rb:131:in `call'
actionpack (7.1.3) lib/action_dispatch/middleware/host_authorization.rb:141:in `call'
rack-cors (3.0.0) lib/rack/cors.rb:102:in `call'
railties (7.1.3) lib/rails/engine.rb:536:in `call'
puma (7.1.0) lib/puma/configuration.rb:300:in `call'
puma (7.1.0) lib/puma/request.rb:101:in `block in handle_request'
puma (7.1.0) lib/puma/thread_pool.rb:355:in `with_force_shutdown'
puma (7.1.0) lib/puma/request.rb:100:in `handle_request'
puma (7.1.0) lib/puma/server.rb:503:in `process_client'
puma (7.1.0) lib/puma/server.rb:262:in `block in run'
puma (7.1.0) lib/puma/thread_pool.rb:182:in `block in spawn_thread'
Started GET "/health/live" for 127.0.0.1 at 2025-11-12 16:38:41 +0000
  [1m[36mActiveRecord::SchemaMigration Load (0.5ms)[0m  [1m[34mSELECT "schema_migrations"."version" FROM "schema_migrations" ORDER BY "schema_migrations"."version" ASC[0m
  
ActiveRecord::PendingMigrationError (

Migrations are pending. To resolve this issue, run:

        bin/rails db:migrate

You have 1 pending migration:

db/migrate/20251112163611_add_refunds.rb


):
  
activerecord (7.1.3) lib/active_record/migration.rb:755:in `check_pending_migrations'
activerecord (7.1.3) lib/active_record/migration.rb:644:in `block (2 levels) in call'
activesupport (7.1.3) lib/active_support/file_update_checker.rb:85:in `execute'
activerecord (7.1.3) lib/active_record/migration.rb:649:in `block in call'
activerecord (7.1.3) lib/active_record/migration.rb:641:in `synchronize'
activerecord (7.1.3) lib/active_record/migration.rb:641:in `call'
actionpack (7.1.3) lib/action_dispatch/middleware/callbacks.rb:29:in `block in call'
activesupport (7.1.3) lib/active_support/callbacks.rb:101:in `run_callbacks'
actionpack (7.1.3) lib/action_dispatch/middleware/callbacks.rb:28:in `call'
actionpack (7.1.3) lib/action_dispatch/middleware/executor.rb:14:in `call'
actionpack (7.1.3) lib/action_dispatch/middleware/actionable_exceptions.rb:16:in `call'
actionpack (7.1.3) lib/action_dispatch/middleware/debug_exceptions.rb:29:in `call'
actionpack (7.1.3) lib/action_dispatch/middleware/show_exceptions.rb:31:in `call'
railties (7.1.3) lib/rails/rack/logger.rb:37:in `call_app'
railties (7.1.3) lib/rails/rack/logger.rb:24:in `block in call'
activesupport (7.1.3) lib/active_support/tagged_logging.rb:135:in `block in tagged'
activesupport (7.1.3) lib/active_support/tagged_logging.rb:39:in `tagged'
activesupport (7.1.3) lib/active_support/tagged_logging.rb:135:in `tagged'
activesupport (7.1.3) lib/active_support/broadcast_logger.rb:240:in `method_missing'
railties (7.1.3) lib/rails/rack/logger.rb:24:in `call'
actionpack (7.1.3) lib/action_dispatch/middleware/remote_ip.rb:92:in `call'
actionpack (7.1.3) lib/action_dispatch/middleware/request_id.rb:28:in `call'
rack (3.2.3) lib/rack/runtime.rb:24:in `call'
actionpack (7.1.3) lib/action_dispatch/middleware/server_timing.rb:59:in `block in call'
actionpack (7.1.3) lib/action_dispatch/middleware/server_timing.rb:24:in `collect_events'
actionpack (7.1.3) lib/action_dispatch/middleware/server_timing.rb:58:in `call'
actionpack (7.1.3) lib/action_dispatch/middleware/executor.rb:14:in `call'
actionpack (7.1.3) lib/action_dispatch/middleware/static.rb:25:in `call'
rack (3.2.3) lib/rack/sendfile.rb:131:in `call'
actionpack (7.1.3) lib/action_dispatch/middleware/host_authorization.rb:141:in `call'
rack-cors (3.0.0) lib/rack/cors.rb:102:in `call'
railties (7.1.3) lib/rails/engine.rb:536:in `call'
puma (7.1.0) lib/puma/configuration.rb:300:in `call'
puma (7.1.0) lib/puma/request.rb:101:in `block in handle_request'
puma (7.1.0) lib/puma/thread_pool.rb:355:in `with_force_shutdown'
puma (7.1.0) lib/puma/request.rb:100:in `handle_request'
puma (7.1.0) lib/puma/server.rb:503:in `process_client'
puma (7.1.0) lib/puma/server.rb:262:in `block in run'
puma (7.1.0) lib/puma/thread_pool.rb:182:in `block in spawn_thread'
Started GET "/health/live" for 127.0.0.1 at 2025-11-12 16:38:46 +0000
  [1m[36mActiveRecord::SchemaMigration Load (0.6ms)[0m  [1m[34mSELECT "schema_migrations"."version" FROM "schema_migrations" ORDER BY "schema_migrations"."version" ASC[0m
  
ActiveRecord::PendingMigrationError (

Migrations are pending. To resolve this issue, run:

        bin/rails db:migrate

You have 1 pending migration:

db/migrate/20251112163611_add_refunds.rb


):
  
activerecord (7.1.3) lib/active_record/migration.rb:755:in `check_pending_migrations'
activerecord (7.1.3) lib/active_record/migration.rb:644:in `block (2 levels) in call'
activesupport (7.1.3) lib/active_support/file_update_checker.rb:85:in `execute'
activerecord (7.1.3) lib/active_record/migration.rb:649:in `block in call'
activerecord (7.1.3) lib/active_record/migration.rb:641:in `synchronize'
activerecord (7.1.3) lib/active_record/migration.rb:641:in `call'
actionpack (7.1.3) lib/action_dispatch/middleware/callbacks.rb:29:in `block in call'
activesupport (7.1.3) lib/active_support/callbacks.rb:101:in `run_callbacks'
actionpack (7.1.3) lib/action_dispatch/middleware/callbacks.rb:28:in `call'
actionpack (7.1.3) lib/action_dispatch/middleware/executor.rb:14:in `call'
actionpack (7.1.3) lib/action_dispatch/middleware/actionable_exceptions.rb:16:in `call'
actionpack (7.1.3) lib/action_dispatch/middleware/debug_exceptions.rb:29:in `call'
actionpack (7.1.3) lib/action_dispatch/middleware/show_exceptions.rb:31:in `call'
railties (7.1.3) lib/rails/rack/logger.rb:37:in `call_app'
railties (7.1.3) lib/rails/rack/logger.rb:24:in `block in call'
activesupport (7.1.3) lib/active_support/tagged_logging.rb:135:in `block in tagged'
activesupport (7.1.3) lib/active_support/tagged_logging.rb:39:in `tagged'
activesupport (7.1.3) lib/active_support/tagged_logging.rb:135:in `tagged'
activesupport (7.1.3) lib/active_support/broadcast_logger.rb:240:in `method_missing'
railties (7.1.3) lib/rails/rack/logger.rb:24:in `call'
actionpack (7.1.3) lib/action_dispatch/middleware/remote_ip.rb:92:in `call'
actionpack (7.1.3) lib/action_dispatch/middleware/request_id.rb:28:in `call'
rack (3.2.3) lib/rack/runtime.rb:24:in `call'
actionpack (7.1.3) lib/action_dispatch/middleware/server_timing.rb:59:in `block in call'
actionpack (7.1.3) lib/action_dispatch/middleware/server_timing.rb:24:in `collect_events'
actionpack (7.1.3) lib/action_dispatch/middleware/server_timing.rb:58:in `call'
actionpack (7.1.3) lib/action_dispatch/middleware/executor.rb:14:in `call'
actionpack (7.1.3) lib/action_dispatch/middleware/static.rb:25:in `call'
rack (3.2.3) lib/rack/sendfile.rb:131:in `call'
actionpack (7.1.3) lib/action_dispatch/middleware/host_authorization.rb:141:in `call'
rack-cors (3.0.0) lib/rack/cors.rb:102:in `call'
railties (7.1.3) lib/rails/engine.rb:536:in `call'
puma (7.1.0) lib/puma/configuration.rb:300:in `call'
puma (7.1.0) lib/puma/request.rb:101:in `block in handle_request'
puma (7.1.0) lib/puma/thread_pool.rb:355:in `with_force_shutdown'
puma (7.1.0) lib/puma/request.rb:100:in `handle_request'
puma (7.1.0) lib/puma/server.rb:503:in `process_client'
puma (7.1.0) lib/puma/server.rb:262:in `block in run'
puma (7.1.0) lib/puma/thread_pool.rb:182:in `block in spawn_thread'
  [1m[35m (0.2ms)[0m  [1m[34mSELECT pg_try_advisory_lock(762905499855913785)[0m
  [1m[36mActiveRecord::SchemaMigration Load (0.6ms)[0m  [1m[34mSELECT "schema_migrations"."version" FROM "schema_migrations" ORDER BY "schema_migrations"."version" ASC[0m
  [1m[36mActiveRecord::InternalMetadata Load (0.5ms)[0m  [1m[34mSELECT * FROM "ar_internal_metadata" WHERE "ar_internal_metadata"."key" = $1 ORDER BY "ar_internal_metadata"."key" ASC LIMIT 1[0m  [[nil, "environment"]]
Migrating to AddRefunds (20251112163611)
  [1m[36mTRANSACTION (0.1ms)[0m  [1m[35mBEGIN[0m
  [1m[35m (4.9ms)[0m  [1m[35mCREATE TABLE "refunds" ("id" bigserial primary key, "amount_cents" integer NOT NULL, "currency" character varying DEFAULT 'USD' NOT NULL, "reason" character varying NOT NULL, "payments_id" bigint)[0m
  [1m[35m (1.0ms)[0m  [1m[35mCREATE INDEX "index_refunds_on_payments_id" ON "refunds" ("payments_id")[0m
  [1m[36mActiveRecord::SchemaMigration Create (0.2ms)[0m  [1m[32mINSERT INTO "schema_migrations" ("version") VALUES ('20251112163611') RETURNING "version"[0m
  [1m[36mTRANSACTION (0.8ms)[0m  [1m[35mCOMMIT[0m
  [1m[35m (0.1ms)[0m  [1m[34mSELECT pg_advisory_unlock(762905499855913785)[0m
  [1m[36mActiveRecord::SchemaMigration Load (0.1ms)[0m  [1m[34mSELECT "schema_migrations"."version" FROM "schema_migrations" ORDER BY "schema_migrations"."version" ASC[0m
Started GET "/health/live" for 127.0.0.1 at 2025-11-12 16:38:51 +0000
  [1m[36mActiveRecord::SchemaMigration Load (0.6ms)[0m  [1m[34mSELECT "schema_migrations"."version" FROM "schema_migrations" ORDER BY "schema_migrations"."version" ASC[0m
Processing by HealthController#live as */*
Completed 200 OK in 0ms (Views: 0.1ms | ActiveRecord: 0.0ms | Allocations: 123)


Started GET "/health/live" for 127.0.0.1 at 2025-11-12 16:38:56 +0000
Processing by HealthController#live as */*
Completed 200 OK in 0ms (Views: 0.1ms | ActiveRecord: 0.0ms | Allocations: 53)


Started GET "/health/live" for 127.0.0.1 at 2025-11-12 16:39:02 +0000
Processing by HealthController#live as */*
Completed 200 OK in 0ms (Views: 0.1ms | ActiveRecord: 0.0ms | Allocations: 53)


Started GET "/health/live" for 127.0.0.1 at 2025-11-12 16:39:07 +0000
Processing by HealthController#live as */*
Completed 200 OK in 0ms (Views: 0.1ms | ActiveRecord: 0.0ms | Allocations: 53)


Started GET "/health/live" for 127.0.0.1 at 2025-11-12 16:39:12 +0000
Processing by HealthController#live as */*
Completed 200 OK in 0ms (Views: 0.1ms | ActiveRecord: 0.0ms | Allocations: 53)


Started GET "/health/live" for 127.0.0.1 at 2025-11-12 16:39:17 +0000
Processing by HealthController#live as */*
Completed 200 OK in 0ms (Views: 0.1ms | ActiveRecord: 0.0ms | Allocations: 53)


  [1m[36mActiveRecord::SchemaMigration Load (0.6ms)[0m  [1m[34mSELECT "schema_migrations"."version" FROM "schema_migrations" ORDER BY "schema_migrations"."version" ASC[0m
  [1m[36mActiveRecord::SchemaMigration Load (0.1ms)[0m  [1m[34mSELECT "schema_migrations"."version" FROM "schema_migrations" ORDER BY "schema_migrations"."version" ASC[0m
  [1m[36mActiveRecord::SchemaMigration Load (0.1ms)[0m  [1m[34mSELECT "schema_migrations"."version" FROM "schema_migrations" ORDER BY "schema_migrations"."version" ASC[0m
  [1m[35m (0.1ms)[0m  [1m[34mSELECT pg_try_advisory_lock(762905499855913785)[0m
  [1m[36mActiveRecord::SchemaMigration Load (0.1ms)[0m  [1m[34mSELECT "schema_migrations"."version" FROM "schema_migrations" ORDER BY "schema_migrations"."version" ASC[0m
Migrating to AddRefunds (20251112163611)
  [1m[36mTRANSACTION (0.1ms)[0m  [1m[35mBEGIN[0m
  [1m[35m (2.4ms)[0m  [1m[35mDROP TABLE "refunds"[0m
  [1m[36mActiveRecord::SchemaMigration Destroy (0.5ms)[0m  [1m[31mDELETE FROM "schema_migrations" WHERE "schema_migrations"."version" = '20251112163611'[0m
  [1m[36mTRANSACTION (0.6ms)[0m  [1m[35mCOMMIT[0m
  [1m[35m (0.2ms)[0m  [1m[34mSELECT pg_advisory_unlock(762905499855913785)[0m
  [1m[36mActiveRecord::SchemaMigration Load (0.1ms)[0m  [1m[34mSELECT "schema_migrations"."version" FROM "schema_migrations" ORDER BY "schema_migrations"."version" ASC[0m
Started GET "/health/live" for 127.0.0.1 at 2025-11-12 16:39:22 +0000
Processing by HealthController#live as */*
Completed 200 OK in 0ms (Views: 0.1ms | ActiveRecord: 0.0ms | Allocations: 123)


Started GET "/health/live" for 127.0.0.1 at 2025-11-12 16:39:27 +0000
  [1m[36mActiveRecord::SchemaMigration Load (0.6ms)[0m  [1m[34mSELECT "schema_migrations"."version" FROM "schema_migrations" ORDER BY "schema_migrations"."version" ASC[0m
  
ActiveRecord::PendingMigrationError (

Migrations are pending. To resolve this issue, run:

        bin/rails db:migrate

You have 1 pending migration:

db/migrate/20251112163611_add_refunds.rb


):
  
activerecord (7.1.3) lib/active_record/migration.rb:755:in `check_pending_migrations'
activerecord (7.1.3) lib/active_record/migration.rb:644:in `block (2 levels) in call'
activesupport (7.1.3) lib/active_support/file_update_checker.rb:85:in `execute'
activesupport (7.1.3) lib/active_support/file_update_checker.rb:95:in `execute_if_updated'
activerecord (7.1.3) lib/active_record/migration.rb:651:in `block in call'
activerecord (7.1.3) lib/active_record/migration.rb:641:in `synchronize'
activerecord (7.1.3) lib/active_record/migration.rb:641:in `call'
actionpack (7.1.3) lib/action_dispatch/middleware/callbacks.rb:29:in `block in call'
activesupport (7.1.3) lib/active_support/callbacks.rb:101:in `run_callbacks'
actionpack (7.1.3) lib/action_dispatch/middleware/callbacks.rb:28:in `call'
actionpack (7.1.3) lib/action_dispatch/middleware/executor.rb:14:in `call'
actionpack (7.1.3) lib/action_dispatch/middleware/actionable_exceptions.rb:16:in `call'
actionpack (7.1.3) lib/action_dispatch/middleware/debug_exceptions.rb:29:in `call'
actionpack (7.1.3) lib/action_dispatch/middleware/show_exceptions.rb:31:in `call'
railties (7.1.3) lib/rails/rack/logger.rb:37:in `call_app'
railties (7.1.3) lib/rails/rack/logger.rb:24:in `block in call'
activesupport (7.1.3) lib/active_support/tagged_logging.rb:135:in `block in tagged'
activesupport (7.1.3) lib/active_support/tagged_logging.rb:39:in `tagged'
activesupport (7.1.3) lib/active_support/tagged_logging.rb:135:in `tagged'
activesupport (7.1.3) lib/active_support/broadcast_logger.rb:240:in `method_missing'
railties (7.1.3) lib/rails/rack/logger.rb:24:in `call'
actionpack (7.1.3) lib/action_dispatch/middleware/remote_ip.rb:92:in `call'
actionpack (7.1.3) lib/action_dispatch/middleware/request_id.rb:28:in `call'
rack (3.2.3) lib/rack/runtime.rb:24:in `call'
actionpack (7.1.3) lib/action_dispatch/middleware/server_timing.rb:59:in `block in call'
actionpack (7.1.3) lib/action_dispatch/middleware/server_timing.rb:24:in `collect_events'
actionpack (7.1.3) lib/action_dispatch/middleware/server_timing.rb:58:in `call'
actionpack (7.1.3) lib/action_dispatch/middleware/executor.rb:14:in `call'
actionpack (7.1.3) lib/action_dispatch/middleware/static.rb:25:in `call'
rack (3.2.3) lib/rack/sendfile.rb:131:in `call'
actionpack (7.1.3) lib/action_dispatch/middleware/host_authorization.rb:141:in `call'
rack-cors (3.0.0) lib/rack/cors.rb:102:in `call'
railties (7.1.3) lib/rails/engine.rb:536:in `call'
puma (7.1.0) lib/puma/configuration.rb:300:in `call'
puma (7.1.0) lib/puma/request.rb:101:in `block in handle_request'
puma (7.1.0) lib/puma/thread_pool.rb:355:in `with_force_shutdown'
puma (7.1.0) lib/puma/request.rb:100:in `handle_request'
puma (7.1.0) lib/puma/server.rb:503:in `process_client'
puma (7.1.0) lib/puma/server.rb:262:in `block in run'
puma (7.1.0) lib/puma/thread_pool.rb:182:in `block in spawn_thread'
  [1m[35m (0.1ms)[0m  [1m[34mSELECT pg_try_advisory_lock(762905499855913785)[0m
  [1m[36mActiveRecord::SchemaMigration Load (0.6ms)[0m  [1m[34mSELECT "schema_migrations"."version" FROM "schema_migrations" ORDER BY "schema_migrations"."version" ASC[0m
  [1m[36mActiveRecord::InternalMetadata Load (0.5ms)[0m  [1m[34mSELECT * FROM "ar_internal_metadata" WHERE "ar_internal_metadata"."key" = $1 ORDER BY "ar_internal_metadata"."key" ASC LIMIT 1[0m  [[nil, "environment"]]
Migrating to AddRefunds (20251112163611)
  [1m[36mTRANSACTION (0.1ms)[0m  [1m[35mBEGIN[0m
  [1m[35m (4.5ms)[0m  [1m[35mCREATE TABLE "refunds" ("id" bigserial primary key, "amount_cents" integer NOT NULL, "currency" character varying DEFAULT 'USD' NOT NULL, "reason" character varying NOT NULL, "payment_id" bigint)[0m
  [1m[35m (1.3ms)[0m  [1m[35mCREATE INDEX "index_refunds_on_payment_id" ON "refunds" ("payment_id")[0m
  [1m[36mActiveRecord::SchemaMigration Create (0.2ms)[0m  [1m[32mINSERT INTO "schema_migrations" ("version") VALUES ('20251112163611') RETURNING "version"[0m
  [1m[36mTRANSACTION (0.5ms)[0m  [1m[35mCOMMIT[0m
  [1m[35m (0.1ms)[0m  [1m[34mSELECT pg_advisory_unlock(762905499855913785)[0m
  [1m[36mActiveRecord::SchemaMigration Load (0.1ms)[0m  [1m[34mSELECT "schema_migrations"."version" FROM "schema_migrations" ORDER BY "schema_migrations"."version" ASC[0m
Started GET "/health/live" for 127.0.0.1 at 2025-11-12 16:39:32 +0000
  [1m[36mActiveRecord::SchemaMigration Load (0.6ms)[0m  [1m[34mSELECT "schema_migrations"."version" FROM "schema_migrations" ORDER BY "schema_migrations"."version" ASC[0m
Processing by HealthController#live as */*
Completed 200 OK in 0ms (Views: 0.1ms | ActiveRecord: 0.0ms | Allocations: 121)


Started GET "/health/live" for 127.0.0.1 at 2025-11-12 16:39:37 +0000
Processing by HealthController#live as */*
Completed 200 OK in 0ms (Views: 0.1ms | ActiveRecord: 0.0ms | Allocations: 52)


Started GET "/health/live" for 127.0.0.1 at 2025-11-12 16:39:42 +0000
Processing by HealthController#live as */*
Completed 200 OK in 0ms (Views: 0.1ms | ActiveRecord: 0.0ms | Allocations: 52)


Started GET "/health/live" for 127.0.0.1 at 2025-11-12 16:39:47 +0000
Processing by HealthController#live as */*
Completed 200 OK in 0ms (Views: 0.1ms | ActiveRecord: 0.0ms | Allocations: 52)


Started GET "/health/live" for 127.0.0.1 at 2025-11-12 16:39:52 +0000
Processing by HealthController#live as */*
Completed 200 OK in 0ms (Views: 0.1ms | ActiveRecord: 0.0ms | Allocations: 52)


Started GET "/health/live" for 127.0.0.1 at 2025-11-12 16:39:57 +0000
Processing by HealthController#live as */*
Completed 200 OK in 0ms (Views: 0.2ms | ActiveRecord: 0.0ms | Allocations: 52)


Started GET "/health/live" for 127.0.0.1 at 2025-11-12 16:40:02 +0000
Processing by HealthController#live as */*
Completed 200 OK in 0ms (Views: 0.1ms | ActiveRecord: 0.0ms | Allocations: 54)


Started GET "/health/live" for 127.0.0.1 at 2025-11-12 16:40:07 +0000
Processing by HealthController#live as */*
Completed 200 OK in 0ms (Views: 0.1ms | ActiveRecord: 0.0ms | Allocations: 53)


Started GET "/health/live" for 127.0.0.1 at 2025-11-12 16:40:13 +0000
Processing by HealthController#live as */*
Completed 200 OK in 0ms (Views: 0.1ms | ActiveRecord: 0.0ms | Allocations: 53)


Started GET "/health/live" for 127.0.0.1 at 2025-11-12 16:40:18 +0000
Processing by HealthController#live as */*
Completed 200 OK in 0ms (Views: 0.1ms | ActiveRecord: 0.0ms | Allocations: 54)


Started GET "/health/live" for 127.0.0.1 at 2025-11-12 16:40:23 +0000
Processing by HealthController#live as */*
Completed 200 OK in 0ms (Views: 0.1ms | ActiveRecord: 0.0ms | Allocations: 53)


Started GET "/health/live" for 127.0.0.1 at 2025-11-12 16:40:28 +0000
Processing by HealthController#live as */*
Completed 200 OK in 0ms (Views: 0.1ms | ActiveRecord: 0.0ms | Allocations: 53)


Started GET "/health/live" for 127.0.0.1 at 2025-11-12 16:40:33 +0000
Processing by HealthController#live as */*
Completed 200 OK in 0ms (Views: 0.1ms | ActiveRecord: 0.0ms | Allocations: 53)


